pid,jobclass,wage,gender,age_group,education,job_type
102,1,500,Male,Above 50,High School,Regular
201,1,140,Male,Above 50,High School,Non-regular
202,1,130,Female,Above 50,High School,Non-regular
401,1,500,Male,Above 50,College,Regular
403,5,200,Male,Below 30,College,Non-regular
1102,5,28,Female,Above 50,High School,Non-regular
1103,1,300,Male,30s,College,Regular
1201,1,250,Female,40s,College,Regular
1203,1,500,Male,Above 50,College,Regular
1503,1,300,Male,40s,College,Regular
1802,1,178,Female,Above 50,High School,Regular
1804,1,320,Female,40s,College,Regular
2001,1,220,Male,Above 50,High School,Non-regular
2002,1,50,Female,Above 50,High School,Non-regular
2203,5,180,Male,Below 30,College,Non-regular
3301,1,230,Male,Above 50,High School,Non-regular
3302,1,180,Female,Above 50,High School,Non-regular
3403,1,180,Male,40s,High School,Non-regular
3404,5,239,Female,30s,High School,Regular
3803,1,250,Male,Above 50,High School,Non-regular
4101,1,150,Male,Above 50,High School,Non-regular
4104,1,220,Female,30s,High School,Regular
4204,1,570,Male,40s,College,Regular
4404,1,250,Female,Below 30,College,Regular
4903,1,600,Male,Above 50,College,Regular
5003,1,380,Female,Above 50,College,Regular
5004,1,270,Female,Below 30,College,Regular
5101,5,230,Female,Above 50,College,Regular
5104,5,325,Female,40s,College,Regular
5105,1,172,Female,30s,College,Non-regular
5403,1,300,Male,30s,College,Regular
5404,1,250,Female,30s,College,Non-regular
5901,1,70,Male,Above 50,High School,Regular
6002,1,150,Female,Above 50,High School,Non-regular
6103,5,230,Female,Above 50,College,Regular
6303,5,315,Male,30s,College,Regular
6304,1,245,Female,Below 30,College,Regular
6403,1,150,Male,Above 50,College,Non-regular
6603,1,700,Male,40s,College,Regular
6703,1,205,Female,Above 50,High School,Regular
6804,1,350,Female,40s,College,Regular
6805,5,64,Male,Below 30,High School,Non-regular
7301,1,120,Male,Above 50,High School,Non-regular
7303,1,200,Male,40s,College,Regular
7502,1,200,Female,Above 50,High School,Non-regular
7503,1,150,Male,Below 30,College,Non-regular
7504,5,130,Female,Below 30,College,Non-regular
7601,1,210,Female,Above 50,High School,Regular
7603,1,100,Female,Above 50,High School,Non-regular
7904,1,630,Male,40s,College,Regular
7905,1,400,Female,40s,College,Regular
8201,1,550,Male,Above 50,College,Regular
8204,1,300,Female,40s,College,Regular
8303,1,155,Female,40s,College,Non-regular
8504,5,116,Female,40s,High School,Non-regular
8603,1,475,Male,40s,College,Regular
8701,1,242,Male,Above 50,High School,Non-regular
8801,1,255,Male,Above 50,High School,Regular
8802,1,230,Female,Above 50,High School,Regular
8803,1,230,Female,30s,High School,Non-regular
8804,5,270,Male,30s,College,Regular
9101,1,110,Male,Above 50,High School,Non-regular
9104,1,540,Male,40s,College,Regular
9202,1,400,Male,40s,College,Regular
9203,1,300,Female,30s,College,Regular
9204,1,300,Female,30s,College,Regular
9303,1,250,Female,Above 50,High School,Non-regular
9701,1,950,Male,Above 50,High School,Non-regular
9802,5,160,Female,Above 50,High School,Non-regular
9803,5,100,Female,40s,College,Non-regular
9804,5,600,Male,30s,College,Non-regular
10101,1,107,Male,Above 50,College,Non-regular
10404,1,950,Male,Above 50,College,Regular
10705,5,230,Female,30s,College,Non-regular
10803,1,390,Male,Above 50,College,Regular
10805,5,80,Female,Below 30,College,Non-regular
11302,1,70,Male,Above 50,High School,Non-regular
11305,1,300,Male,30s,College,Regular
11504,1,250,Female,30s,High School,Regular
12001,1,220,Male,Above 50,High School,Non-regular
12303,1,240,Male,40s,College,Non-regular
12304,1,240,Male,40s,High School,Non-regular
12403,5,300,Female,Below 30,College,Non-regular
12501,1,600,Female,Above 50,College,Non-regular
12502,1,560,Male,Above 50,College,Non-regular
12604,1,275,Male,40s,College,Regular
12804,1,250,Female,Above 50,High School,Non-regular
13103,1,350,Female,40s,College,Regular
13304,1,230,Female,40s,College,Regular
13403,1,320,Female,40s,College,Regular
13502,1,550,Male,40s,College,Regular
13603,5,200,Female,40s,College,Non-regular
13902,1,350,Female,Above 50,High School,Regular
13903,1,250,Female,30s,College,Non-regular
13904,1,280,Female,30s,College,Regular
14102,1,341,Male,Above 50,College,Non-regular
14202,1,500,Male,Above 50,College,Regular
14203,1,600,Female,40s,High School,Regular
14501,1,300,Male,Above 50,High School,Regular
14503,1,340,Female,40s,College,Regular
14809,1,240,Female,Above 50,College,Regular
14903,1,335,Male,30s,College,Non-regular
14904,1,400,Male,30s,College,Regular
15301,1,500,Male,Above 50,College,Regular
15502,1,190,Female,Above 50,College,Regular
15504,1,220,Female,Below 30,College,Non-regular
15601,1,450,Male,Above 50,College,Regular
15602,5,230,Female,Above 50,College,Regular
15603,1,350,Female,Below 30,College,Regular
15701,1,70,Male,Above 50,High School,Non-regular
15703,1,200,Female,Above 50,College,Non-regular
16403,1,380,Male,40s,College,Regular
16603,1,500,Male,40s,College,Regular
16703,1,500,Male,Above 50,College,Regular
16805,1,350,Female,30s,College,Regular
17002,1,100,Female,Above 50,High School,Non-regular
17004,1,250,Female,Below 30,College,Regular
17102,1,230,Male,Above 50,High School,Non-regular
17302,1,300,Female,Above 50,High School,Regular
17303,1,300,Female,30s,College,Non-regular
17304,1,230,Female,30s,College,Regular
17403,1,260,Male,30s,College,Regular
17404,5,230,Male,Below 30,College,Non-regular
17604,1,250,Female,Above 50,High School,Non-regular
18102,1,110,Female,Above 50,High School,Non-regular
18201,5,100,Male,Above 50,High School,Non-regular
18303,1,300,Male,Above 50,College,Regular
18701,5,80,Male,Above 50,High School,Non-regular
18704,1,420,Female,30s,College,Regular
18806,1,200,Female,Below 30,College,Regular
18903,1,600,Male,30s,College,Regular
19104,5,170,Female,40s,College,Non-regular
19105,1,800,Male,40s,High School,Non-regular
19401,1,200,Male,Above 50,High School,Non-regular
19402,1,110,Female,Above 50,High School,Non-regular
19405,5,130,Female,Below 30,College,Non-regular
19606,1,420,Male,40s,High School,Regular
19702,1,120,Female,Above 50,High School,Non-regular
19704,1,250,Female,30s,College,Regular
20203,1,400,Female,40s,College,Regular
20204,1,300,Female,40s,College,Regular
20301,1,480,Male,Above 50,College,Regular
20302,1,220,Female,Above 50,College,Non-regular
20403,1,350,Female,40s,College,Regular
20604,1,540,Male,40s,College,Regular
20605,1,330,Female,30s,College,Regular
21002,1,220,Female,Above 50,High School,Non-regular
21004,1,240,Female,Below 30,College,Regular
21202,1,100,Female,Above 50,High School,Non-regular
21203,1,900,Male,40s,College,Regular
21602,1,60,Female,Above 50,High School,Non-regular
21603,1,300,Male,40s,College,Regular
21903,5,230,Female,30s,High School,Regular
22001,1,200,Male,Above 50,High School,Regular
22003,1,400,Male,40s,High School,Regular
22004,1,420,Female,40s,High School,Regular
22103,1,700,Male,40s,College,Regular
23203,1,210,Male,40s,College,Regular
23501,1,29,Female,Above 50,High School,Non-regular
23705,1,400,Male,Above 50,High School,Regular
23901,1,340,Male,Above 50,High School,Regular
23902,5,130,Female,Above 50,High School,Non-regular
24001,5,230,Male,Above 50,High School,Non-regular
24101,5,320,Male,Above 50,High School,Non-regular
24102,5,300,Female,Above 50,High School,Regular
24401,1,212,Male,Above 50,College,Regular
24402,1,150,Female,Above 50,High School,Non-regular
24404,1,230,Male,30s,College,Regular
24801,1,420,Male,Above 50,College,Regular
24802,1,250,Female,Above 50,College,Regular
24804,1,280,Female,Below 30,College,Regular
25102,5,160,Female,Above 50,High School,Non-regular
25103,1,335,Female,30s,High School,Regular
25104,5,250,Male,30s,College,Non-regular
25202,1,280,Female,Above 50,College,Regular
25203,1,250,Male,Below 30,College,Regular
25603,5,78,Female,40s,High School,Non-regular
25604,1,550,Female,40s,College,Regular
25803,5,175,Male,Above 50,College,Non-regular
25901,5,285,Male,Above 50,High School,Regular
26004,1,800,Male,Above 50,College,Regular
26101,1,180,Male,Above 50,High School,Non-regular
26102,1,115,Female,Above 50,High School,Non-regular
26103,5,650,Female,40s,College,Regular
26105,1,260,Female,30s,College,Regular
26401,1,620,Male,Above 50,College,Regular
26501,1,100,Male,Above 50,High School,Non-regular
26502,1,100,Female,Above 50,High School,Non-regular
26503,1,600,Male,30s,College,Regular
26601,1,400,Male,Above 50,College,Non-regular
26603,1,400,Male,30s,College,Regular
27001,1,200,Female,Above 50,High School,Regular
27201,1,350,Male,Above 50,High School,Non-regular
27202,1,70,Female,Above 50,High School,Non-regular
27203,1,290,Female,30s,High School,Regular
27504,1,520,Male,40s,College,Regular
27702,1,70,Female,Above 50,High School,Non-regular
27704,1,200,Male,40s,High School,Non-regular
27803,1,215,Female,30s,High School,Regular
27804,1,287,Female,30s,College,Regular
27805,5,211,Female,Below 30,High School,Non-regular
27901,1,240,Female,Above 50,High School,Regular
27902,1,290,Male,Above 50,College,Regular
28003,1,600,Male,40s,College,Regular
28102,1,270,Male,Above 50,High School,Non-regular
28201,1,150,Male,Above 50,High School,Non-regular
28203,1,350,Male,Above 50,College,Non-regular
28602,1,190,Female,Above 50,High School,Non-regular
28603,1,350,Male,40s,High School,Regular
28801,1,480,Male,Above 50,College,Regular
29104,1,193,Male,30s,High School,Non-regular
29202,1,200,Female,Above 50,College,Non-regular
29203,1,405,Male,Below 30,College,Non-regular
29204,5,240,Female,Below 30,College,Regular
29601,1,700,Male,Above 50,College,Regular
29605,1,390,Female,40s,College,Regular
29704,1,650,Male,40s,College,Regular
30104,5,150,Male,30s,High School,Non-regular
30501,1,880,Male,Above 50,College,Regular
30502,1,280,Female,Above 50,High School,Regular
30504,5,230,Male,Below 30,College,Regular
30701,1,220,Male,Above 50,High School,Non-regular
30702,1,250,Female,Above 50,High School,Non-regular
30802,1,330,Male,Above 50,High School,Regular
30901,1,160,Male,Above 50,High School,Non-regular
31002,1,240,Male,Above 50,High School,Non-regular
31103,1,300,Male,Below 30,College,Regular
31302,1,280,Female,Above 50,College,Regular
31304,1,27,Female,Above 50,High School,Non-regular
31305,1,200,Female,30s,College,Non-regular
31306,1,370,Male,30s,College,Regular
31603,1,400,Male,Above 50,High School,Regular
31902,1,120,Female,Above 50,High School,Non-regular
31903,1,250,Male,30s,College,Regular
32301,1,310,Male,Above 50,High School,Non-regular
32402,1,210,Female,Above 50,High School,Regular
32602,1,600,Male,Above 50,High School,Regular
32801,5,295,Female,Above 50,High School,Regular
32802,1,300,Male,Above 50,High School,Regular
32803,1,280,Female,Above 50,High School,Non-regular
32804,1,400,Male,30s,College,Regular
32805,1,300,Male,30s,College,Non-regular
33001,1,200,Male,Above 50,High School,Regular
33003,1,200,Male,40s,High School,Regular
33104,1,480,Male,40s,College,Regular
33105,1,250,Male,40s,College,Regular
33201,1,350,Male,Above 50,High School,Non-regular
33202,1,270,Female,Above 50,High School,Non-regular
33204,1,200,Female,Above 50,High School,Non-regular
33606,1,120,Female,Above 50,High School,Non-regular
33608,1,250,Male,30s,College,Regular
33701,1,360,Male,Above 50,High School,Non-regular
33705,1,220,Female,Below 30,College,Regular
34003,1,400,Female,40s,College,Regular
34301,1,305,Male,Above 50,High School,Regular
34604,5,280,Female,Below 30,College,Non-regular
34803,1,270,Male,30s,College,Regular
35201,1,180,Male,40s,High School,Non-regular
35304,1,300,Male,40s,College,Regular
35502,1,230,Female,Above 50,High School,Regular
35503,1,230,Male,30s,College,Regular
35603,1,242,Male,Above 50,College,Regular
35801,1,338,Male,Above 50,High School,Non-regular
36103,1,350,Female,40s,College,Regular
36201,1,405,Male,Above 50,College,Non-regular
36202,1,400,Female,Above 50,College,Regular
36204,1,280,Male,Below 30,College,Regular
36302,1,340,Female,Above 50,High School,Regular
36306,1,500,Male,30s,College,Regular
36502,5,70,Female,Above 50,High School,Non-regular
36503,5,100,Female,Above 50,High School,Non-regular
36601,1,155,Male,Above 50,High School,Non-regular
36704,1,100,Male,30s,College,Non-regular
37102,1,110,Female,Above 50,High School,Non-regular
37103,1,250,Male,40s,High School,Non-regular
37203,1,200,Male,Above 50,High School,Regular
37204,1,80,Female,Above 50,College,Non-regular
37205,1,305,Male,Above 50,College,Regular
37502,1,570,Male,40s,College,Regular
37602,1,110,Female,Above 50,High School,Non-regular
37705,1,645,Male,40s,College,Regular
38102,1,29,Female,Above 50,High School,Non-regular
38104,1,450,Female,Above 50,College,Regular
38303,5,200,Female,40s,College,Non-regular
38305,1,220,Female,Above 50,High School,Regular
38402,5,32,Female,Above 50,High School,Non-regular
38403,1,400,Male,Above 50,High School,Regular
38405,1,1450,Female,Above 50,High School,Non-regular
38502,1,100,Female,Above 50,High School,Non-regular
38802,5,47,Female,Above 50,College,Non-regular
39203,1,300,Male,30s,College,Regular
39204,1,542,Male,30s,College,Regular
39301,1,300,Male,Above 50,High School,Regular
39302,1,120,Female,Above 50,High School,Non-regular
39403,1,500,Male,Above 50,College,Regular
39701,1,250,Male,Above 50,College,Regular
39903,1,380,Male,Above 50,College,Regular
40202,1,140,Female,Above 50,High School,Non-regular
40203,5,200,Female,Above 50,College,Regular
40403,1,650,Male,40s,College,Regular
41202,1,240,Female,Above 50,High School,Regular
41203,5,120,Female,Above 50,College,Non-regular
41404,1,400,Male,30s,College,Regular
41501,1,600,Male,Above 50,College,Regular
41502,1,550,Female,Above 50,College,Regular
41602,1,203,Female,Above 50,High School,Regular
41603,5,203,Female,Below 30,College,Regular
41604,5,259,Male,Below 30,High School,Regular
41801,1,270,Male,Above 50,High School,Non-regular
41804,5,240,Male,30s,High School,Non-regular
42002,1,230,Female,Above 50,High School,Regular
42003,5,300,Male,30s,High School,Regular
42004,5,230,Male,30s,College,Non-regular
42201,5,90,Female,Above 50,High School,Non-regular
42202,5,280,Male,Above 50,High School,Regular
42203,1,300,Male,30s,College,Non-regular
42401,1,500,Male,Above 50,High School,Regular
42402,5,145,Female,Above 50,High School,Non-regular
42403,1,300,Male,30s,College,Regular
42601,1,500,Male,Above 50,College,Non-regular
42701,5,202,Male,Above 50,College,Non-regular
42702,1,220,Female,Above 50,High School,Non-regular
42704,1,340,Female,30s,College,Regular
42705,1,250,Male,30s,College,Regular
42904,1,450,Male,40s,College,Non-regular
43003,1,210,Female,Above 50,High School,Regular
43004,1,100,Male,Below 30,College,Non-regular
43005,1,200,Female,Below 30,College,Regular
43203,1,1200,Male,40s,College,Regular
43402,1,260,Female,Above 50,College,Regular
43901,1,600,Male,Above 50,College,Regular
43902,1,320,Female,Above 50,High School,Regular
43903,1,300,Female,Below 30,College,Regular
43904,5,250,Female,Below 30,College,Regular
44104,5,500,Male,40s,High School,Non-regular
44304,1,480,Male,30s,College,Regular
44703,1,280,Female,Above 50,College,Regular
45101,1,135,Male,Above 50,High School,Non-regular
45401,1,30,Female,Above 50,High School,Non-regular
45802,5,145,Female,Above 50,College,Non-regular
46102,5,40,Female,Above 50,High School,Non-regular
46103,1,580,Male,40s,College,Regular
46303,1,500,Male,40s,College,Regular
46304,1,350,Male,40s,College,Regular
46503,1,660,Male,Above 50,High School,Regular
46702,1,205,Female,Above 50,High School,Regular
46703,5,180,Female,40s,College,Non-regular
46704,1,520,Male,40s,College,Regular
47103,1,230,Male,Below 30,College,Regular
47301,1,180,Male,Above 50,High School,Non-regular
47302,1,140,Female,Above 50,College,Non-regular
47304,1,380,Male,30s,College,Regular
47401,1,280,Male,Above 50,High School,Regular
47402,1,146,Female,Above 50,High School,Non-regular
47604,1,270,Female,40s,College,Regular
47605,1,700,Male,40s,College,Regular
47803,1,310,Male,Above 50,High School,Regular
48102,1,130,Female,Above 50,High School,Non-regular
48103,1,450,Male,30s,College,Regular
48302,1,315,Female,Above 50,College,Regular
48304,1,260,Male,30s,College,Non-regular
48401,1,450,Male,Above 50,College,Regular
48402,1,120,Female,Above 50,College,Non-regular
49104,1,330,Male,Above 50,High School,Regular
49305,1,570,Male,Above 50,College,Regular
49404,1,200,Male,40s,College,Non-regular
49405,1,50,Female,40s,High School,Non-regular
49501,1,550,Male,Above 50,High School,Non-regular
49504,1,200,Female,40s,College,Regular
49701,1,350,Male,Above 50,High School,Regular
49703,1,250,Male,30s,College,Regular
50104,5,250,Male,30s,College,Regular
50204,1,390,Male,30s,College,Regular
50602,1,450,Male,30s,College,Regular
50603,1,320,Female,30s,College,Regular
50702,1,335,Male,40s,College,Regular
50703,1,550,Male,40s,College,Regular
50801,1,60,Female,Above 50,High School,Non-regular
50802,1,230,Female,40s,High School,Regular
51102,1,300,Female,Above 50,High School,Regular
51103,5,320,Male,30s,College,Regular
51104,5,220,Female,30s,College,Non-regular
51502,1,220,Female,Above 50,High School,Non-regular
51504,1,200,Female,30s,High School,Non-regular
51805,1,330,Female,40s,High School,Non-regular
51902,1,70,Female,Above 50,High School,Non-regular
51903,1,500,Male,Above 50,High School,Regular
52001,1,50,Male,Above 50,High School,Non-regular
52302,1,240,Female,Above 50,College,Regular
52503,1,135,Female,40s,College,Non-regular
52504,1,55,Female,40s,College,Non-regular
52601,1,150,Male,Above 50,High School,Non-regular
52604,1,380,Male,40s,College,Regular
52803,1,150,Male,Above 50,College,Non-regular
52804,1,230,Female,Above 50,College,Regular
53003,1,100,Female,Above 50,High School,Non-regular
53101,1,300,Male,Above 50,College,Regular
53102,1,135,Female,Above 50,High School,Regular
53104,1,250,Male,30s,College,Regular
53304,1,500,Male,30s,College,Regular
53601,5,260,Male,Above 50,College,Regular
53701,1,750,Male,Above 50,College,Regular
53902,1,29,Female,Above 50,High School,Non-regular
54201,1,500,Male,Above 50,College,Regular
54203,1,200,Female,Below 30,College,Regular
55002,1,130,Female,Above 50,High School,Non-regular
55004,1,300,Male,40s,College,Regular
55103,1,400,Male,Above 50,High School,Non-regular
55202,1,180,Female,Above 50,High School,Non-regular
55203,5,130,Male,30s,College,Regular
55204,1,200,Female,30s,College,Regular
55501,1,160,Male,Above 50,High School,Non-regular
55503,1,160,Male,40s,High School,Non-regular
55704,1,200,Male,40s,College,Non-regular
55805,1,450,Male,Above 50,College,Regular
56104,1,400,Male,40s,College,Regular
56303,1,150,Female,30s,College,Non-regular
56404,5,210,Female,40s,College,Non-regular
56603,1,100,Male,30s,High School,Non-regular
56604,1,200,Female,30s,College,Regular
57204,1,200,Female,Above 50,College,Regular
57603,1,150,Male,40s,High School,Non-regular
58302,1,450,Female,Above 50,High School,Regular
58304,1,350,Male,Above 50,High School,Non-regular
58305,1,250,Male,30s,College,Non-regular
58401,1,380,Male,Above 50,High School,Regular
58402,1,165,Female,Above 50,High School,Non-regular
58403,1,110,Male,30s,College,Non-regular
58404,1,130,Female,30s,College,Regular
58501,1,400,Male,Above 50,College,Regular
58602,5,200,Female,40s,College,Non-regular
58802,1,108,Female,Above 50,College,Regular
58803,1,230,Male,Below 30,College,Regular
58804,5,200,Female,Below 30,College,Non-regular
59503,1,390,Female,40s,College,Regular
59504,1,300,Male,40s,College,Non-regular
59604,1,230,Female,30s,College,Regular
59905,1,300,Male,40s,College,Non-regular
60005,1,300,Male,30s,College,Regular
60006,1,200,Female,Below 30,College,Regular
60104,1,350,Male,Above 50,College,Regular
60703,1,600,Male,Above 50,College,Regular
60901,1,200,Male,Above 50,High School,Regular
61302,1,200,Female,Above 50,High School,Regular
61304,5,250,Male,Below 30,College,Regular
61502,1,200,Female,Above 50,High School,Non-regular
61504,1,570,Male,40s,College,Regular
61603,1,280,Female,30s,High School,Regular
61604,5,200,Female,30s,College,Regular
61605,5,320,Male,30s,High School,Regular
61703,1,400,Male,30s,College,Regular
62003,1,250,Male,40s,College,Regular
62102,1,200,Female,Above 50,High School,Regular
62103,1,250,Male,30s,College,Regular
62201,1,390,Male,Above 50,College,Regular
62203,1,197,Female,Above 50,High School,Non-regular
62205,1,225,Female,Below 30,College,Regular
62206,5,80,Female,Below 30,College,Non-regular
62402,5,40,Female,Above 50,High School,Non-regular
62504,1,300,Female,40s,College,Regular
62602,1,420,Female,Above 50,College,Regular
62604,5,375,Male,Below 30,College,Regular
62801,1,860,Male,Above 50,College,Regular
63104,1,520,Male,30s,College,Regular
63202,1,250,Male,Above 50,College,Non-regular
63203,1,150,Female,Above 50,High School,Non-regular
63403,1,710,Male,40s,College,Regular
63902,5,29,Female,Above 50,High School,Non-regular
63903,1,500,Male,Above 50,High School,Regular
63905,1,100,Female,40s,High School,Non-regular
64001,5,840,Male,Above 50,College,Regular
64103,1,150,Male,Above 50,High School,Non-regular
64104,1,80,Female,Above 50,High School,Regular
64105,5,180,Female,Below 30,High School,Non-regular
64106,1,170,Female,Below 30,High School,Regular
64301,1,20,Male,Above 50,High School,Regular
64302,1,230,Female,Above 50,High School,Regular
64701,1,350,Male,Above 50,College,Regular
64705,1,250,Female,30s,College,Regular
64801,1,190,Male,Above 50,High School,Non-regular
64802,1,80,Female,Above 50,High School,Non-regular
65003,5,200,Female,40s,College,Regular
65603,1,230,Female,Above 50,High School,Regular
65803,1,100,Female,30s,College,Non-regular
65804,5,100,Male,Below 30,College,Non-regular
66201,1,147,Male,Above 50,College,Non-regular
66703,1,160,Male,Above 50,High School,Non-regular
67104,5,300,Female,40s,High School,Regular
67202,1,200,Female,Above 50,High School,Non-regular
67203,1,300,Male,40s,College,Non-regular
67401,1,70,Male,Above 50,High School,Non-regular
67402,1,100,Female,Above 50,High School,Non-regular
67403,1,400,Female,30s,High School,Regular
67404,1,200,Male,Below 30,College,Non-regular
67502,1,220,Female,Above 50,High School,Non-regular
67601,1,350,Male,Above 50,College,Regular
67602,1,250,Female,40s,High School,Regular
67803,1,78,Female,40s,College,Non-regular
67901,1,300,Male,Above 50,College,Non-regular
67903,5,300,Female,Below 30,College,Regular
68201,1,309,Male,Above 50,High School,Non-regular
68204,1,400,Male,40s,College,Regular
68301,1,200,Female,Above 50,College,Regular
68302,1,650,Male,Above 50,College,Regular
68304,1,500,Male,Above 50,College,Regular
68405,1,500,Female,40s,College,Regular
68803,1,500,Female,30s,College,Regular
69002,5,29,Female,Above 50,High School,Non-regular
69004,1,400,Male,Above 50,High School,Regular
69006,1,400,Male,40s,High School,Regular
69007,5,90,Male,Below 30,College,Non-regular
69103,1,360,Male,40s,College,Regular
69104,1,380,Female,40s,College,Regular
69201,1,660,Male,Above 50,College,Regular
69203,5,350,Female,Below 30,College,Regular
69301,1,340,Male,Above 50,College,Non-regular
70003,1,234,Female,40s,College,Regular
70004,1,525,Female,30s,College,Regular
70101,1,620,Male,Above 50,College,Regular
70103,1,650,Male,Below 30,High School,Regular
70302,1,220,Female,Above 50,High School,Regular
70603,1,300,Female,40s,College,Regular
70604,1,220,Female,40s,High School,Regular
70702,1,300,Female,Above 50,High School,Regular
70703,1,350,Female,30s,College,Regular
71402,1,27,Female,Above 50,High School,Non-regular
71404,1,620,Male,40s,College,Regular
71504,1,430,Male,30s,College,Regular
71604,1,250,Male,40s,College,Regular
71703,1,400,Female,Above 50,College,Non-regular
71802,1,158,Female,Above 50,High School,Regular
71806,1,300,Female,30s,College,Regular
71903,5,265,Female,Above 50,College,Regular
72103,1,600,Female,40s,College,Regular
72203,5,300,Male,30s,College,Regular
72204,1,330,Male,30s,College,Regular
72502,1,300,Female,Above 50,College,Regular
72804,5,300,Female,40s,College,Regular
72805,1,400,Male,40s,College,Regular
72901,1,427,Male,40s,High School,Regular
72902,1,40,Female,40s,High School,Non-regular
73102,5,29,Female,Above 50,High School,Non-regular
73202,1,300,Male,Above 50,High School,Regular
73403,1,380,Male,30s,College,Regular
73404,1,400,Male,Below 30,College,Regular
73902,5,50,Female,Above 50,High School,Non-regular
73904,1,350,Female,30s,College,Regular
73905,1,523,Male,30s,College,Regular
74001,1,200,Male,Above 50,College,Non-regular
74003,1,290,Female,30s,College,Regular
74601,1,350,Male,Above 50,High School,Regular
74701,1,350,Male,Above 50,High School,Non-regular
74702,1,235,Male,Above 50,High School,Non-regular
74901,1,280,Male,Above 50,High School,Regular
74902,1,250,Female,Above 50,High School,Non-regular
75003,1,220,Female,Above 50,College,Regular
75301,1,230,Male,Above 50,High School,Regular
75302,1,220,Female,Above 50,High School,Non-regular
75401,1,100,Male,Above 50,High School,Non-regular
75601,1,29,Male,Above 50,High School,Non-regular
75604,1,300,Male,Above 50,High School,Regular
75703,1,250,Male,Above 50,High School,Non-regular
75801,1,180,Female,Above 50,High School,Non-regular
75902,1,350,Female,Above 50,College,Regular
75903,1,500,Female,Above 50,College,Regular
75905,1,330,Male,30s,College,Regular
76102,1,100,Female,Above 50,High School,Non-regular
76201,1,620,Male,Above 50,College,Regular
77404,1,300,Male,40s,High School,Regular
77501,1,430,Male,Above 50,College,Regular
77503,1,280,Female,30s,High School,Regular
77601,1,200,Male,Above 50,College,Non-regular
77804,5,70,Female,Above 50,College,Non-regular
77903,1,425,Male,Above 50,High School,Regular
78201,1,300,Male,Above 50,High School,Non-regular
78303,5,110,Female,Above 50,High School,Non-regular
78602,1,180,Female,Above 50,High School,Non-regular
78603,1,200,Female,30s,High School,Regular
78801,1,390,Male,Above 50,College,Regular
79002,5,75,Female,Above 50,College,Non-regular
79204,1,500,Female,30s,College,Regular
79504,1,350,Male,40s,College,Regular
79802,1,260,Female,Above 50,High School,Regular
79804,1,290,Female,30s,College,Non-regular
79805,5,200,Male,Below 30,High School,Non-regular
79901,5,150,Male,Above 50,High School,Non-regular
80001,1,290,Male,Above 50,High School,Regular
80301,5,250,Male,Above 50,College,Non-regular
80302,5,230,Female,Above 50,High School,Non-regular
80303,5,240,Male,30s,College,Regular
80304,5,145,Male,Below 30,High School,Non-regular
80403,1,200,Female,30s,High School,Regular
80404,1,200,Male,Below 30,High School,Regular
80501,1,300,Male,Above 50,High School,Non-regular
80503,1,200,Female,30s,High School,Regular
80504,1,150,Male,Below 30,College,Non-regular
80603,1,250,Male,Above 50,High School,Regular
81101,1,200,Male,Above 50,High School,Regular
81202,1,250,Female,Above 50,High School,Regular
81203,1,200,Female,Below 30,High School,Non-regular
81204,1,250,Female,Below 30,College,Regular
81502,1,70,Female,Above 50,High School,Regular
81503,1,195,Female,40s,College,Regular
81901,1,245,Male,Above 50,High School,Regular
81905,5,205,Female,Above 50,High School,Regular
82001,1,350,Male,Above 50,College,Regular
82002,1,250,Female,Above 50,College,Regular
82004,1,330,Male,Below 30,College,Regular
82103,1,360,Male,30s,College,Regular
82303,1,480,Female,30s,College,Regular
82801,1,550,Male,Above 50,College,Regular
82903,1,200,Male,Above 50,High School,Non-regular
83003,1,250,Male,40s,High School,Non-regular
83004,1,230,Male,40s,High School,Regular
83102,1,160,Female,Above 50,High School,Non-regular
83103,1,550,Male,40s,College,Regular
83104,1,280,Male,40s,College,Regular
83301,1,250,Male,Above 50,High School,Regular
83303,1,200,Male,30s,College,Regular
83806,1,200,Male,Above 50,High School,Regular
83903,5,200,Male,Below 30,College,Non-regular
84001,1,240,Male,Above 50,College,Non-regular
84002,1,290,Female,Above 50,High School,Non-regular
84003,1,250,Male,40s,College,Regular
84004,5,280,Female,30s,College,Non-regular
84403,1,300,Male,40s,College,Non-regular
84404,5,255,Female,Above 50,College,Regular
84407,1,250,Female,Below 30,College,Non-regular
84704,1,238,Female,Below 30,College,Regular
84903,5,200,Female,Below 30,College,Regular
85201,1,400,Male,Above 50,College,Non-regular
85202,1,300,Female,Above 50,College,Regular
85304,1,300,Male,40s,College,Regular
85503,1,420,Male,Above 50,College,Regular
85603,1,300,Male,Above 50,College,Regular
85705,1,400,Male,40s,College,Regular
85706,1,250,Female,30s,College,Regular
85903,5,80,Female,30s,College,Non-regular
85904,5,80,Female,Below 30,College,Non-regular
86003,1,340,Male,Above 50,High School,Non-regular
86205,5,75,Female,Above 50,High School,Non-regular
86603,1,350,Male,Above 50,College,Regular
86701,1,500,Male,Above 50,College,Regular
86802,1,300,Female,Above 50,College,Non-regular
87001,1,500,Male,Above 50,College,Regular
87004,5,230,Female,30s,College,Regular
87401,1,350,Male,Above 50,High School,Regular
87501,1,400,Male,Above 50,College,Non-regular
87502,1,272,Female,Above 50,College,Regular
87503,1,450,Male,30s,College,Regular
87602,1,85,Female,Above 50,High School,Non-regular
88003,1,150,Female,30s,College,Regular
88004,1,170,Male,30s,College,Regular
88403,1,670,Male,30s,College,Regular
88404,1,600,Male,30s,High School,Regular
88501,1,250,Male,Above 50,High School,Regular
88602,1,100,Female,Above 50,High School,Non-regular
88603,1,90,Female,Below 30,College,Non-regular
88604,5,300,Female,Below 30,College,Regular
88803,5,160,Male,40s,College,Non-regular
88901,1,200,Male,Above 50,High School,Regular
88905,1,250,Male,30s,College,Regular
89204,5,290,Male,Below 30,College,Non-regular
89403,1,112,Female,40s,College,Regular
89503,1,200,Male,40s,High School,Regular
89504,5,350,Male,40s,High School,Regular
89603,1,300,Male,40s,College,Regular
89703,1,500,Male,Above 50,High School,Regular
89704,5,220,Female,Above 50,High School,Regular
89904,5,200,Female,40s,College,Non-regular
90104,5,190,Female,30s,College,Regular
90105,1,340,Male,30s,College,Regular
90303,1,287,Male,Above 50,College,Regular
90501,1,75,Female,Above 50,High School,Non-regular
90502,1,230,Male,30s,High School,Non-regular
90503,1,200,Male,30s,High School,Regular
91101,1,300,Male,Above 50,High School,Non-regular
91102,1,200,Female,Above 50,High School,Regular
91104,5,330,Male,30s,College,Regular
91201,1,200,Male,Above 50,High School,Non-regular
91202,1,100,Female,Above 50,High School,Non-regular
91204,1,250,Female,40s,College,Regular
91205,1,200,Male,40s,College,Non-regular
91402,1,120,Female,Above 50,High School,Non-regular
91404,1,240,Male,30s,College,Non-regular
92101,1,250,Female,Above 50,College,Regular
92103,5,300,Male,40s,College,Regular
92302,1,200,Female,Above 50,High School,Non-regular
92303,1,300,Male,30s,College,Regular
92902,1,200,Female,Above 50,College,Regular
93103,1,200,Male,40s,College,Regular
93201,1,500,Male,Above 50,High School,Regular
93202,1,220,Female,Above 50,High School,Regular
93204,5,184,Male,Below 30,College,Non-regular
93406,1,200,Female,40s,High School,Non-regular
93601,1,350,Male,Above 50,High School,Regular
93602,1,150,Female,Above 50,High School,Non-regular
93604,1,220,Female,Below 30,High School,Regular
93703,1,280,Male,30s,College,Regular
93704,1,200,Female,30s,College,Regular
93904,1,400,Male,40s,College,Regular
94001,5,500,Male,Above 50,High School,Regular
94101,1,27,Male,Above 50,High School,Non-regular
94102,1,27,Female,Above 50,High School,Non-regular
94201,1,250,Female,Above 50,High School,Non-regular
94205,1,625,Male,Above 50,High School,Regular
95102,5,200,Female,Above 50,High School,Non-regular
95202,5,240,Female,Above 50,High School,Regular
95203,1,290,Female,Below 30,College,Regular
95204,5,224,Female,Below 30,College,Regular
95301,1,800,Male,Above 50,College,Regular
95502,1,180,Male,Above 50,High School,Non-regular
95604,5,220,Female,30s,High School,Regular
95605,1,190,Male,30s,College,Regular
95703,1,220,Female,40s,College,Regular
95704,1,350,Female,40s,College,Regular
95705,1,220,Male,30s,College,Regular
95805,1,200,Male,30s,College,Non-regular
96205,1,500,Female,40s,College,Regular
96803,1,445,Female,30s,College,Regular
96901,1,475,Male,Above 50,College,Regular
97203,5,200,Female,40s,High School,Non-regular
97302,5,150,Female,Above 50,High School,Non-regular
97303,5,110,Female,30s,College,Non-regular
97304,1,480,Male,Below 30,College,Regular
97503,1,340,Male,40s,High School,Regular
97601,1,450,Male,Above 50,College,Regular
97701,1,540,Male,Above 50,College,Regular
97801,1,280,Male,Above 50,High School,Non-regular
97902,1,250,Male,40s,High School,Regular
98004,1,450,Male,30s,High School,Regular
98101,5,250,Male,Above 50,College,Non-regular
98102,1,210,Female,Above 50,College,Regular
98103,1,200,Female,Below 30,College,Non-regular
98301,1,360,Male,Above 50,College,Non-regular
98303,1,800,Female,40s,College,Regular
98304,1,500,Female,30s,College,Regular
98404,1,370,Female,30s,College,Regular
98503,1,500,Male,Above 50,High School,Regular
98601,1,80,Male,Above 50,High School,Non-regular
99001,1,200,Female,Above 50,College,Regular
99002,1,330,Male,30s,College,Regular
99004,1,400,Male,Above 50,College,Regular
99101,1,270,Male,Above 50,College,Non-regular
99202,1,260,Female,Above 50,High School,Regular
99303,1,480,Male,Above 50,College,Regular
99506,1,300,Male,40s,High School,Regular
99705,5,100,Female,40s,College,Non-regular
99801,1,270,Female,Above 50,College,Non-regular
99903,1,300,Male,Above 50,High School,Non-regular
99904,1,300,Male,Above 50,High School,Non-regular
99905,1,200,Female,Below 30,College,Regular
100101,5,190,Male,Above 50,High School,Non-regular
100102,1,230,Female,Above 50,High School,Non-regular
100203,1,285,Male,Above 50,College,Regular
100206,1,250,Female,30s,College,Non-regular
100601,1,150,Male,Above 50,High School,Non-regular
100603,1,250,Female,40s,College,Regular
101003,1,240,Female,Above 50,College,Regular
101104,1,180,Female,40s,High School,Regular
101202,1,350,Female,Above 50,College,Regular
101304,1,1590,Male,40s,College,Regular
101305,1,500,Female,40s,College,Regular
101401,1,220,Male,Above 50,High School,Regular
101402,1,80,Female,Above 50,High School,Regular
101701,1,1000,Male,Above 50,College,Regular
101702,1,600,Female,Above 50,College,Regular
101703,1,330,Male,30s,College,Regular
102201,1,240,Male,Above 50,High School,Non-regular
102203,1,420,Male,30s,College,Non-regular
102503,1,250,Female,30s,College,Regular
102505,1,300,Male,30s,College,Regular
102603,1,200,Male,Below 30,College,Regular
102701,1,310,Male,Above 50,High School,Regular
102702,1,314,Female,Above 50,High School,Non-regular
102703,1,240,Female,Below 30,College,Regular
102704,5,208,Male,30s,High School,Regular
102705,1,480,Male,Below 30,College,Non-regular
102801,1,550,Male,Above 50,College,Regular
102803,1,400,Male,30s,College,Regular
102902,1,350,Female,Above 50,High School,Regular
102903,1,416,Female,30s,College,Regular
102904,1,250,Female,30s,College,Regular
103001,1,190,Male,Above 50,College,Non-regular
103101,1,300,Female,Above 50,College,Regular
103501,1,200,Male,Above 50,College,Non-regular
103805,5,600,Female,40s,High School,Non-regular
104105,1,300,Female,30s,College,Regular
104401,1,600,Male,Above 50,College,Regular
105003,1,200,Female,30s,College,Regular
105303,1,400,Male,40s,High School,Regular
105304,1,250,Female,40s,High School,Non-regular
105603,1,220,Male,Below 30,College,Regular
106003,1,300,Male,Above 50,High School,Regular
106004,5,200,Female,Above 50,College,Non-regular
106103,1,307,Male,40s,High School,Regular
106202,5,200,Female,Above 50,High School,Non-regular
106303,1,250,Male,30s,College,Regular
106602,1,200,Male,40s,High School,Regular
106705,5,390,Male,40s,College,Regular
106803,1,740,Male,40s,College,Regular
106903,1,350,Male,40s,College,Regular
107101,1,203,Male,Above 50,High School,Non-regular
107102,1,126,Female,Above 50,High School,Non-regular
107104,1,670,Female,40s,College,Regular
107404,1,750,Male,40s,College,Regular
107405,1,530,Male,40s,College,Regular
107702,1,27,Female,Above 50,High School,Non-regular
107705,1,250,Male,40s,College,Regular
107706,1,150,Female,Above 50,College,Non-regular
107903,5,220,Female,30s,College,Regular
108003,1,500,Male,Above 50,High School,Regular
108004,1,154,Female,Above 50,High School,Non-regular
108201,5,55,Male,Above 50,College,Non-regular
108301,1,200,Male,Above 50,High School,Non-regular
108303,1,180,Female,Below 30,College,Regular
108304,1,250,Male,Below 30,College,Non-regular
108801,1,240,Male,Above 50,High School,Non-regular
108803,1,350,Male,Below 30,College,Regular
108804,5,80,Male,Below 30,High School,Non-regular
109001,1,340,Female,Above 50,College,Regular
109201,1,380,Male,Above 50,High School,Non-regular
109301,1,100,Male,Above 50,College,Regular
109302,1,50,Female,Above 50,College,Non-regular
109401,1,600,Male,Above 50,High School,Regular
109404,1,200,Female,Below 30,College,Regular
109703,5,360,Male,40s,College,Regular
109704,1,500,Male,40s,College,Regular
109707,1,330,Female,40s,College,Regular
110202,1,240,Female,Above 50,High School,Regular
110203,5,260,Female,30s,College,Regular
110204,1,200,Female,30s,College,Regular
110304,5,375,Male,30s,College,Regular
110503,1,250,Male,30s,College,Regular
110504,1,300,Male,30s,College,Regular
110604,1,290,Female,30s,College,Regular
110605,1,150,Male,30s,College,Regular
110705,1,610,Male,Above 50,College,Regular
110803,1,160,Male,Above 50,High School,Non-regular
110804,1,250,Male,40s,High School,Regular
110902,1,160,Female,Above 50,High School,Regular
110903,1,92,Female,30s,High School,Non-regular
112104,1,250,Female,30s,College,Non-regular
112309,1,280,Male,Above 50,College,Non-regular
113103,5,150,Male,40s,College,Non-regular
114002,1,300,Female,Above 50,College,Regular
114003,5,300,Male,Below 30,College,Regular
114102,5,260,Female,Above 50,High School,Non-regular
114103,1,300,Male,40s,College,Regular
114104,1,500,Male,30s,College,Regular
114201,5,200,Male,Above 50,College,Non-regular
114205,1,300,Male,40s,College,Regular
114303,1,800,Male,40s,College,Regular
114503,1,210,Male,40s,College,Regular
114504,1,160,Female,40s,College,Regular
115104,5,345,Female,40s,College,Non-regular
115204,1,250,Male,Above 50,High School,Non-regular
115502,1,200,Female,Above 50,High School,Non-regular
116102,1,79,Female,Above 50,High School,Non-regular
116103,1,260,Male,Above 50,College,Regular
117201,1,733,Female,Above 50,College,Regular
117504,1,300,Male,Above 50,College,Regular
118304,1,400,Female,Below 30,College,Regular
118502,1,85,Female,Above 50,High School,Non-regular
118503,1,280,Male,Above 50,College,Non-regular
118506,1,250,Female,40s,High School,Regular
118604,5,200,Male,Above 50,College,Regular
118606,1,350,Female,40s,College,Non-regular
118703,1,210,Female,Below 30,College,Non-regular
118704,1,203,Female,Below 30,College,Regular
118804,1,390,Male,40s,High School,Regular
119104,1,523,Male,40s,College,Regular
119503,1,200,Female,30s,College,Regular
119603,1,27,Male,Above 50,High School,Non-regular
119604,1,155,Female,Above 50,High School,Non-regular
120104,1,223,Male,40s,College,Regular
120404,1,400,Female,40s,College,Regular
120502,1,130,Female,Above 50,College,Non-regular
120503,1,260,Male,30s,College,Non-regular
120803,1,500,Male,40s,College,Regular
121004,1,245,Male,Below 30,High School,Non-regular
121303,1,1000,Male,Above 50,College,Regular
121306,5,390,Female,Below 30,College,Regular
121307,1,430,Male,Below 30,High School,Regular
121401,1,40,Male,Above 50,College,Non-regular
121503,1,400,Female,40s,College,Regular
121701,1,100,Female,Above 50,College,Non-regular
121703,1,520,Female,40s,College,Regular
121801,1,190,Male,Above 50,College,Non-regular
121804,1,420,Female,40s,College,Regular
121902,1,150,Female,Above 50,High School,Non-regular
122101,1,150,Male,Above 50,College,Non-regular
122201,1,270,Male,Above 50,High School,Regular
122202,1,240,Female,Above 50,High School,Regular
122203,5,250,Female,30s,College,Regular
122404,1,280,Male,30s,College,Non-regular
122503,1,270,Male,30s,College,Regular
122601,1,220,Male,Above 50,High School,Non-regular
122602,1,30,Female,Above 50,High School,Non-regular
122703,1,270,Male,40s,College,Non-regular
122901,1,370,Male,Above 50,College,Regular
122902,1,275,Female,Above 50,High School,Regular
123301,1,200,Male,Above 50,High School,Non-regular
123303,1,300,Male,40s,College,Regular
123501,1,30,Male,Above 50,High School,Non-regular
123502,1,30,Female,Above 50,High School,Non-regular
124201,5,300,Male,Above 50,High School,Non-regular
124202,1,68,Female,Above 50,High School,Non-regular
124602,1,300,Female,Above 50,College,Regular
124703,1,700,Male,30s,College,Regular
124704,1,300,Male,30s,College,Regular
124706,1,300,Female,30s,College,Regular
124801,1,150,Male,Above 50,High School,Non-regular
124805,1,370,Male,40s,College,Regular
124901,1,240,Male,Above 50,High School,Non-regular
124902,1,203,Female,Above 50,High School,Non-regular
124903,1,287,Male,30s,College,Non-regular
125401,5,96,Female,Above 50,High School,Non-regular
125402,1,300,Male,Above 50,College,Regular
125701,1,400,Male,Above 50,High School,Non-regular
125704,1,280,Female,30s,College,Regular
125803,1,250,Female,Above 50,College,Regular
126101,5,27,Female,Above 50,High School,Non-regular
126402,1,200,Female,Above 50,High School,Regular
126404,1,230,Female,Below 30,High School,Non-regular
126405,5,260,Male,Below 30,College,Non-regular
126406,5,200,Male,Below 30,College,Non-regular
126704,1,310,Male,40s,College,Regular
127605,1,270,Female,40s,College,Regular
127701,1,230,Male,Above 50,College,Regular
127802,1,230,Female,Above 50,College,Regular
128001,1,920,Male,Above 50,College,Regular
128102,5,78,Female,Above 50,College,Non-regular
128201,1,365,Male,Above 50,High School,Non-regular
128202,1,222,Female,Above 50,High School,Non-regular
128401,1,200,Male,Above 50,College,Non-regular
128702,1,170,Female,Above 50,High School,Non-regular
128704,1,380,Male,Above 50,College,Regular
128804,1,650,Male,40s,College,Regular
129103,1,600,Male,Above 50,College,Regular
129104,1,360,Female,40s,College,Regular
129302,1,145,Female,Above 50,High School,Non-regular
129305,1,240,Male,30s,College,Regular
129401,1,230,Male,Above 50,College,Non-regular
129402,1,84,Female,Above 50,High School,Non-regular
129404,1,330,Male,30s,College,Regular
129503,1,350,Male,40s,College,Regular
129601,1,75,Female,Above 50,College,Non-regular
129603,1,570,Female,40s,College,Regular
130003,1,600,Female,40s,College,Regular
130401,1,90,Male,Above 50,College,Non-regular
130404,1,475,Male,40s,College,Regular
130502,1,126,Male,Above 50,College,Non-regular
130504,1,146,Female,30s,College,Non-regular
130602,1,230,Female,Above 50,College,Regular
130701,1,210,Male,Above 50,College,Non-regular
130702,1,160,Female,Above 50,High School,Non-regular
130703,1,220,Female,Above 50,High School,Regular
130705,5,300,Male,30s,College,Regular
130804,1,530,Male,40s,College,Regular
130805,1,350,Female,40s,High School,Regular
130901,1,500,Male,Above 50,College,Regular
132202,1,330,Female,Above 50,College,Regular
132203,1,200,Male,Above 50,College,Regular
132703,1,60,Female,Above 50,High School,Non-regular
133003,1,600,Male,Above 50,College,Regular
133102,5,29,Female,Above 50,High School,Non-regular
133103,1,325,Male,40s,High School,Regular
133504,1,67,Female,40s,High School,Non-regular
133803,1,712,Male,Above 50,College,Regular
133804,1,330,Female,Above 50,College,Regular
133903,1,500,Male,Above 50,College,Regular
134103,1,130,Male,Above 50,College,Non-regular
134202,1,200,Female,Above 50,High School,Non-regular
134402,1,210,Female,Above 50,High School,Regular
134701,1,350,Male,Above 50,College,Regular
134702,1,250,Female,Above 50,College,Regular
134801,1,35,Male,Above 50,High School,Non-regular
134804,5,110,Female,Above 50,College,Non-regular
135203,1,700,Male,40s,College,Regular
135503,1,250,Male,30s,College,Regular
135804,1,350,Female,Below 30,College,Regular
136001,1,500,Male,Above 50,High School,Regular
136003,1,250,Female,40s,College,Regular
136004,1,475,Male,40s,College,Regular
136203,1,475,Male,40s,College,Regular
136204,1,382,Female,40s,College,Regular
136802,1,200,Female,Above 50,High School,Regular
136803,1,350,Male,40s,College,Regular
136804,1,515,Male,40s,College,Regular
136903,1,400,Female,40s,College,Regular
137304,1,625,Male,Above 50,College,Regular
137502,1,100,Female,Above 50,High School,Non-regular
137902,5,400,Female,Above 50,High School,Regular
138104,1,340,Female,40s,College,Regular
138105,1,320,Female,30s,College,Non-regular
138203,1,200,Female,Above 50,High School,Regular
138204,5,95,Female,Below 30,College,Non-regular
138304,1,340,Female,30s,College,Regular
138403,1,370,Male,40s,College,Regular
139402,1,200,Female,40s,High School,Regular
139404,5,220,Female,40s,College,Regular
139504,1,130,Male,30s,High School,Non-regular
140002,1,29,Female,Above 50,High School,Non-regular
140105,1,300,Male,40s,College,Regular
140401,1,360,Male,Above 50,High School,Regular
140402,1,583,Female,40s,College,Regular
140501,1,29,Male,Above 50,High School,Non-regular
140502,5,29,Female,Above 50,High School,Non-regular
140803,5,185,Female,40s,College,Non-regular
140804,1,400,Male,40s,College,Regular
140902,1,29,Female,Above 50,High School,Non-regular
141001,5,29,Female,Above 50,High School,Non-regular
141002,1,180,Male,40s,High School,Non-regular
141202,1,165,Female,Above 50,High School,Non-regular
141401,1,29,Female,Above 50,High School,Non-regular
141605,1,320,Male,40s,College,Regular
141701,1,200,Male,Above 50,High School,Non-regular
141704,1,350,Male,40s,College,Regular
141902,1,230,Female,Above 50,College,Regular
141903,1,420,Male,30s,College,Regular
142203,1,200,Female,Above 50,College,Non-regular
142502,1,29,Female,Above 50,High School,Non-regular
142503,1,390,Male,Above 50,High School,Regular
142504,1,200,Male,Above 50,High School,Non-regular
142703,1,180,Male,Above 50,High School,Non-regular
143301,1,400,Male,Above 50,High School,Non-regular
143303,1,435,Male,40s,College,Regular
143304,1,380,Male,40s,College,Regular
143603,1,350,Male,Above 50,College,Regular
143702,1,200,Female,Above 50,High School,Regular
143703,1,1000,Male,30s,College,Regular
143704,5,600,Male,30s,College,Regular
143901,1,180,Female,Above 50,High School,Non-regular
143902,1,320,Female,40s,College,Regular
143903,1,520,Male,40s,High School,Non-regular
144401,1,29,Female,Above 50,High School,Non-regular
144803,1,420,Male,40s,College,Regular
145101,1,80,Male,Above 50,High School,Non-regular
145303,1,1100,Male,Above 50,College,Regular
146402,5,73,Female,Above 50,High School,Non-regular
146702,1,220,Male,Above 50,High School,Non-regular
146703,1,400,Male,Above 50,High School,Regular
146704,1,160,Female,Above 50,High School,Non-regular
146705,1,230,Male,Below 30,High School,Non-regular
146706,1,165,Female,Above 50,High School,Non-regular
146708,1,270,Male,30s,College,Regular
146901,1,250,Male,Above 50,High School,Regular
147002,1,200,Female,Above 50,High School,Non-regular
147102,1,187,Female,Above 50,High School,Regular
147104,1,270,Female,30s,College,Regular
147402,5,29,Female,Above 50,High School,Non-regular
147504,1,160,Female,Above 50,High School,Non-regular
147603,1,250,Male,Below 30,College,Non-regular
147604,5,260,Female,Below 30,College,Regular
147802,1,220,Female,Above 50,High School,Regular
147803,1,250,Male,30s,College,Regular
147804,5,210,Male,Below 30,College,Regular
148003,1,580,Male,40s,College,Regular
148302,5,390,Female,Above 50,College,Non-regular
148303,5,210,Female,Below 30,College,Regular
148502,1,52,Female,Above 50,High School,Non-regular
148503,1,380,Male,40s,College,Regular
148504,5,120,Female,40s,High School,Non-regular
148704,1,340,Female,40s,College,Regular
148705,1,350,Male,40s,College,Regular
148805,1,120,Female,Below 30,High School,Non-regular
149101,1,320,Male,Above 50,High School,Non-regular
149102,5,180,Female,Above 50,High School,Regular
149203,1,300,Male,Above 50,High School,Non-regular
149205,1,250,Female,Below 30,College,Regular
149302,1,150,Female,Above 50,High School,Regular
149304,1,270,Male,Below 30,College,Regular
149402,5,140,Female,Above 50,High School,Non-regular
149403,1,120,Female,40s,High School,Non-regular
149404,1,170,Female,40s,High School,Non-regular
149405,1,400,Male,40s,High School,Regular
149904,1,62,Female,Above 50,High School,Non-regular
150203,1,150,Male,30s,College,Non-regular
150604,5,388,Male,40s,High School,Non-regular
151002,1,360,Male,40s,College,Regular
151003,1,270,Female,40s,College,Regular
151305,1,170,Female,Above 50,High School,Regular
151306,1,280,Male,Below 30,College,Regular
151307,1,250,Male,Below 30,College,Regular
151404,1,420,Male,40s,College,Regular
151701,1,380,Male,Above 50,High School,Non-regular
151703,1,180,Male,30s,College,Non-regular
151803,1,400,Male,Above 50,College,Non-regular
151804,1,300,Female,Above 50,High School,Non-regular
151810,1,50,Female,40s,College,Non-regular
152302,1,250,Female,Above 50,High School,Regular
152303,1,240,Male,Below 30,High School,Regular
152403,1,840,Male,40s,College,Regular
152404,1,520,Male,40s,College,Regular
152602,1,220,Female,Above 50,High School,Non-regular
152604,5,85,Female,40s,High School,Non-regular
152705,5,250,Male,Below 30,College,Non-regular
152805,1,400,Male,30s,College,Regular
153003,1,280,Female,40s,College,Non-regular
153103,5,60,Male,Above 50,College,Non-regular
153203,1,700,Male,Above 50,College,Regular
153303,1,680,Male,40s,College,Regular
153304,1,380,Male,40s,College,Regular
153403,1,70,Female,40s,College,Regular
153404,1,750,Male,40s,College,Regular
153502,1,164,Female,Above 50,High School,Non-regular
153504,1,335,Female,40s,College,Non-regular
153604,1,1000,Male,40s,College,Regular
154003,1,500,Male,40s,College,Regular
154102,5,68,Female,Above 50,High School,Non-regular
154103,1,450,Female,30s,College,Regular
154104,1,600,Male,30s,College,Regular
154401,1,170,Male,Above 50,High School,Non-regular
154403,1,110,Female,40s,College,Non-regular
154404,1,610,Male,40s,College,Regular
154502,1,180,Female,Above 50,High School,Non-regular
154504,1,320,Male,40s,College,Regular
154803,1,350,Male,Above 50,High School,Regular
154804,1,500,Male,Above 50,College,Regular
155001,1,200,Male,Above 50,High School,Regular
155302,1,68,Female,Above 50,High School,Non-regular
155303,1,230,Female,30s,College,Regular
155305,1,260,Female,Below 30,College,Regular
155503,1,350,Male,40s,College,Regular
155703,1,300,Male,40s,College,Regular
155802,1,300,Male,Above 50,College,Non-regular
156303,1,300,Female,40s,High School,Regular
156304,1,600,Male,40s,College,Regular
156305,1,230,Male,40s,College,Regular
156404,1,260,Male,Above 50,High School,Non-regular
156405,1,300,Female,30s,College,Regular
156407,1,160,Female,Above 50,High School,Non-regular
156602,1,550,Male,Above 50,College,Regular
156603,5,70,Female,Below 30,College,Non-regular
156802,1,100,Female,Above 50,High School,Non-regular
156803,1,170,Female,40s,High School,Non-regular
156804,1,200,Female,40s,College,Regular
156805,1,360,Male,40s,High School,Non-regular
157003,1,380,Male,40s,College,Regular
157004,5,360,Male,30s,High School,Regular
157005,1,100,Male,Above 50,High School,Non-regular
157104,5,300,Male,40s,High School,Regular
157204,1,290,Male,40s,High School,Regular
157504,1,380,Male,30s,College,Regular
157702,1,100,Female,Above 50,High School,Non-regular
157704,1,700,Male,40s,College,Regular
157803,1,200,Male,Above 50,College,Regular
157902,1,220,Female,Above 50,High School,Non-regular
157903,1,300,Male,30s,High School,Non-regular
158001,1,100,Male,Above 50,High School,Non-regular
158002,1,150,Female,Above 50,High School,Non-regular
158003,1,450,Female,30s,College,Regular
158005,1,230,Female,Below 30,College,Regular
158101,1,400,Male,Above 50,High School,Non-regular
158103,1,180,Female,40s,College,Non-regular
158201,1,407,Male,Above 50,High School,Non-regular
158202,5,180,Female,Above 50,High School,Non-regular
158203,5,320,Male,Below 30,College,Regular
158301,1,200,Male,Above 50,High School,Non-regular
158304,1,230,Male,30s,College,Regular
158803,1,300,Female,40s,High School,Non-regular
158901,1,330,Male,Above 50,High School,Regular
159003,1,400,Male,30s,College,Regular
159004,1,350,Male,30s,College,Regular
159201,1,198,Male,Above 50,College,Non-regular
159202,1,300,Female,Above 50,College,Non-regular
159203,1,380,Female,30s,College,Regular
159205,1,250,Male,30s,College,Non-regular
159301,5,200,Male,Above 50,High School,Non-regular
159303,1,250,Female,Below 30,College,Regular
159602,1,140,Female,Above 50,High School,Non-regular
159603,1,200,Female,40s,High School,Non-regular
159802,5,29,Female,Above 50,High School,Non-regular
159803,1,400,Male,40s,College,Regular
159804,1,650,Male,40s,College,Regular
159902,5,29,Female,Above 50,High School,Non-regular
159904,1,600,Male,40s,College,Regular
159905,5,200,Female,30s,College,Non-regular
160202,5,300,Male,Above 50,College,Regular
160203,1,500,Male,Above 50,College,Regular
160302,1,200,Female,Above 50,High School,Regular
160401,5,76,Male,Above 50,High School,Non-regular
160403,1,70,Female,40s,College,Non-regular
160502,1,29,Female,Above 50,High School,Non-regular
160503,5,96,Female,40s,High School,Non-regular
160505,1,270,Female,40s,High School,Regular
160506,1,200,Female,30s,College,Non-regular
160601,1,276,Male,Above 50,High School,Non-regular
160603,1,100,Female,40s,High School,Non-regular
160701,5,545,Male,Above 50,High School,Non-regular
160702,1,75,Female,40s,College,Non-regular
161002,1,200,Female,Above 50,High School,Regular
161004,1,300,Male,30s,College,Regular
161101,5,226,Female,Above 50,High School,Non-regular
161401,1,27,Male,Above 50,High School,Non-regular
161701,5,300,Male,Above 50,College,Non-regular
161801,1,100,Male,Above 50,College,Non-regular
161802,1,250,Female,Above 50,High School,Regular
161903,1,570,Female,Above 50,College,Regular
162102,1,140,Female,Above 50,High School,Non-regular
162103,1,300,Female,30s,College,Non-regular
162302,1,200,Female,Above 50,High School,Regular
162303,1,583,Male,30s,College,Regular
162901,1,70,Female,Above 50,High School,Non-regular
162903,1,210,Female,40s,High School,Regular
162904,1,400,Female,30s,High School,Non-regular
163003,1,290,Male,30s,College,Regular
163004,1,270,Male,Below 30,College,Regular
163102,1,128,Female,Above 50,High School,Non-regular
163105,1,460,Male,40s,College,Regular
163202,1,500,Male,Above 50,High School,Regular
163403,1,370,Male,30s,College,Regular
163601,1,120,Male,Above 50,High School,Non-regular
163602,1,350,Male,40s,High School,Regular
163603,5,300,Male,30s,High School,Regular
163701,1,450,Male,Above 50,High School,Non-regular
163702,5,90,Female,Above 50,High School,Non-regular
163703,5,40,Male,Below 30,College,Non-regular
163903,5,270,Female,40s,High School,Regular
163904,1,370,Male,40s,College,Regular
163905,1,150,Female,40s,College,Non-regular
164101,1,250,Male,Above 50,High School,Non-regular
164103,1,320,Female,30s,High School,Non-regular
164401,1,195,Male,Above 50,High School,Non-regular
164403,5,500,Male,40s,College,Regular
164701,5,70,Male,Above 50,College,Non-regular
164702,1,98,Female,Above 50,High School,Non-regular
164903,1,400,Male,40s,College,Regular
165103,5,168,Male,40s,High School,Non-regular
165104,1,290,Male,Above 50,High School,Non-regular
165401,1,350,Male,Above 50,High School,Regular
165604,1,300,Female,30s,College,Regular
165802,1,82,Female,Above 50,High School,Non-regular
165902,1,120,Female,Above 50,High School,Non-regular
166002,1,300,Female,Above 50,High School,Regular
166003,1,300,Male,30s,College,Regular
166004,1,300,Female,30s,College,Regular
166201,1,700,Male,Above 50,High School,Regular
166404,1,240,Male,40s,College,Non-regular
166902,1,29,Female,Above 50,High School,Non-regular
166903,1,280,Female,Above 50,College,Regular
166906,1,380,Male,40s,College,Regular
167203,1,350,Male,40s,College,Regular
167204,1,750,Female,40s,College,Regular
167301,1,190,Male,Above 50,High School,Regular
167302,1,140,Female,Above 50,High School,Non-regular
167401,1,250,Male,Above 50,High School,Regular
167405,1,210,Female,Below 30,College,Regular
167503,1,110,Female,Above 50,High School,Non-regular
167603,5,500,Male,40s,College,Regular
167701,1,325,Male,Above 50,High School,Regular
167801,1,29,Female,Above 50,High School,Non-regular
168001,1,317,Male,Above 50,High School,Non-regular
168002,1,130,Female,Above 50,High School,Non-regular
168004,5,300,Female,Below 30,High School,Non-regular
168502,1,350,Female,Above 50,High School,Regular
168503,1,255,Female,Below 30,College,Regular
168504,1,280,Male,Below 30,College,Non-regular
168801,1,136,Male,Above 50,High School,Non-regular
168802,5,216,Female,Above 50,High School,Non-regular
168803,1,270,Female,30s,College,Regular
168804,1,220,Female,30s,College,Regular
168901,1,180,Male,Above 50,High School,Non-regular
169001,1,300,Male,Above 50,High School,Regular
169002,1,195,Female,Above 50,High School,Non-regular
169101,1,250,Male,Above 50,High School,Regular
169103,1,350,Male,Below 30,High School,Regular
169104,1,185,Female,Below 30,College,Regular
169901,1,330,Male,Above 50,High School,Non-regular
169903,5,287,Female,40s,College,Regular
169904,5,350,Male,40s,High School,Regular
170301,1,300,Male,Above 50,High School,Non-regular
170302,1,180,Female,Above 50,High School,Non-regular
170403,1,580,Male,40s,College,Regular
170404,1,400,Male,40s,College,Regular
170701,1,670,Male,Above 50,High School,Regular
170804,1,330,Male,40s,College,Regular
170901,1,380,Male,Above 50,College,Regular
171002,5,200,Female,Above 50,High School,Regular
171004,1,300,Male,40s,High School,Non-regular
171804,1,300,Male,40s,College,Regular
171905,1,480,Female,Above 50,College,Regular
172403,1,400,Male,30s,High School,Regular
172404,1,200,Female,Below 30,High School,Regular
172501,1,70,Male,Above 50,High School,Non-regular
172502,1,200,Female,Above 50,High School,Non-regular
172504,5,250,Female,40s,College,Non-regular
172505,1,550,Male,40s,College,Regular
172602,1,400,Male,Above 50,High School,Regular
173104,1,500,Male,30s,High School,Regular
173202,1,80,Female,Above 50,High School,Non-regular
173203,1,270,Male,40s,College,Regular
173204,5,300,Male,30s,High School,Regular
173405,1,350,Male,40s,High School,Regular
173901,1,200,Male,Above 50,High School,Non-regular
173904,1,430,Male,40s,College,Regular
174003,1,210,Male,30s,College,Regular
174004,1,260,Female,30s,College,Regular
174201,1,47,Female,Above 50,High School,Non-regular
174202,1,350,Male,40s,College,Non-regular
174203,1,100,Male,Above 50,High School,Non-regular
174204,1,120,Female,40s,College,Non-regular
174303,1,343,Female,30s,College,Regular
174304,1,250,Male,30s,College,Non-regular
174504,1,270,Male,Below 30,College,Regular
174603,1,300,Female,30s,College,Regular
174803,1,440,Male,Above 50,College,Non-regular
174804,1,350,Male,Above 50,High School,Regular
175107,1,250,Male,Below 30,College,Regular
175401,1,350,Male,Above 50,High School,Non-regular
175402,1,250,Female,Above 50,High School,Non-regular
175504,1,550,Male,40s,College,Regular
175801,1,250,Male,Above 50,High School,Regular
175802,5,200,Female,Above 50,High School,Non-regular
175803,1,400,Female,30s,College,Regular
175805,1,400,Male,30s,College,Regular
175901,1,280,Male,Above 50,High School,Non-regular
175902,1,170,Female,Above 50,High School,Non-regular
175903,1,320,Male,40s,College,Non-regular
176203,1,330,Male,Above 50,College,Regular
176204,1,470,Female,40s,College,Regular
176301,1,250,Male,Above 50,College,Non-regular
176302,1,700,Female,Above 50,College,Regular
176303,1,230,Female,30s,College,Regular
176701,1,280,Male,Above 50,College,Non-regular
176702,1,730,Female,Above 50,College,Regular
176703,1,350,Female,Below 30,College,Regular
176704,1,350,Female,Below 30,College,Regular
176901,1,500,Male,Above 50,College,Non-regular
176903,1,800,Male,40s,College,Regular
176905,1,406,Male,40s,College,Regular
177001,1,1000,Male,Above 50,College,Regular
177003,5,866,Male,Below 30,College,Regular
177404,1,700,Male,Above 50,College,Regular
177802,1,300,Female,Above 50,High School,Regular
177803,1,400,Female,30s,College,Regular
177804,1,400,Female,30s,College,Regular
177805,1,320,Male,30s,College,Regular
177906,1,400,Male,30s,College,Non-regular
179302,1,32,Female,Above 50,High School,Non-regular
179303,1,1000,Male,40s,College,Regular
179304,1,300,Female,40s,College,Regular
179403,1,500,Male,Above 50,College,Regular
179601,1,300,Male,Above 50,High School,Non-regular
179603,1,300,Male,30s,College,Regular
179802,5,30,Female,Above 50,High School,Non-regular
179803,1,320,Male,40s,College,Regular
179804,1,350,Male,40s,College,Regular
180203,1,260,Female,30s,College,Regular
180204,5,200,Female,Below 30,College,Regular
180205,1,200,Male,Below 30,College,Regular
180302,1,370,Male,40s,College,Non-regular
180503,1,550,Female,40s,College,Regular
180701,1,300,Male,Above 50,High School,Non-regular
180703,1,280,Male,30s,College,Regular
181003,1,400,Male,30s,College,Regular
181203,1,150,Female,Above 50,High School,Non-regular
181205,1,230,Male,30s,High School,Regular
181602,1,250,Female,Above 50,High School,Regular
181604,1,500,Male,30s,College,Regular
181702,1,155,Female,Above 50,High School,Non-regular
181705,1,250,Male,30s,High School,Regular
181901,1,50,Female,Above 50,High School,Non-regular
181902,1,200,Female,40s,High School,Regular
182002,1,110,Female,Above 50,High School,Non-regular
182101,1,120,Male,Above 50,High School,Non-regular
182102,1,220,Female,Above 50,High School,Non-regular
182103,5,280,Female,30s,College,Regular
182204,1,145,Female,30s,High School,Non-regular
182205,1,350,Male,30s,College,Regular
182301,1,150,Male,Above 50,College,Non-regular
182302,1,400,Female,Above 50,College,Non-regular
182303,5,280,Female,Below 30,College,Non-regular
182304,1,250,Male,Below 30,College,Regular
182401,1,29,Male,Above 50,High School,Non-regular
182601,1,350,Male,Above 50,High School,Non-regular
182603,1,190,Female,40s,College,Non-regular
182801,1,60,Male,Above 50,High School,Non-regular
183001,1,370,Male,Above 50,High School,Regular
183202,5,29,Female,Above 50,High School,Non-regular
183205,1,350,Male,Above 50,College,Regular
183206,5,250,Female,Above 50,High School,Regular
183207,1,200,Female,Below 30,College,Non-regular
183303,1,300,Male,30s,College,Regular
183304,1,320,Female,30s,College,Regular
183603,5,260,Male,Below 30,College,Regular
183802,1,500,Female,Above 50,High School,Regular
183803,1,290,Male,30s,College,Regular
183804,1,290,Male,Below 30,College,Regular
184403,1,320,Female,30s,College,Regular
184502,1,80,Female,Above 50,High School,Non-regular
184503,1,320,Male,40s,High School,Regular
184701,5,70,Male,Above 50,High School,Non-regular
184703,1,600,Male,40s,High School,Regular
184704,1,420,Male,40s,College,Non-regular
185103,1,310,Male,Above 50,College,Regular
185105,1,250,Male,40s,College,Regular
185303,1,180,Female,40s,College,Non-regular
185304,1,470,Male,40s,College,Regular
185402,1,120,Female,Above 50,High School,Non-regular
185503,1,200,Female,Above 50,College,Regular
185603,1,180,Female,30s,High School,Regular
185604,5,165,Female,Below 30,High School,Regular
185803,1,400,Male,30s,College,Regular
185904,1,450,Male,40s,High School,Regular
186101,1,500,Male,Above 50,College,Regular
186102,1,350,Female,Above 50,High School,Regular
186303,1,500,Male,40s,College,Regular
186305,1,500,Male,Above 50,College,Regular
186604,1,550,Male,40s,College,Regular
186701,1,200,Male,Above 50,High School,Non-regular
186702,1,80,Female,Above 50,High School,Non-regular
186804,1,500,Female,40s,College,Regular
186806,5,80,Male,40s,College,Non-regular
187002,5,200,Female,Above 50,High School,Regular
187103,1,1000,Male,40s,College,Regular
187104,1,410,Male,30s,College,Regular
187202,1,250,Female,Above 50,College,Non-regular
187503,1,700,Male,Above 50,College,Regular
188205,1,565,Male,40s,College,Regular
188703,1,350,Male,Above 50,College,Regular
188704,1,195,Female,40s,College,Regular
189104,1,270,Female,40s,High School,Regular
189105,1,470,Female,40s,High School,Non-regular
189303,1,450,Male,40s,High School,Regular
189402,1,200,Female,40s,College,Non-regular
189405,1,270,Male,Above 50,College,Regular
189502,1,300,Female,Above 50,High School,Regular
189503,1,100,Female,30s,High School,Non-regular
189704,1,480,Male,Above 50,College,Regular
189705,1,300,Male,40s,College,Regular
189804,1,300,Female,40s,College,Regular
189903,1,400,Male,40s,College,Regular
190001,1,27,Male,Above 50,High School,Non-regular
190102,1,160,Female,Above 50,High School,Non-regular
190103,1,300,Female,40s,College,Non-regular
190104,5,250,Male,40s,College,Non-regular
190302,1,280,Male,40s,High School,Regular
190303,1,270,Male,40s,High School,Regular
190502,5,320,Male,30s,High School,Non-regular
190601,1,110,Female,Above 50,High School,Non-regular
190602,5,200,Male,40s,College,Non-regular
190703,1,280,Female,30s,College,Regular
190704,5,330,Male,Below 30,College,Regular
190801,5,300,Male,Above 50,High School,Non-regular
190902,5,60,Female,Above 50,High School,Non-regular
191604,1,392,Male,40s,College,Regular
191605,1,220,Female,40s,College,Regular
191606,1,150,Male,40s,College,Non-regular
191704,1,300,Male,40s,College,Regular
191805,1,350,Male,30s,College,Regular
193003,1,610,Male,40s,College,Regular
193106,5,203,Female,40s,College,Non-regular
193201,1,162,Male,Above 50,High School,Non-regular
193202,1,27,Female,Above 50,High School,Non-regular
193204,5,470,Male,40s,College,Regular
193301,1,100,Male,Above 50,High School,Non-regular
193303,1,407,Male,30s,College,Regular
193503,1,360,Male,Above 50,College,Regular
193703,1,230,Male,Below 30,College,Non-regular
193704,1,240,Female,Below 30,College,Regular
193901,1,360,Male,Above 50,College,Regular
193903,1,440,Male,30s,College,Regular
193904,1,400,Male,30s,College,Regular
193905,1,330,Male,Below 30,College,Regular
194004,1,600,Male,Above 50,College,Regular
194601,1,235,Male,Above 50,High School,Non-regular
194804,5,210,Female,40s,College,Regular
194905,1,220,Male,Above 50,High School,Regular
195101,1,370,Male,Above 50,High School,Regular
195102,1,90,Female,Above 50,High School,Non-regular
195503,1,230,Female,Above 50,High School,Non-regular
195504,1,220,Female,40s,College,Regular
195505,5,50,Female,40s,College,Non-regular
195506,1,310,Male,30s,College,Regular
195601,1,250,Male,Above 50,High School,Regular
195604,1,290,Male,40s,College,Regular
195705,1,245,Female,Below 30,College,Non-regular
195713,5,70,Female,Above 50,High School,Non-regular
196301,1,350,Male,Above 50,High School,Non-regular
196501,5,250,Male,Above 50,High School,Regular
196502,1,210,Female,Above 50,College,Regular
196504,1,260,Female,30s,College,Regular
196505,5,240,Male,30s,College,Regular
196701,1,400,Male,Above 50,High School,Non-regular
196703,1,230,Female,Below 30,College,Regular
196704,1,128,Male,Below 30,College,Non-regular
196705,1,118,Female,Above 50,High School,Non-regular
196802,1,236,Female,Above 50,High School,Non-regular
196804,1,400,Male,30s,College,Non-regular
197204,1,215,Female,40s,College,Regular
197303,1,290,Male,Below 30,College,Regular
197603,1,700,Male,Above 50,College,Regular
197703,1,450,Male,Above 50,College,Regular
197802,1,450,Male,Above 50,College,Non-regular
197902,5,29,Female,Above 50,High School,Non-regular
198304,1,320,Male,30s,College,Regular
198402,1,100,Female,Above 50,High School,Non-regular
198403,1,400,Male,30s,College,Regular
198602,1,180,Female,Above 50,High School,Regular
198603,1,250,Male,Below 30,College,Regular
198604,1,250,Female,Below 30,College,Non-regular
198703,1,435,Male,40s,College,Regular
198704,1,300,Female,40s,College,Regular
198801,1,650,Male,Above 50,High School,Non-regular
199104,1,300,Male,Above 50,High School,Regular
199105,1,375,Male,Above 50,College,Regular
199107,1,300,Female,Below 30,College,Regular
199201,5,150,Male,Above 50,High School,Regular
199301,1,450,Male,Above 50,College,Regular
199402,1,500,Male,Above 50,College,Regular
199403,1,370,Male,Above 50,College,Non-regular
199603,1,550,Male,40s,College,Regular
199803,1,600,Male,40s,High School,Regular
200102,1,254,Female,Above 50,College,Regular
200103,1,150,Female,40s,College,Regular
201003,1,450,Male,30s,College,Regular
201203,5,180,Female,40s,College,Regular
201301,1,284,Male,Above 50,High School,Regular
201302,5,217,Female,Above 50,High School,Non-regular
201303,1,294,Male,Below 30,College,Regular
201304,1,247,Female,Below 30,College,Regular
201402,1,200,Male,Above 50,High School,Non-regular
201502,1,660,Male,Above 50,College,Regular
202202,1,220,Female,Above 50,High School,Non-regular
202301,1,330,Male,Above 50,High School,Regular
202303,1,357,Male,30s,College,Regular
202402,1,137,Female,Above 50,High School,Non-regular
202403,1,357,Female,40s,College,Regular
202404,1,480,Male,40s,College,Regular
202503,1,250,Female,30s,College,Regular
202504,1,270,Male,30s,College,Regular
202603,1,220,Female,Above 50,High School,Regular
202704,1,240,Female,Above 50,College,Regular
202705,1,149,Male,40s,High School,Regular
203001,1,300,Male,Above 50,College,Non-regular
203002,1,170,Female,Above 50,College,Non-regular
203003,5,300,Female,Below 30,College,Regular
203005,1,370,Female,Below 30,High School,Regular
203301,1,330,Male,Above 50,College,Regular
203303,1,250,Female,30s,College,Non-regular
203304,1,300,Male,30s,College,Regular
203604,1,425,Female,40s,College,Regular
203703,5,270,Male,30s,College,Regular
204703,1,450,Male,40s,College,Regular
205701,1,475,Male,Above 50,High School,Regular
205703,1,375,Male,30s,College,Regular
205704,1,260,Female,30s,College,Regular
205903,1,500,Male,40s,College,Regular
206103,5,225,Female,40s,College,Regular
206202,1,68,Female,Above 50,High School,Non-regular
206203,1,407,Male,Above 50,College,Regular
206204,1,539,Male,40s,College,Regular
206303,5,250,Female,30s,College,Regular
206304,5,300,Female,Below 30,College,Non-regular
206503,1,330,Male,40s,College,Regular
206603,1,550,Male,Above 50,College,Regular
206704,1,500,Male,30s,College,Regular
206903,1,400,Male,30s,College,Regular
207001,5,450,Male,Above 50,College,Regular
207102,1,180,Female,Above 50,College,Regular
207202,1,400,Female,Above 50,College,Regular
207203,1,200,Male,30s,College,Regular
207405,1,835,Male,40s,College,Regular
207406,5,200,Male,Below 30,College,Non-regular
207601,1,160,Male,Above 50,High School,Non-regular
208006,1,500,Male,40s,College,Regular
208403,5,240,Male,Below 30,College,Regular
208504,1,700,Female,40s,College,Regular
208605,1,300,Female,40s,College,Regular
208606,1,400,Male,40s,College,Regular
208607,1,70,Female,Above 50,High School,Non-regular
209001,1,29,Female,Above 50,High School,Non-regular
209002,1,350,Male,Above 50,High School,Regular
209004,1,150,Female,30s,High School,Non-regular
209105,5,130,Male,Below 30,High School,Non-regular
209305,1,50,Male,Below 30,College,Non-regular
209402,1,750,Male,40s,College,Regular
209803,1,100,Female,Above 50,College,Non-regular
209804,1,375,Male,Above 50,High School,Regular
210101,1,400,Male,Above 50,High School,Regular
210102,1,170,Female,40s,High School,Non-regular
210103,1,290,Female,40s,High School,Regular
210303,1,75,Female,40s,High School,Non-regular
210304,1,209,Male,Below 30,High School,Regular
210701,5,200,Male,Above 50,College,Non-regular
210702,1,80,Female,Above 50,College,Non-regular
210705,1,520,Male,30s,College,Regular
210803,1,460,Male,30s,College,Regular
210807,1,200,Female,Above 50,High School,Regular
211302,1,180,Female,Above 50,High School,Regular
211405,1,410,Male,30s,College,Regular
211503,1,350,Female,Above 50,College,Regular
211505,1,170,Female,40s,College,Non-regular
211704,5,310,Male,30s,College,Regular
211903,1,340,Male,40s,College,Regular
212701,1,260,Male,Above 50,College,Regular
212702,5,400,Female,Above 50,College,Non-regular
212703,1,350,Male,30s,College,Non-regular
212704,1,410,Male,30s,College,Regular
212802,1,100,Female,Above 50,High School,Non-regular
212803,1,553,Male,30s,College,Regular
212904,1,200,Female,30s,College,Non-regular
213003,1,290,Male,40s,College,Regular
213301,5,210,Female,Above 50,College,Regular
213302,1,273,Male,Above 50,College,Non-regular
213401,1,150,Male,Above 50,High School,Non-regular
213402,1,216,Female,Above 50,High School,Regular
213403,1,226,Male,40s,College,Regular
213802,5,150,Female,Above 50,High School,Non-regular
213903,1,170,Female,40s,College,Regular
214002,1,200,Female,Above 50,High School,Regular
214004,1,210,Female,Below 30,College,Regular
214103,1,300,Female,40s,College,Regular
214105,1,300,Male,40s,College,Regular
214201,1,150,Male,Above 50,College,Non-regular
214203,1,300,Male,30s,College,Regular
214204,1,300,Male,Below 30,College,Regular
214401,1,300,Male,Above 50,High School,Non-regular
214701,5,250,Male,Above 50,College,Non-regular
214901,1,300,Male,Above 50,High School,Regular
214903,1,360,Male,30s,College,Regular
214904,1,400,Male,30s,High School,Regular
214905,1,230,Female,Below 30,College,Regular
215102,1,100,Female,Above 50,High School,Non-regular
215203,1,300,Male,40s,College,Regular
215301,1,480,Male,Above 50,High School,Regular
215302,1,120,Female,Above 50,High School,Non-regular
215402,1,160,Female,Above 50,High School,Non-regular
215703,1,300,Male,Above 50,College,Regular
215704,1,120,Male,40s,High School,Non-regular
216103,1,200,Male,40s,College,Non-regular
216105,1,420,Male,40s,College,Non-regular
216302,1,250,Female,Above 50,High School,Non-regular
216303,5,450,Male,40s,College,Regular
216502,5,29,Female,Above 50,High School,Non-regular
216703,1,310,Male,Above 50,College,Regular
216803,1,360,Male,40s,College,Regular
217002,1,251,Female,Above 50,High School,Regular
217003,1,234,Male,Below 30,College,Regular
217004,5,198,Male,Below 30,High School,Regular
217104,1,710,Male,Above 50,College,Regular
217901,1,290,Male,Above 50,High School,Non-regular
217902,1,179,Female,Above 50,High School,Regular
217903,1,235,Male,30s,High School,Regular
217904,1,204,Male,Below 30,High School,Regular
218001,1,179,Female,Above 50,College,Regular
218003,1,383,Male,40s,College,Regular
218104,1,128,Female,Above 50,High School,Non-regular
218106,1,240,Male,Above 50,High School,Non-regular
218202,1,430,Male,Above 50,High School,Regular
218203,1,220,Female,40s,High School,Regular
218204,5,220,Female,Below 30,College,Regular
218603,1,210,Female,30s,High School,Non-regular
218604,1,214,Female,Below 30,High School,Regular
218605,5,130,Male,Below 30,High School,Non-regular
218903,1,570,Male,40s,College,Regular
218904,1,480,Female,30s,College,Regular
218906,1,285,Male,30s,High School,Regular
219004,1,128,Female,Above 50,High School,Non-regular
219005,5,214,Male,Above 50,High School,Regular
219006,1,200,Female,40s,High School,Non-regular
219201,5,230,Male,Above 50,High School,Non-regular
219802,5,50,Female,Above 50,High School,Non-regular
220401,1,197,Male,Above 50,High School,Non-regular
220402,1,207,Female,Above 50,High School,Regular
220403,1,255,Male,30s,College,Regular
220404,1,283,Male,30s,College,Regular
220706,1,700,Male,Above 50,College,Regular
220707,1,700,Female,Above 50,College,Regular
220713,1,200,Male,Above 50,High School,Non-regular
221303,1,677,Female,Above 50,College,Regular
221307,5,69,Female,Above 50,High School,Non-regular
221308,1,243,Male,30s,College,Regular
221601,1,73,Male,Above 50,High School,Non-regular
221602,5,73,Female,Above 50,High School,Non-regular
221603,1,237,Female,40s,High School,Regular
221604,1,370,Male,40s,College,Regular
221901,5,320,Male,Above 50,High School,Regular
221902,1,210,Female,Above 50,High School,Regular
222102,1,300,Male,Above 50,High School,Non-regular
222304,1,235,Female,Above 50,College,Regular
222402,5,90,Male,Above 50,High School,Regular
222404,1,285,Male,40s,College,Regular
222604,1,230,Female,Above 50,High School,Regular
222605,1,400,Male,30s,College,Regular
222801,1,205,Male,Above 50,High School,Non-regular
222804,1,300,Male,40s,College,Regular
222903,1,235,Female,30s,College,Non-regular
223202,1,387,Female,Above 50,College,Regular
223203,1,234,Female,30s,College,Regular
223204,1,264,Male,30s,College,Regular
223403,5,430,Male,40s,College,Regular
223503,1,440,Female,30s,College,Regular
223504,1,430,Male,30s,College,Regular
223602,1,250,Female,Above 50,College,Regular
223605,5,240,Female,Below 30,College,Non-regular
223702,1,56,Female,Above 50,High School,Non-regular
223703,1,215,Female,40s,College,Regular
223704,1,450,Male,40s,College,Regular
224002,1,220,Female,Above 50,College,Non-regular
224004,1,450,Male,Above 50,High School,Regular
224403,1,340,Male,Above 50,High School,Non-regular
224704,1,225,Female,Above 50,High School,Regular
224705,1,310,Female,30s,College,Non-regular
224801,5,250,Male,Above 50,College,Regular
224803,1,290,Male,Below 30,College,Regular
224901,1,470,Male,Above 50,High School,Non-regular
225001,5,440,Male,Above 50,High School,Regular
225002,5,158,Female,Above 50,High School,Non-regular
225003,1,500,Male,40s,College,Regular
225503,5,480,Female,30s,College,Regular
225601,1,520,Male,40s,College,Regular
225701,1,420,Male,Above 50,College,Regular
225704,1,400,Female,30s,College,Regular
225803,1,530,Male,40s,College,Regular
225805,1,150,Female,Above 50,High School,Non-regular
226001,1,430,Female,Above 50,High School,Regular
226002,1,500,Male,40s,College,Regular
226601,1,1000,Male,Above 50,College,Regular
226801,1,860,Male,Above 50,High School,Regular
227001,1,400,Male,Above 50,High School,Regular
227306,1,242,Male,Below 30,High School,Regular
227403,1,290,Male,40s,College,Non-regular
227404,1,175,Male,40s,College,Non-regular
227602,1,480,Male,Above 50,College,Regular
227603,1,350,Male,40s,High School,Regular
227801,1,710,Male,Above 50,College,Regular
227803,1,260,Male,30s,College,Regular
228401,1,244,Male,Above 50,College,Regular
228402,1,416,Female,Above 50,College,Regular
228503,1,158,Male,Below 30,High School,Non-regular
229002,5,27,Female,Above 50,High School,Non-regular
229003,1,630,Male,Above 50,College,Regular
229005,5,130,Female,30s,High School,Regular
229103,5,201,Female,40s,High School,Regular
229201,5,340,Male,Above 50,High School,Non-regular
229204,1,290,Male,Below 30,High School,Regular
229205,1,250,Male,Below 30,College,Regular
229503,1,250,Female,30s,High School,Regular
229701,1,80,Male,Above 50,College,Non-regular
229702,1,100,Female,Above 50,High School,Non-regular
229704,1,340,Female,30s,College,Non-regular
229803,1,440,Female,Above 50,High School,Regular
229904,1,500,Male,40s,College,Regular
230302,1,240,Female,Above 50,High School,Non-regular
230303,1,550,Male,30s,College,Regular
230304,1,320,Female,30s,College,Regular
230401,1,230,Male,Above 50,High School,Non-regular
230402,1,150,Female,Above 50,High School,Non-regular
230403,1,310,Male,40s,College,Regular
230501,1,290,Male,Above 50,High School,Non-regular
230503,1,215,Female,40s,High School,Regular
230504,1,420,Male,40s,College,Regular
230703,1,490,Male,40s,College,Regular
230801,1,218,Male,Above 50,High School,Non-regular
230802,5,29,Female,Above 50,High School,Non-regular
230804,1,315,Male,40s,High School,Regular
230805,1,204,Female,30s,High School,Non-regular
230902,1,135,Female,Above 50,High School,Non-regular
230904,1,116,Male,30s,College,Non-regular
231001,1,220,Male,Above 50,High School,Non-regular
231002,1,195,Female,Above 50,High School,Non-regular
231003,1,490,Male,40s,College,Regular
231402,1,500,Male,40s,College,Regular
231602,1,224,Female,Above 50,High School,Regular
231604,1,240,Female,Below 30,College,Regular
231702,1,70,Female,Above 50,High School,Non-regular
231703,1,390,Female,30s,College,Regular
231704,1,340,Male,30s,High School,Regular
231801,1,587,Male,Above 50,High School,Regular
231802,1,245,Female,Above 50,High School,Regular
231804,1,220,Female,Below 30,College,Regular
231901,5,24,Male,Above 50,High School,Non-regular
232001,1,205,Male,Above 50,High School,Non-regular
232002,1,30,Female,Above 50,High School,Non-regular
232003,1,340,Male,40s,College,Regular
232004,1,300,Female,40s,College,Regular
232103,1,290,Female,30s,College,Regular
232303,5,200,Female,Above 50,High School,Non-regular
232304,5,450,Female,40s,College,Regular
232605,5,380,Male,40s,College,Regular
232606,1,570,Male,40s,College,Regular
232802,1,240,Female,Above 50,High School,Non-regular
232803,1,400,Male,30s,High School,Non-regular
232804,1,300,Female,30s,College,Regular
232902,1,192,Female,Above 50,High School,Regular
232903,1,320,Male,30s,College,Regular
232904,1,220,Female,Below 30,College,Regular
233004,1,215,Male,40s,College,Regular
233005,5,270,Male,40s,College,Regular
233501,1,350,Male,Above 50,College,Regular
233502,1,220,Female,Above 50,High School,Regular
233601,1,555,Male,Above 50,College,Regular
233603,1,230,Female,40s,High School,Non-regular
234001,1,530,Male,Above 50,College,Regular
234003,1,250,Female,40s,High School,Regular
234403,1,360,Male,Above 50,High School,Non-regular
234404,5,320,Female,Above 50,High School,Regular
234406,1,300,Male,Below 30,High School,Regular
234602,1,150,Female,Above 50,High School,Non-regular
234901,1,250,Male,Above 50,High School,Non-regular
235003,5,360,Male,40s,College,Regular
235102,1,240,Female,Above 50,College,Non-regular
235103,1,430,Male,30s,College,Regular
235104,1,190,Female,30s,College,Regular
235202,1,200,Female,Above 50,College,Non-regular
235303,1,330,Male,30s,College,Regular
235605,1,350,Female,40s,College,Regular
235703,1,400,Male,30s,College,Regular
235704,1,300,Male,30s,College,Regular
236003,1,290,Male,Above 50,High School,Regular
236201,1,285,Male,Above 50,High School,Regular
236301,1,500,Male,Above 50,High School,Non-regular
236403,5,213,Male,40s,College,Regular
236502,1,310,Male,Above 50,High School,Non-regular
236503,1,163,Female,Above 50,High School,Non-regular
236504,1,250,Female,30s,College,Regular
236505,1,363,Male,30s,College,Non-regular
236803,1,400,Male,40s,College,Regular
236902,1,32,Female,Above 50,High School,Non-regular
236904,1,430,Male,40s,College,Regular
237103,1,750,Female,Above 50,College,Non-regular
237104,1,310,Male,Above 50,College,Regular
237105,5,255,Female,Above 50,College,Non-regular
237106,1,530,Female,40s,College,Regular
237203,1,1000,Male,Above 50,College,Regular
237303,1,230,Female,30s,High School,Regular
237304,1,280,Female,Below 30,High School,Regular
237305,1,210,Female,Below 30,High School,Regular
237502,5,215,Female,Above 50,High School,Regular
237503,1,283,Female,30s,College,Regular
237602,1,220,Female,Above 50,High School,Regular
237604,1,260,Female,Below 30,High School,Regular
237803,1,440,Female,40s,College,Regular
237804,1,500,Female,40s,College,Regular
237805,1,600,Male,40s,College,Regular
237903,1,400,Male,40s,High School,Non-regular
237905,5,200,Male,30s,College,Regular
238001,1,360,Male,Above 50,High School,Regular
238002,1,50,Female,Above 50,High School,Non-regular
238003,1,220,Female,Above 50,High School,Regular
238103,5,100,Female,40s,College,Non-regular
238104,1,410,Female,40s,College,Regular
238203,1,460,Female,Above 50,College,Regular
238204,1,185,Female,40s,College,Non-regular
238501,1,284,Male,Above 50,High School,Regular
238601,1,475,Male,Above 50,High School,Regular
238702,1,205,Female,Above 50,High School,Regular
238802,1,198,Female,Above 50,High School,Regular
238803,1,320,Male,40s,College,Regular
238804,1,500,Male,40s,High School,Regular
239003,1,310,Female,40s,College,Regular
239004,1,340,Male,30s,College,Non-regular
239103,1,658,Male,40s,College,Non-regular
239303,1,260,Female,Below 30,College,Non-regular
239403,1,310,Male,Above 50,College,Non-regular
239404,1,564,Male,Above 50,High School,Regular
239901,1,260,Male,Above 50,High School,Regular
240106,1,158,Female,30s,College,Regular
240107,1,560,Male,Above 50,High School,Regular
240203,1,165,Female,Below 30,High School,Regular
240801,1,239,Male,Above 50,High School,Non-regular
240804,1,600,Female,40s,College,Regular
240902,1,29,Female,Above 50,High School,Non-regular
240905,5,300,Female,Above 50,High School,Non-regular
241003,1,320,Female,40s,College,Regular
241004,1,320,Male,40s,College,Regular
241101,1,430,Male,Above 50,College,Non-regular
241102,5,100,Female,Above 50,High School,Non-regular
241503,5,165,Male,40s,College,Non-regular
241504,1,230,Female,30s,College,Non-regular
241904,1,270,Male,30s,College,Regular
241905,1,250,Female,30s,College,Regular
242003,1,370,Female,40s,High School,Non-regular
242105,1,255,Female,40s,College,Regular
242106,1,200,Female,40s,High School,Regular
242201,1,300,Male,Above 50,High School,Non-regular
242202,5,133,Female,Above 50,High School,Non-regular
242203,1,320,Male,40s,High School,Regular
242204,1,400,Male,30s,High School,Regular
242503,1,300,Female,Above 50,College,Non-regular
242504,1,200,Female,40s,College,Non-regular
242505,5,600,Male,40s,College,Regular
242603,1,284,Female,40s,College,Regular
242604,1,230,Male,40s,College,Regular
242801,1,290,Male,Above 50,College,Regular
242802,1,48,Female,Above 50,High School,Non-regular
242804,1,350,Female,30s,College,Regular
243201,1,312,Male,Above 50,High School,Non-regular
243202,1,210,Female,Above 50,High School,Non-regular
243203,1,338,Female,30s,High School,Regular
243303,1,205,Female,40s,High School,Regular
243501,1,479,Male,Above 50,High School,Regular
243504,1,360,Male,30s,College,Regular
243802,1,34,Female,Above 50,High School,Non-regular
243901,1,300,Male,Above 50,High School,Regular
244101,1,430,Male,Above 50,High School,Non-regular
244104,1,410,Male,40s,College,Regular
244201,1,255,Male,Above 50,High School,Non-regular
244204,1,340,Male,40s,College,Regular
244403,1,245,Female,Above 50,High School,Non-regular
244605,1,200,Male,Above 50,High School,Non-regular
244701,1,370,Male,Above 50,High School,Regular
244703,5,210,Female,Below 30,High School,Regular
244704,1,290,Male,Below 30,High School,Regular
244707,1,220,Male,Above 50,High School,Regular
244801,1,360,Male,Above 50,High School,Regular
244803,1,240,Female,30s,College,Regular
244804,1,280,Male,30s,College,Regular
244903,1,230,Female,40s,College,Regular
245002,1,186,Male,Above 50,High School,Non-regular
245003,5,128,Female,Above 50,High School,Regular
245004,5,240,Female,Below 30,High School,Regular
245011,1,340,Male,Above 50,High School,Regular
245101,1,150,Male,Above 50,High School,Regular
245103,1,430,Male,40s,College,Non-regular
245302,1,268,Male,40s,High School,Regular
245403,1,250,Female,40s,College,Regular
245404,5,450,Male,40s,High School,Regular
245501,5,234,Male,Above 50,High School,Regular
245504,1,388,Male,30s,High School,Non-regular
245601,1,29,Male,Above 50,High School,Non-regular
245602,1,136,Female,Above 50,High School,Non-regular
245701,1,200,Female,Above 50,High School,Regular
245702,1,260,Male,30s,High School,Regular
245703,1,230,Female,30s,College,Regular
245803,1,663,Male,40s,College,Regular
245903,1,300,Male,40s,College,Regular
245904,1,235,Female,30s,College,Regular
246003,1,1000,Male,Above 50,High School,Regular
246004,1,340,Female,40s,College,Regular
246203,5,230,Female,30s,College,Regular
246205,1,230,Female,30s,College,Regular
246405,1,120,Male,Above 50,College,Non-regular
246503,1,300,Female,Below 30,College,Regular
247001,5,50,Male,Above 50,High School,Regular
247101,1,29,Male,Above 50,High School,Non-regular
247102,1,150,Female,Above 50,High School,Non-regular
247301,1,29,Female,Above 50,High School,Non-regular
247302,5,56,Female,Above 50,College,Non-regular
247602,1,223,Female,Above 50,High School,Non-regular
247603,1,380,Male,30s,College,Regular
247804,1,280,Female,40s,College,Regular
248302,1,100,Female,Above 50,High School,Non-regular
248303,1,550,Male,40s,College,Regular
248305,1,420,Male,40s,College,Regular
248402,5,207,Female,Above 50,College,Non-regular
248403,5,240,Female,30s,College,Non-regular
248404,1,450,Male,30s,High School,Regular
248604,1,350,Female,30s,College,Regular
248706,1,90,Female,Below 30,High School,Non-regular
248803,1,550,Male,Above 50,College,Regular
248901,1,300,Male,Above 50,High School,Regular
248902,1,240,Female,Above 50,High School,Regular
249101,1,480,Male,Above 50,College,Regular
249102,1,185,Female,Above 50,College,Regular
249103,1,370,Female,40s,High School,Regular
249203,1,470,Male,30s,College,Regular
249204,1,198,Male,Below 30,College,Regular
249301,1,120,Male,Above 50,High School,Non-regular
249304,1,250,Female,40s,College,Regular
249503,1,300,Male,40s,College,Regular
249602,1,155,Female,Above 50,High School,Non-regular
249603,1,70,Female,40s,High School,Non-regular
249604,1,580,Male,40s,College,Non-regular
249702,1,29,Female,Above 50,High School,Non-regular
249708,1,110,Male,Below 30,High School,Non-regular
249901,1,250,Male,Above 50,High School,Regular
250101,1,370,Male,Above 50,High School,Non-regular
250303,1,180,Female,40s,College,Non-regular
250501,1,27,Male,Above 50,High School,Non-regular
250503,1,1000,Male,40s,College,Regular
251201,1,600,Male,Above 50,High School,Regular
251202,1,230,Female,Above 50,College,Regular
251203,1,200,Female,Below 30,College,Regular
251204,1,260,Female,Below 30,High School,Regular
251401,1,450,Male,Above 50,College,Regular
251402,1,34,Female,Above 50,College,Non-regular
251403,1,250,Female,30s,College,Regular
251404,5,240,Female,Below 30,College,Regular
251405,5,220,Male,Below 30,College,Non-regular
251502,5,250,Female,Above 50,High School,Non-regular
251504,1,245,Female,30s,College,Regular
251505,1,430,Male,30s,College,Regular
252301,1,634,Male,Above 50,College,Regular
252605,5,225,Male,Below 30,College,Non-regular
252801,5,120,Male,Above 50,High School,Non-regular
252802,1,220,Female,Above 50,High School,Non-regular
252805,1,245,Male,30s,College,Regular
253102,1,250,Female,Above 50,High School,Non-regular
253303,1,350,Male,30s,College,Regular
253304,1,360,Female,30s,College,Regular
253403,1,220,Female,40s,College,Regular
253602,1,400,Female,40s,College,Regular
253703,1,380,Male,Above 50,College,Regular
253802,5,29,Female,Above 50,High School,Non-regular
253804,1,560,Male,40s,College,Regular
253901,1,292,Male,Above 50,High School,Non-regular
253902,1,207,Female,Above 50,High School,Regular
253904,1,200,Male,40s,College,Regular
254302,1,27,Female,Above 50,High School,Non-regular
254303,1,260,Male,Below 30,High School,Non-regular
254503,5,200,Female,Above 50,High School,Non-regular
254604,1,320,Male,40s,College,Regular
254903,1,650,Male,40s,College,Regular
255003,1,800,Male,40s,College,Regular
255104,1,260,Female,Above 50,College,Non-regular
255202,1,60,Female,Above 50,High School,Non-regular
255203,1,650,Male,40s,College,Regular
255401,1,97,Male,Above 50,College,Non-regular
255403,1,150,Female,40s,College,Non-regular
255404,1,330,Female,40s,College,Regular
255501,1,350,Male,Above 50,College,Regular
255502,5,130,Female,Above 50,College,Non-regular
255503,1,250,Female,Below 30,College,Regular
255903,1,400,Male,40s,College,Regular
255904,1,900,Female,30s,College,Regular
256002,1,270,Female,Above 50,High School,Non-regular
256601,1,29,Male,Above 50,High School,Non-regular
256801,5,30,Female,Above 50,High School,Non-regular
256802,1,550,Male,Above 50,College,Non-regular
256803,1,285,Female,30s,College,Regular
256804,1,280,Male,30s,College,Regular
256805,1,230,Female,Above 50,College,Regular
256904,1,150,Female,40s,College,Non-regular
257002,1,27,Female,Above 50,High School,Non-regular
257004,1,450,Male,40s,College,Regular
257201,1,70,Male,Above 50,College,Non-regular
257302,1,200,Female,Above 50,College,Regular
257304,1,250,Female,30s,College,Regular
257803,5,150,Male,30s,College,Non-regular
258103,1,29,Female,Above 50,High School,Non-regular
258201,1,420,Male,Above 50,College,Non-regular
258202,1,180,Female,Above 50,High School,Regular
258206,1,270,Male,30s,College,Regular
258301,1,160,Female,Above 50,College,Non-regular
258302,1,400,Male,Above 50,College,Regular
258501,1,29,Female,Above 50,High School,Non-regular
259103,1,350,Female,Above 50,College,Regular
259104,1,430,Male,Above 50,College,Regular
259601,1,250,Male,Above 50,High School,Non-regular
259802,1,30,Female,Above 50,High School,Non-regular
259805,1,200,Male,Below 30,High School,Non-regular
260205,1,350,Female,Below 30,College,Regular
260301,1,500,Male,Above 50,High School,Regular
260303,5,260,Female,Below 30,College,Regular
260304,1,230,Male,Below 30,College,Non-regular
260801,1,200,Male,Above 50,High School,Regular
260802,1,250,Female,Above 50,High School,Regular
260803,1,210,Male,30s,College,Regular
260804,1,210,Male,30s,College,Regular
260901,1,220,Female,Above 50,High School,Non-regular
261002,1,230,Female,Above 50,High School,Regular
261003,1,150,Male,30s,College,Non-regular
261004,1,230,Male,Below 30,College,Regular
261302,1,350,Male,Above 50,College,Regular
261303,1,300,Male,Above 50,College,Regular
261403,1,250,Male,Above 50,High School,Non-regular
261703,1,50,Female,Above 50,High School,Non-regular
261903,1,350,Male,Above 50,College,Regular
261904,1,370,Male,Above 50,College,Regular
262301,1,600,Male,Above 50,College,Regular
262502,1,29,Female,Above 50,High School,Non-regular
262504,1,350,Male,Above 50,High School,Non-regular
262603,5,265,Female,Above 50,High School,Regular
262802,5,250,Female,Above 50,College,Regular
262804,5,420,Male,30s,College,Regular
262902,5,520,Male,Above 50,High School,Non-regular
262904,5,120,Female,Above 50,High School,Non-regular
263002,1,228,Female,Above 50,College,Regular
263004,1,295,Male,30s,College,Regular
263101,1,200,Male,Above 50,High School,Non-regular
263103,5,500,Male,40s,High School,Regular
263105,1,210,Female,40s,High School,Regular
263401,1,480,Male,Above 50,High School,Regular
263403,1,340,Male,30s,College,Regular
263404,1,310,Male,30s,College,Regular
263502,1,29,Female,Above 50,College,Non-regular
263503,5,190,Male,Above 50,College,Non-regular
263703,1,365,Male,40s,College,Regular
263704,1,380,Male,40s,College,Regular
263804,1,400,Male,Above 50,College,Regular
264003,1,250,Male,40s,College,Regular
264005,1,220,Female,40s,College,Regular
264401,1,160,Male,Above 50,High School,Non-regular
264402,1,40,Female,Above 50,High School,Non-regular
264403,1,200,Male,Below 30,High School,Non-regular
264404,1,200,Female,Below 30,High School,Regular
264502,5,29,Female,Above 50,High School,Non-regular
264503,1,420,Male,Above 50,College,Non-regular
264603,1,400,Male,40s,College,Non-regular
264701,1,400,Male,Above 50,College,Non-regular
264703,1,400,Male,30s,College,Regular
264801,5,29,Male,Above 50,College,Non-regular
264802,1,100,Female,Above 50,College,Non-regular
265103,1,420,Male,40s,College,Regular
265104,1,318,Female,40s,College,Regular
265203,1,500,Female,40s,College,Regular
265404,1,320,Male,40s,College,Regular
265704,1,430,Female,Above 50,High School,Regular
265903,5,490,Male,Above 50,High School,Regular
266001,1,225,Female,Above 50,High School,Non-regular
266002,1,250,Female,40s,High School,Non-regular
266003,5,280,Male,40s,High School,Non-regular
266201,1,27,Male,Above 50,High School,Non-regular
266402,1,100,Female,Above 50,High School,Non-regular
266601,1,350,Male,Above 50,College,Regular
266604,1,380,Female,30s,College,Regular
266606,1,300,Female,Below 30,College,Regular
266904,1,350,Female,40s,College,Non-regular
267002,5,165,Female,Above 50,High School,Non-regular
267202,1,29,Female,Above 50,High School,Non-regular
267204,5,250,Female,40s,High School,Regular
267402,1,217,Female,Above 50,High School,Non-regular
267404,5,271,Female,Below 30,High School,Regular
267501,1,200,Female,Above 50,High School,Regular
267601,5,29,Female,Above 50,High School,Non-regular
267703,1,400,Male,40s,College,Regular
267802,5,65,Female,Above 50,High School,Non-regular
267804,1,147,Male,40s,College,Non-regular
267901,5,27,Male,Above 50,High School,Non-regular
267902,1,140,Female,Above 50,High School,Non-regular
267903,1,520,Male,Above 50,High School,Regular
267905,5,201,Female,40s,High School,Regular
268605,1,314,Male,40s,College,Regular
268703,1,360,Female,40s,College,Regular
268704,1,500,Male,40s,College,Regular
268906,1,245,Male,30s,College,Regular
269303,1,265,Female,40s,College,Non-regular
269304,5,230,Female,40s,College,Regular
269305,5,80,Male,40s,College,Non-regular
269401,1,400,Male,Above 50,High School,Regular
269402,1,235,Female,Above 50,College,Regular
269404,5,210,Male,Below 30,College,Regular
269503,1,200,Male,30s,College,Regular
269504,1,100,Male,30s,College,Regular
270202,1,80,Female,Above 50,High School,Non-regular
270203,1,270,Female,40s,College,Regular
270204,1,483,Male,30s,College,Regular
270302,5,200,Female,Above 50,High School,Non-regular
270304,1,280,Male,30s,College,Regular
270401,5,207,Male,Above 50,College,Non-regular
270403,1,470,Male,40s,College,Regular
270404,1,374,Male,30s,College,Regular
270405,1,200,Female,40s,College,Non-regular
270601,1,300,Male,Above 50,High School,Non-regular
270603,1,480,Male,40s,College,Regular
270802,1,180,Female,Above 50,High School,Non-regular
270803,5,270,Female,Below 30,College,Regular
270804,1,290,Male,Above 50,College,Non-regular
270805,1,265,Male,Below 30,College,Regular
270901,1,250,Male,Above 50,High School,Regular
270902,1,300,Female,Above 50,College,Regular
270903,5,220,Female,Below 30,College,Regular
270904,1,250,Female,Below 30,College,Regular
271304,1,480,Male,40s,College,Regular
271502,1,250,Female,Above 50,High School,Regular
271902,1,197,Female,Above 50,High School,Regular
271903,1,303,Male,40s,College,Regular
272003,1,280,Male,30s,College,Regular
272101,1,284,Male,Above 50,High School,Regular
272102,5,100,Female,Above 50,High School,Non-regular
272503,1,200,Female,40s,College,Non-regular
272504,1,230,Female,40s,College,Regular
272602,1,270,Female,Above 50,College,Non-regular
272603,1,100,Male,Below 30,College,Regular
272605,1,350,Male,30s,College,Regular
272802,1,200,Female,Above 50,High School,Regular
272803,1,215,Female,40s,College,Regular
273102,5,165,Female,Above 50,High School,Regular
273203,5,300,Female,Above 50,College,Regular
273301,1,530,Male,Above 50,College,Regular
273303,5,200,Female,Below 30,College,Regular
273304,1,200,Male,Below 30,College,Regular
273601,1,80,Male,Above 50,College,Non-regular
273605,5,680,Male,30s,College,Non-regular
273704,1,200,Female,40s,High School,Non-regular
273705,1,390,Male,40s,College,Regular
273804,1,480,Male,Above 50,College,Regular
274203,1,400,Male,Above 50,High School,Non-regular
274205,5,250,Male,Above 50,College,Non-regular
274702,1,500,Female,Above 50,College,Regular
275203,5,170,Male,40s,College,Regular
275301,1,329,Male,Above 50,High School,Regular
275304,5,220,Male,30s,College,Regular
275504,1,340,Male,40s,High School,Regular
275601,1,313,Male,Above 50,High School,Regular
275801,1,250,Male,Above 50,College,Regular
275901,1,300,Male,Above 50,High School,Regular
275902,1,240,Female,Above 50,High School,Regular
275903,1,280,Female,30s,College,Non-regular
276004,1,370,Male,40s,College,Non-regular
276102,1,200,Female,Above 50,High School,Regular
276203,1,250,Male,Above 50,College,Regular
276204,1,250,Female,40s,College,Non-regular
276207,1,100,Female,Below 30,College,Non-regular
277003,1,340,Male,40s,College,Regular
277004,1,295,Male,30s,College,Regular
277303,1,280,Female,40s,College,Regular
277304,1,450,Male,40s,College,Regular
277401,1,500,Male,Above 50,College,Regular
277403,1,200,Male,Below 30,College,Non-regular
277404,5,400,Male,Below 30,College,Regular
277704,1,400,Male,30s,College,Regular
277801,1,1000,Male,Above 50,High School,Regular
277802,1,120,Female,Above 50,High School,Non-regular
277803,1,500,Male,40s,High School,Regular
277805,1,226,Male,30s,College,Non-regular
277902,1,160,Female,Above 50,High School,Non-regular
277904,5,220,Female,Below 30,College,Non-regular
278102,1,300,Female,Above 50,High School,Non-regular
278104,1,300,Male,40s,College,Non-regular
278203,5,300,Female,30s,College,Regular
278204,1,350,Female,30s,College,Regular
278301,1,85,Male,Above 50,College,Non-regular
278302,1,70,Female,Above 50,High School,Non-regular
278304,1,430,Female,30s,College,Regular
278701,1,220,Male,Above 50,High School,Non-regular
278702,1,185,Female,Above 50,High School,Non-regular
278703,1,430,Male,40s,College,Regular
278704,1,250,Female,40s,College,Regular
279002,1,400,Female,Above 50,High School,Non-regular
279201,1,290,Male,Above 50,College,Regular
279301,1,300,Male,Above 50,College,Non-regular
279303,1,330,Male,30s,College,Regular
279501,1,150,Female,Above 50,High School,Non-regular
279503,5,420,Male,40s,College,Regular
279603,1,600,Male,Above 50,College,Regular
279604,1,700,Male,40s,College,Regular
279705,1,250,Male,Above 50,High School,Non-regular
279801,1,200,Male,Above 50,High School,Non-regular
279804,1,750,Male,30s,College,Regular
280403,1,570,Male,Above 50,High School,Regular
280501,1,500,Male,Above 50,College,Regular
280503,1,642,Male,40s,College,Regular
280504,1,70,Female,40s,College,Non-regular
280701,1,330,Male,Above 50,High School,Non-regular
280904,5,250,Female,40s,College,Regular
281101,1,250,Male,Above 50,High School,Regular
281102,1,150,Female,Above 50,High School,Non-regular
281103,1,290,Female,40s,College,Regular
281104,1,540,Male,30s,College,Regular
281201,1,132,Male,Above 50,College,Non-regular
281303,1,400,Female,30s,College,Regular
281304,5,280,Male,30s,College,Non-regular
281503,1,550,Female,40s,College,Regular
281505,1,450,Female,40s,College,Regular
281506,1,550,Male,40s,College,Regular
282001,1,420,Male,Above 50,High School,Regular
282101,1,430,Male,Above 50,College,Non-regular
282102,1,350,Female,Above 50,College,Non-regular
282104,5,150,Male,Below 30,College,Non-regular
282202,1,27,Female,Above 50,High School,Non-regular
282203,1,280,Male,40s,College,Regular
282204,1,280,Female,40s,College,Regular
282301,1,250,Male,Above 50,High School,Non-regular
282304,5,250,Female,30s,College,Regular
282701,1,310,Male,Above 50,High School,Regular
282702,1,160,Female,Above 50,High School,Regular
282704,1,220,Female,30s,College,Regular
282903,1,380,Female,40s,College,Regular
283002,1,170,Female,Above 50,High School,Regular
283003,1,185,Female,40s,College,Non-regular
283105,1,200,Male,40s,High School,Regular
283601,1,240,Male,Above 50,High School,Non-regular
283603,5,200,Male,30s,College,Regular
283701,1,268,Male,Above 50,High School,Regular
283702,1,190,Female,Above 50,College,Non-regular
283803,1,250,Female,Below 30,College,Regular
283804,1,250,Female,Below 30,College,Non-regular
283805,1,27,Female,Above 50,High School,Non-regular
283903,1,760,Male,Above 50,College,Regular
283904,1,800,Male,40s,College,Regular
284001,1,670,Male,Above 50,College,Regular
284102,1,200,Female,Above 50,High School,Non-regular
284103,1,280,Male,30s,College,Regular
284201,5,420,Male,Above 50,High School,Regular
284204,5,250,Male,Below 30,High School,Regular
284301,1,130,Female,Above 50,High School,Non-regular
284302,1,320,Male,40s,College,Regular
284303,1,450,Male,40s,College,Regular
284604,1,180,Female,Above 50,High School,Non-regular
284605,1,800,Male,Above 50,College,Regular
284607,1,670,Female,30s,College,Regular
284803,1,340,Male,40s,College,Regular
284901,1,180,Male,Above 50,High School,Regular
284904,1,250,Male,30s,College,Regular
285103,1,480,Male,40s,College,Regular
285104,1,700,Male,40s,College,Regular
285202,5,140,Female,Above 50,High School,Non-regular
285203,1,500,Male,30s,College,Regular
285204,1,260,Female,30s,College,Regular
285401,1,1200,Male,Above 50,College,Regular
285403,1,500,Male,30s,College,Regular
285404,5,280,Male,30s,College,Regular
285703,1,250,Male,40s,College,Regular
285803,1,280,Male,40s,College,Non-regular
285903,1,500,Male,Above 50,High School,Regular
285904,1,330,Female,40s,High School,Regular
285905,5,260,Male,Below 30,College,Non-regular
285906,5,250,Male,Below 30,College,Regular
286301,1,320,Male,Above 50,High School,Regular
286303,1,29,Female,Above 50,High School,Non-regular
286506,1,330,Male,40s,College,Regular
286507,1,350,Male,40s,College,Regular
286602,1,200,Female,Above 50,High School,Non-regular
286603,1,500,Male,30s,College,Regular
286701,1,1100,Male,Above 50,High School,Regular
286803,1,320,Female,Above 50,College,Regular
286804,1,79,Female,Above 50,College,Non-regular
287003,1,250,Male,40s,High School,Regular
287101,1,1000,Male,Above 50,College,Regular
287202,1,380,Male,40s,College,Regular
287203,5,170,Female,40s,College,Regular
287303,5,380,Female,Above 50,College,Non-regular
287304,1,200,Female,Above 50,College,Non-regular
287305,1,340,Male,40s,High School,Regular
287401,1,310,Male,Above 50,High School,Non-regular
287402,1,160,Female,Above 50,High School,Non-regular
287403,1,480,Female,30s,College,Regular
287504,1,320,Male,30s,College,Regular
287602,1,200,Female,Above 50,High School,Regular
287603,5,300,Male,30s,College,Non-regular
287605,5,300,Male,Below 30,College,Regular
287701,1,140,Male,Above 50,High School,Non-regular
287702,1,100,Female,Above 50,High School,Non-regular
287703,1,320,Male,40s,College,Regular
287704,1,400,Male,30s,College,Regular
287903,1,750,Male,40s,College,Regular
288001,1,520,Male,Above 50,High School,Regular
288003,5,200,Female,Below 30,College,Regular
288102,1,250,Female,Above 50,High School,Regular
288103,5,250,Female,30s,College,Regular
288104,1,450,Male,30s,College,Regular
288201,1,250,Male,Above 50,College,Non-regular
288202,1,500,Female,Above 50,High School,Non-regular
288401,1,800,Male,Above 50,College,Regular
288402,1,850,Female,Above 50,College,Regular
288503,1,330,Male,Above 50,High School,Regular
288506,1,250,Female,30s,College,Regular
288601,1,150,Male,Above 50,College,Non-regular
288602,1,150,Female,Above 50,High School,Non-regular
289303,1,300,Male,Above 50,High School,Regular
289304,1,340,Male,40s,High School,Regular
289503,1,400,Female,Above 50,College,Regular
289504,1,340,Male,40s,College,Regular
289803,1,370,Male,40s,College,Non-regular
289804,1,80,Female,40s,College,Non-regular
289902,1,160,Female,Above 50,High School,Non-regular
289903,1,150,Female,30s,College,Non-regular
290104,1,600,Male,40s,College,Regular
290203,1,750,Male,30s,College,Regular
290502,1,190,Male,Above 50,College,Non-regular
290601,1,210,Male,Above 50,High School,Non-regular
290908,1,350,Male,40s,College,Regular
291001,1,350,Male,Above 50,High School,Regular
291701,1,310,Male,Above 50,High School,Non-regular
291703,5,255,Female,40s,College,Non-regular
291904,1,460,Male,40s,College,Regular
291905,1,350,Female,40s,College,Non-regular
292103,1,1000,Male,Above 50,College,Regular
292105,5,215,Female,Below 30,College,Non-regular
292106,5,240,Male,Below 30,College,Regular
292204,1,45,Female,30s,College,Non-regular
292205,5,280,Male,Below 30,College,Regular
292302,5,185,Female,Above 50,High School,Non-regular
292304,1,100,Female,40s,College,Non-regular
292402,5,205,Female,Above 50,High School,Non-regular
292404,1,450,Male,30s,College,Non-regular
292503,1,310,Male,Above 50,High School,Regular
292602,1,145,Female,Above 50,High School,Non-regular
292603,1,630,Male,Above 50,College,Regular
292702,1,150,Female,Above 50,High School,Non-regular
292703,1,180,Male,40s,College,Non-regular
292706,1,160,Female,Above 50,High School,Non-regular
292801,1,210,Male,Above 50,High School,Non-regular
293003,5,830,Male,40s,College,Regular
293202,5,167,Female,Above 50,High School,Non-regular
293204,1,250,Female,40s,High School,Regular
293801,1,150,Male,Above 50,High School,Non-regular
294301,1,800,Male,Above 50,College,Regular
294302,1,450,Female,Above 50,College,Regular
294303,1,250,Male,Below 30,College,Regular
294601,1,100,Male,Above 50,High School,Non-regular
294603,1,250,Female,40s,College,Non-regular
294604,1,245,Male,40s,College,Non-regular
294904,1,250,Female,30s,College,Regular
295501,1,850,Male,Above 50,College,Regular
295502,1,900,Female,Above 50,College,Regular
295603,1,640,Male,Above 50,High School,Regular
295803,1,400,Male,40s,College,Regular
295904,1,220,Female,Below 30,College,Regular
296001,1,440,Male,Above 50,High School,Non-regular
296004,1,195,Female,40s,College,Non-regular
296101,1,1200,Male,Above 50,College,Regular
296103,1,300,Female,Below 30,College,Regular
296104,1,300,Female,Below 30,College,Regular
296402,1,68,Female,Above 50,High School,Non-regular
296403,1,250,Male,Above 50,College,Regular
296603,5,310,Female,30s,College,Regular
296604,1,242,Male,30s,College,Regular
296703,1,400,Male,40s,College,Regular
297001,1,320,Male,Above 50,College,Regular
297003,1,585,Female,30s,College,Regular
297103,1,350,Male,40s,College,Regular
297104,1,200,Female,40s,High School,Regular
297202,1,170,Female,Above 50,High School,Non-regular
297304,1,300,Male,Below 30,College,Regular
298203,1,580,Male,30s,College,Regular
298301,1,270,Male,Above 50,College,Regular
298503,1,430,Male,40s,College,Regular
298504,1,400,Male,40s,College,Regular
298506,1,300,Male,Above 50,High School,Non-regular
298601,1,195,Male,Above 50,High School,Non-regular
298602,1,130,Female,Above 50,High School,Non-regular
298604,1,160,Male,Below 30,College,Non-regular
298704,1,250,Female,30s,College,Regular
299002,5,80,Female,Above 50,High School,Non-regular
299004,1,300,Male,30s,College,Regular
299403,1,250,Female,Below 30,College,Regular
299502,1,200,Female,Above 50,High School,Non-regular
299505,1,400,Male,30s,College,Regular
299702,1,200,Female,Above 50,High School,Regular
299703,5,250,Male,Below 30,College,Regular
299801,1,540,Female,Above 50,College,Regular
300101,1,400,Male,Above 50,College,Non-regular
300102,5,150,Female,Above 50,College,Non-regular
300203,1,900,Male,Above 50,College,Regular
300204,1,300,Female,Above 50,High School,Regular
300701,1,90,Male,Above 50,High School,Non-regular
300702,1,260,Female,Above 50,High School,Regular
300902,1,370,Male,Above 50,College,Regular
301103,1,200,Male,40s,College,Non-regular
301203,1,300,Male,40s,College,Non-regular
301301,1,310,Male,Above 50,High School,Non-regular
301302,5,200,Female,Above 50,High School,Non-regular
301303,1,270,Male,30s,College,Non-regular
301304,1,260,Female,30s,College,Non-regular
301402,1,300,Female,Above 50,High School,Regular
301501,1,200,Male,Above 50,High School,Non-regular
301502,5,150,Female,Above 50,High School,Non-regular
301503,1,200,Male,30s,College,Non-regular
301802,1,223,Male,Above 50,High School,Regular
301803,1,203,Female,Above 50,High School,Non-regular
301804,1,222,Male,30s,College,Regular
302204,1,288,Male,40s,College,Non-regular
302401,1,230,Male,Above 50,High School,Non-regular
302404,1,270,Male,40s,College,Non-regular
302503,1,450,Male,Above 50,College,Regular
302505,1,420,Male,40s,College,Regular
303002,1,220,Female,Above 50,High School,Regular
303003,1,290,Male,40s,High School,Regular
303201,1,120,Male,Above 50,High School,Non-regular
303203,1,240,Female,30s,College,Regular
303204,1,245,Male,30s,College,Regular
303401,1,350,Female,40s,College,Regular
303402,1,400,Male,Above 50,College,Regular
303803,5,315,Male,Below 30,College,Regular
304103,1,240,Male,30s,College,Regular
304201,1,350,Male,Above 50,College,Non-regular
304202,1,260,Female,Above 50,High School,Regular
304203,1,250,Female,Below 30,College,Regular
304204,1,200,Female,Below 30,College,Non-regular
304302,1,100,Female,Above 50,High School,Non-regular
304303,1,300,Male,40s,College,Non-regular
304304,1,300,Female,30s,College,Regular
304306,1,300,Male,Above 50,High School,Non-regular
304401,1,900,Male,Above 50,College,Regular
304402,1,220,Female,Above 50,High School,Regular
304703,1,500,Female,40s,College,Regular
305201,1,150,Male,Above 50,High School,Non-regular
305202,5,190,Female,Above 50,High School,Non-regular
305303,1,194,Female,30s,High School,Non-regular
305504,1,200,Female,40s,College,Regular
305601,1,28,Female,Above 50,High School,Non-regular
305702,1,48,Female,Above 50,High School,Non-regular
305703,1,150,Male,40s,High School,Non-regular
306201,1,29,Male,Above 50,High School,Non-regular
306203,1,500,Male,Above 50,College,Regular
306303,1,200,Female,Below 30,College,Regular
306502,1,400,Male,Above 50,College,Regular
306503,1,300,Female,30s,College,Regular
306601,1,500,Male,Above 50,College,Regular
306604,1,500,Male,30s,College,Regular
306904,5,670,Male,40s,High School,Non-regular
307202,1,250,Female,Above 50,High School,Regular
307801,1,200,Male,Above 50,High School,Non-regular
308001,1,180,Male,Above 50,College,Regular
308003,1,260,Male,30s,College,Regular
308103,1,400,Male,40s,College,Regular
308201,1,147,Male,Above 50,High School,Non-regular
308901,1,300,Male,Above 50,High School,Regular
309001,1,200,Male,Above 50,High School,Non-regular
309002,1,200,Female,Above 50,High School,Non-regular
309004,1,300,Female,30s,College,Regular
309103,5,430,Female,30s,College,Regular
309202,1,200,Female,Above 50,High School,Regular
309801,1,420,Male,Above 50,College,Regular
309804,1,450,Female,Below 30,College,Regular
309901,5,230,Male,Above 50,High School,Non-regular
310001,1,750,Male,Above 50,College,Regular
310101,1,500,Male,Above 50,College,Regular
310103,1,300,Female,30s,College,Regular
310201,1,600,Male,Above 50,College,Regular
310204,1,260,Female,30s,College,Regular
310302,5,280,Female,Above 50,High School,Non-regular
310303,1,300,Male,30s,College,Regular
310304,5,250,Male,30s,College,Regular
310603,5,250,Female,40s,College,Non-regular
310703,1,500,Female,Above 50,College,Regular
310704,1,310,Female,Above 50,College,Regular
310801,1,95,Female,Above 50,High School,Non-regular
310804,5,50,Female,Below 30,College,Non-regular
311002,1,230,Female,Above 50,High School,Regular
311003,1,450,Male,30s,College,Regular
311004,5,350,Male,30s,College,Regular
311501,1,180,Male,Above 50,High School,Non-regular
311502,1,172,Female,Above 50,High School,Regular
311503,1,620,Male,40s,College,Regular
311504,1,483,Male,40s,College,Regular
311603,1,510,Male,Above 50,College,Regular
311604,1,420,Male,Above 50,High School,Regular
311902,1,27,Female,Above 50,High School,Non-regular
311904,1,290,Female,Above 50,College,Regular
311905,1,430,Male,Above 50,High School,Regular
312101,1,200,Male,Above 50,High School,Regular
312303,5,210,Female,Below 30,College,Regular
312402,1,285,Female,Above 50,High School,Non-regular
312403,5,80,Female,Below 30,College,Non-regular
312404,1,335,Male,Below 30,High School,Regular
312501,1,230,Male,Above 50,High School,Non-regular
312503,5,200,Female,30s,College,Regular
312602,1,200,Female,Above 50,High School,Non-regular
312603,1,287,Male,30s,College,Regular
312604,1,250,Male,Below 30,College,Non-regular
312701,1,235,Male,Above 50,High School,Non-regular
312704,1,245,Female,Below 30,College,Regular
312803,1,350,Male,40s,College,Non-regular
312903,1,250,Male,40s,High School,Regular
313002,1,400,Male,40s,College,Regular
313003,1,430,Male,40s,College,Regular
313006,1,110,Female,40s,College,Non-regular
313103,1,180,Female,Above 50,College,Non-regular
313104,1,230,Female,Above 50,College,Regular
313305,1,550,Female,40s,College,Regular
313403,1,300,Male,Above 50,High School,Non-regular
313404,1,260,Female,Above 50,High School,Regular
313406,1,200,Female,30s,High School,Non-regular
313501,1,500,Male,Above 50,College,Regular
313502,1,380,Female,Above 50,College,Regular
313503,1,410,Male,Below 30,College,Regular
313702,5,300,Male,Above 50,College,Regular
313703,1,180,Female,Above 50,High School,Regular
313902,5,255,Female,Above 50,College,Regular
313904,5,150,Female,Above 50,College,Non-regular
314101,1,90,Female,Above 50,High School,Non-regular
314102,1,250,Male,Above 50,College,Regular
314401,1,250,Male,Above 50,College,Non-regular
315202,5,29,Female,Above 50,High School,Non-regular
315204,1,390,Female,40s,College,Regular
315301,1,200,Male,Above 50,College,Regular
315302,1,340,Female,40s,College,Regular
315401,5,390,Male,Above 50,College,Non-regular
315402,1,340,Female,Above 50,College,Regular
315403,1,245,Female,Below 30,College,Regular
315404,1,310,Male,Below 30,College,Regular
315701,1,28,Male,Above 50,High School,Non-regular
315702,1,50,Female,Above 50,High School,Non-regular
315901,1,800,Male,Above 50,College,Regular
316201,1,400,Male,Above 50,College,Regular
316403,1,250,Male,40s,College,Regular
316503,1,480,Male,40s,College,Regular
316504,5,300,Female,30s,College,Regular
317001,5,73,Male,Above 50,High School,Non-regular
317103,1,350,Male,40s,College,Regular
317104,1,800,Female,30s,College,Regular
317201,1,300,Male,Above 50,High School,Regular
317203,1,300,Female,30s,College,Non-regular
317204,1,400,Male,30s,College,Regular
317405,1,800,Female,40s,College,Regular
317804,1,640,Male,30s,College,Regular
318001,1,300,Male,Above 50,High School,Regular
318103,1,290,Male,30s,College,Non-regular
318301,1,390,Male,Above 50,High School,Regular
318303,1,270,Female,Below 30,College,Regular
318402,1,225,Female,Above 50,High School,Regular
318403,1,250,Female,30s,College,Regular
318404,1,500,Male,30s,College,Regular
318502,1,200,Female,Above 50,High School,Regular
318903,5,150,Female,Above 50,High School,Non-regular
319302,5,100,Female,Above 50,High School,Non-regular
319304,1,400,Female,40s,College,Regular
319503,5,500,Male,Above 50,College,Regular
319703,5,400,Male,30s,College,Regular
319903,1,300,Male,40s,College,Regular
319904,1,410,Male,40s,College,Regular
320101,1,250,Male,Above 50,College,Non-regular
320102,5,140,Female,Above 50,High School,Non-regular
320103,1,220,Female,30s,College,Regular
320201,1,175,Female,Above 50,High School,Non-regular
320202,1,670,Male,40s,High School,Regular
320303,5,300,Male,40s,High School,Non-regular
320501,1,29,Male,Above 50,High School,Non-regular
320702,5,115,Female,Above 50,College,Non-regular
320703,5,120,Female,Above 50,College,Non-regular
320901,1,29,Male,Above 50,High School,Non-regular
320904,5,200,Female,30s,College,Regular
321304,1,230,Male,30s,High School,Non-regular
321802,5,195,Female,40s,High School,Regular
321803,1,250,Female,40s,College,Regular
321804,1,250,Male,40s,High School,Non-regular
321903,5,270,Male,30s,College,Regular
321904,1,380,Male,30s,College,Regular
322803,5,300,Male,Above 50,High School,Non-regular
322804,5,220,Female,Above 50,High School,Non-regular
322805,1,390,Male,40s,College,Regular
323001,1,400,Male,Above 50,College,Regular
323002,1,350,Female,Above 50,College,Regular
323204,1,250,Female,30s,College,Non-regular
324002,5,29,Female,Above 50,High School,Non-regular
324003,1,630,Male,40s,College,Regular
324004,1,250,Female,40s,College,Regular
324005,1,90,Female,40s,College,Non-regular
324006,1,392,Male,40s,College,Regular
324202,1,200,Female,Above 50,High School,Non-regular
324203,1,215,Female,30s,College,Regular
324204,1,210,Female,Below 30,College,Regular
324303,1,370,Male,Above 50,College,Regular
324501,1,29,Female,Above 50,High School,Non-regular
324903,1,400,Male,40s,College,Regular
325103,1,255,Male,Below 30,College,Regular
325105,1,245,Female,Below 30,College,Regular
325401,1,215,Male,Above 50,High School,Non-regular
325402,1,380,Female,Above 50,College,Regular
325403,1,260,Female,40s,High School,Regular
325504,1,80,Female,Above 50,College,Non-regular
325505,1,300,Male,30s,College,Regular
325804,1,270,Female,40s,College,Non-regular
325903,1,400,Female,30s,College,Regular
326601,1,350,Male,Above 50,High School,Non-regular
326604,5,200,Male,Below 30,College,Non-regular
326803,1,400,Male,40s,High School,Non-regular
327205,1,750,Male,Above 50,College,Regular
327603,1,220,Male,Above 50,High School,Non-regular
327604,1,71,Female,Above 50,High School,Non-regular
327605,1,300,Female,30s,College,Regular
327606,1,400,Female,30s,College,Regular
327701,1,215,Male,Above 50,College,Regular
327902,1,70,Female,Above 50,High School,Regular
327904,1,550,Male,40s,College,Regular
328101,1,245,Male,Above 50,High School,Regular
328401,1,1000,Male,Above 50,College,Non-regular
328403,1,300,Male,30s,College,Regular
328503,1,300,Female,30s,College,Regular
328504,1,300,Female,Below 30,College,Regular
328802,1,29,Female,Above 50,High School,Non-regular
328806,1,170,Male,Above 50,High School,Regular
329002,1,100,Female,Above 50,High School,Non-regular
329004,1,260,Female,30s,College,Regular
329201,1,500,Male,Above 50,High School,Regular
329202,1,100,Female,Above 50,High School,Non-regular
329501,1,350,Male,Above 50,College,Non-regular
329502,1,260,Female,Above 50,High School,Non-regular
329504,1,330,Female,Below 30,High School,Regular
329602,1,120,Female,Above 50,High School,Non-regular
329901,1,400,Male,Above 50,High School,Regular
330002,5,120,Female,Above 50,High School,Non-regular
330203,1,350,Female,30s,College,Regular
330204,1,460,Male,30s,College,Regular
330401,5,440,Male,Above 50,College,Regular
330404,1,350,Male,30s,College,Regular
330501,1,380,Male,Above 50,High School,Non-regular
330502,5,100,Female,Above 50,High School,Non-regular
330601,1,550,Male,Above 50,College,Regular
330603,1,250,Female,30s,College,Regular
330604,1,290,Male,30s,College,Regular
330803,1,330,Male,Above 50,High School,Regular
330804,1,240,Female,Above 50,College,Regular
330902,1,310,Male,40s,High School,Non-regular
331101,1,200,Male,Above 50,High School,Non-regular
331501,1,500,Male,Above 50,High School,Non-regular
331504,1,290,Female,Below 30,High School,Regular
331602,1,150,Female,Above 50,High School,Non-regular
331604,1,260,Male,30s,College,Regular
332203,5,550,Male,40s,College,Regular
332302,1,28,Female,Above 50,High School,Non-regular
332304,1,250,Female,Above 50,High School,Non-regular
332305,5,100,Female,30s,High School,Non-regular
332307,1,330,Male,Below 30,College,Regular
332601,1,600,Male,Above 50,High School,Regular
332705,1,270,Female,40s,College,Regular
332803,1,500,Male,Above 50,College,Regular
332901,1,190,Male,Above 50,High School,Regular
332902,1,275,Female,Above 50,College,Regular
332903,1,330,Male,30s,College,Non-regular
333204,1,700,Male,Above 50,College,Regular
333402,1,270,Female,Above 50,High School,Non-regular
333403,1,150,Male,30s,College,Non-regular
333404,1,270,Female,30s,College,Regular
333606,1,280,Female,Below 30,College,Regular
333609,5,250,Female,30s,College,Regular
333702,5,230,Female,Above 50,High School,Regular
333703,5,230,Male,30s,High School,Regular
333704,5,250,Female,Below 30,College,Regular
334203,1,280,Female,Below 30,College,Regular
334304,5,195,Female,Above 50,College,Regular
335404,1,480,Male,40s,High School,Regular
335602,1,68,Female,Above 50,High School,Non-regular
336203,1,130,Male,Above 50,High School,Non-regular
336302,1,50,Female,Above 50,High School,Non-regular
336303,1,200,Female,40s,College,Non-regular
336406,1,380,Male,Above 50,College,Regular
336502,1,320,Female,Above 50,College,Regular
336503,1,520,Male,30s,College,Regular
336504,1,300,Female,30s,College,Regular
336603,5,200,Male,40s,High School,Non-regular
336804,1,250,Female,30s,College,Regular
336805,1,200,Female,30s,College,Regular
337001,5,160,Male,Above 50,College,Regular
337304,1,270,Male,40s,High School,Regular
337503,5,200,Male,40s,High School,Non-regular
337505,1,550,Male,40s,College,Regular
337901,1,150,Male,Above 50,High School,Non-regular
337903,1,600,Female,40s,College,Regular
338103,1,200,Female,40s,High School,Non-regular
338104,1,360,Male,40s,College,Regular
338201,1,250,Female,Above 50,High School,Non-regular
338401,1,400,Male,Above 50,College,Regular
338403,1,220,Female,Below 30,College,Regular
338404,1,250,Female,Below 30,College,Regular
338501,1,300,Male,Above 50,High School,Non-regular
338503,1,280,Male,30s,College,Regular
339103,1,210,Female,Above 50,College,Regular
339204,5,350,Male,Above 50,College,Non-regular
339306,1,350,Female,30s,College,Regular
339307,1,350,Male,30s,College,Regular
339703,1,700,Male,Above 50,College,Regular
340002,5,198,Female,Above 50,College,Regular
340003,1,110,Female,30s,College,Non-regular
340302,1,80,Female,Above 50,High School,Non-regular
340403,1,500,Female,30s,College,Regular
340404,1,300,Male,30s,College,Regular
340905,1,150,Male,40s,High School,Non-regular
341104,1,500,Male,40s,College,Regular
341105,1,300,Male,40s,College,Regular
341203,1,450,Female,40s,College,Regular
341401,5,29,Male,Above 50,High School,Non-regular
341402,5,110,Female,Above 50,High School,Non-regular
341803,1,250,Male,Above 50,High School,Non-regular
341805,1,240,Female,40s,College,Regular
342101,1,340,Male,Above 50,High School,Regular
342102,1,235,Female,Above 50,College,Regular
342203,1,250,Female,40s,High School,Non-regular
342303,1,420,Male,40s,High School,Non-regular
342402,1,320,Female,Above 50,High School,Non-regular
342502,1,200,Female,Above 50,High School,Non-regular
342503,1,400,Male,40s,College,Regular
342504,1,250,Male,40s,College,Non-regular
342602,1,500,Female,Above 50,High School,Non-regular
342703,1,80,Male,Below 30,College,Non-regular
343001,1,200,Male,Above 50,College,Regular
343101,1,160,Male,Above 50,High School,Non-regular
343102,1,100,Female,Above 50,High School,Non-regular
343103,1,500,Male,40s,College,Regular
343201,1,350,Male,Above 50,College,Regular
343202,1,60,Female,Above 50,High School,Non-regular
343203,1,290,Male,30s,College,Regular
343301,1,550,Female,Above 50,College,Regular
343303,1,260,Male,30s,College,Regular
343401,1,210,Female,Above 50,High School,Non-regular
343703,5,300,Female,Below 30,College,Regular
344001,1,500,Male,Above 50,College,Regular
344104,1,480,Male,30s,College,Regular
344303,1,287,Male,30s,College,Non-regular
344401,1,230,Male,Above 50,High School,Non-regular
344402,1,250,Female,Above 50,High School,Regular
344702,1,160,Female,Above 50,High School,Non-regular
344802,1,300,Female,Above 50,High School,Non-regular
344903,5,780,Male,40s,College,Non-regular
344906,1,600,Male,Above 50,High School,Regular
345001,1,510,Male,Above 50,High School,Regular
345002,1,580,Female,Above 50,High School,Non-regular
345004,1,265,Male,Below 30,College,Regular
345202,1,270,Female,Above 50,High School,Regular
345203,1,220,Male,30s,College,Regular
345502,1,400,Male,Above 50,College,Regular
345601,1,200,Male,Above 50,High School,Non-regular
345603,1,270,Female,30s,College,Regular
345604,1,230,Female,30s,College,Regular
345703,1,480,Male,Above 50,College,Regular
345704,1,470,Male,40s,College,Regular
345801,1,190,Male,Above 50,High School,Regular
345803,1,450,Male,Above 50,High School,Regular
345805,1,270,Female,30s,College,Regular
345807,1,260,Female,Below 30,College,Regular
345902,1,210,Female,Above 50,High School,Regular
345903,1,100,Female,30s,College,Non-regular
346201,1,300,Male,Above 50,College,Regular
346203,1,250,Female,30s,College,Regular
346303,1,320,Male,30s,College,Regular
346402,1,450,Female,Above 50,College,Regular
346502,1,95,Female,Above 50,College,Non-regular
346504,1,270,Female,Below 30,College,Regular
346703,1,200,Female,40s,High School,Non-regular
346804,1,300,Female,30s,College,Regular
346903,1,600,Male,40s,College,Regular
347001,1,750,Male,Above 50,High School,Regular
347101,1,230,Male,Above 50,College,Non-regular
347103,1,260,Male,30s,College,Regular
347104,5,250,Female,30s,College,Regular
347202,5,29,Female,Above 50,High School,Non-regular
347203,1,370,Male,Above 50,High School,Regular
347403,1,430,Male,40s,College,Regular
347704,1,250,Female,Above 50,College,Regular
347803,1,240,Female,40s,High School,Non-regular
347903,1,105,Female,30s,College,Non-regular
348201,1,270,Male,Above 50,High School,Non-regular
348202,1,150,Female,Above 50,High School,Non-regular
348204,1,280,Female,30s,College,Regular
348205,1,192,Female,Below 30,College,Regular
348303,1,180,Female,Above 50,High School,Non-regular
348304,1,260,Female,Below 30,College,Regular
348405,5,350,Male,Below 30,College,Regular
348602,5,200,Female,Above 50,College,Regular
348701,1,195,Male,Above 50,High School,Non-regular
348704,1,300,Male,30s,College,Regular
348803,1,290,Male,40s,College,Regular
348901,5,230,Male,Above 50,High School,Non-regular
348903,5,240,Female,30s,College,Regular
349401,1,70,Male,Above 50,College,Non-regular
349604,5,320,Male,Below 30,College,Regular
349703,1,440,Male,40s,College,Regular
349901,1,240,Male,Above 50,College,Non-regular
350001,1,400,Male,Above 50,College,Regular
350202,1,150,Female,Above 50,High School,Non-regular
350403,1,380,Female,40s,College,Regular
350404,1,200,Female,40s,High School,Non-regular
350405,1,340,Male,30s,College,Regular
350406,1,250,Female,40s,High School,Non-regular
350410,1,150,Female,Above 50,High School,Non-regular
350803,5,192,Female,40s,College,Non-regular
351001,1,600,Male,Above 50,College,Regular
351303,1,510,Female,40s,College,Regular
351601,1,86,Male,Above 50,High School,Non-regular
352003,1,97,Male,Above 50,High School,Regular
352304,1,580,Male,30s,College,Regular
352503,1,400,Male,30s,College,Regular
352504,1,340,Male,30s,College,Regular
352803,1,330,Male,Below 30,College,Regular
352804,5,400,Female,Below 30,College,Regular
353103,1,275,Male,Above 50,High School,Non-regular
353104,1,200,Female,Above 50,High School,Non-regular
353105,5,204,Female,30s,College,Non-regular
353106,5,50,Female,30s,College,Non-regular
353302,1,385,Male,Above 50,College,Non-regular
353304,1,385,Female,Above 50,College,Non-regular
353305,1,300,Male,Above 50,College,Regular
353306,5,170,Female,Above 50,High School,Non-regular
353308,1,380,Male,Below 30,College,Regular
353704,1,248,Male,30s,College,Regular
353801,5,221,Male,Above 50,College,Non-regular
353802,1,455,Female,Above 50,High School,Regular
353803,1,267,Male,30s,College,Regular
353804,1,300,Female,30s,College,Regular
353903,5,200,Male,Above 50,High School,Non-regular
354202,1,180,Female,Above 50,High School,Regular
354204,1,250,Male,40s,High School,Regular
354303,5,380,Female,Below 30,College,Regular
354401,1,200,Male,Above 50,High School,Non-regular
354403,1,150,Female,40s,College,Non-regular
354501,1,350,Male,Above 50,High School,Regular
354601,5,29,Male,Above 50,High School,Non-regular
354602,5,29,Female,Above 50,High School,Non-regular
354604,1,200,Female,Above 50,High School,Regular
354607,1,211,Female,40s,College,Non-regular
355202,1,146,Female,Above 50,High School,Non-regular
355502,5,137,Female,Above 50,High School,Non-regular
355701,1,205,Male,Above 50,High School,Non-regular
356001,1,250,Male,Above 50,College,Regular
356104,1,300,Female,40s,College,Non-regular
356301,1,255,Male,Above 50,High School,Non-regular
356602,1,200,Female,Above 50,High School,Non-regular
356902,5,50,Female,Above 50,College,Non-regular
356903,1,450,Male,40s,College,Non-regular
356904,1,400,Male,40s,College,Regular
357101,5,200,Male,Above 50,High School,Non-regular
357102,5,200,Female,Above 50,High School,Regular
357205,1,450,Male,30s,College,Regular
357501,1,290,Male,Above 50,High School,Regular
357602,1,138,Female,Above 50,High School,Non-regular
357603,1,350,Male,40s,High School,Regular
358201,1,300,Male,Above 50,High School,Non-regular
358202,1,200,Female,Above 50,High School,Non-regular
358204,1,360,Male,30s,College,Regular
358402,1,250,Female,Above 50,High School,Regular
358403,1,260,Female,30s,College,Non-regular
358501,1,180,Male,Above 50,High School,Non-regular
358502,1,125,Female,Above 50,High School,Non-regular
358601,1,420,Male,Above 50,College,Regular
358602,1,320,Female,Above 50,College,Regular
358603,1,295,Male,Below 30,College,Non-regular
358604,1,200,Female,Below 30,College,Regular
358802,1,200,Female,Above 50,High School,Non-regular
358803,1,150,Female,30s,College,Regular
359303,1,500,Female,40s,College,Regular
359304,1,750,Male,40s,College,Regular
359402,1,900,Female,Above 50,College,Regular
359403,1,380,Male,30s,College,Regular
359601,1,250,Male,Above 50,High School,Regular
359602,1,300,Female,Above 50,College,Regular
359702,1,300,Male,40s,High School,Non-regular
360503,1,130,Male,Above 50,College,Non-regular
360504,1,980,Male,Above 50,College,Regular
360601,1,1000,Male,Above 50,College,Regular
360602,1,70,Female,Above 50,College,Non-regular
360604,5,200,Female,Below 30,College,Non-regular
360703,5,670,Female,40s,College,Regular
360903,1,180,Female,Below 30,College,Regular
360904,1,200,Female,Below 30,College,Regular
361501,5,80,Female,Above 50,College,Regular
361504,5,300,Male,30s,College,Regular
361802,1,27,Female,Above 50,High School,Non-regular
362401,5,430,Male,Above 50,High School,Non-regular
362404,1,300,Female,30s,College,Regular
362602,1,210,Female,Above 50,High School,Non-regular
362605,1,220,Female,30s,College,Regular
362701,1,336,Male,Above 50,High School,Regular
362801,1,800,Male,Above 50,College,Regular
362802,1,240,Female,Above 50,High School,Non-regular
362902,5,410,Male,Above 50,High School,Non-regular
363002,5,72,Female,40s,High School,Non-regular
363203,5,203,Male,30s,College,Regular
363204,1,221,Male,Below 30,High School,Non-regular
363802,1,400,Male,Above 50,High School,Regular
363803,5,290,Male,Above 50,High School,Non-regular
363805,1,211,Male,40s,High School,Regular
364003,1,240,Male,40s,College,Regular
364004,1,221,Female,40s,College,Non-regular
364103,1,350,Male,40s,College,Regular
364104,1,330,Male,30s,College,Regular
364302,1,280,Male,30s,College,Regular
364501,1,550,Male,Above 50,High School,Regular
364504,1,300,Male,40s,High School,Regular
364507,5,220,Male,Below 30,College,Non-regular
365202,1,240,Female,Above 50,High School,Non-regular
365203,1,300,Female,30s,College,Regular
365205,1,110,Female,Above 50,High School,Non-regular
365301,1,800,Male,Above 50,High School,Regular
365306,1,145,Female,Above 50,High School,Non-regular
365401,1,350,Male,Above 50,High School,Non-regular
365403,1,280,Female,40s,College,Regular
365803,1,670,Male,Above 50,High School,Regular
365805,1,1000,Male,Above 50,College,Regular
365807,5,180,Female,Below 30,High School,Non-regular
365901,5,300,Male,Above 50,College,Non-regular
365903,1,300,Male,30s,College,Regular
366007,1,375,Male,40s,College,Regular
366102,5,29,Female,Above 50,High School,Non-regular
366603,1,290,Female,Above 50,High School,Regular
366703,1,250,Male,Below 30,College,Non-regular
366705,1,380,Male,Below 30,High School,Regular
367105,1,70,Female,40s,High School,Non-regular
367206,1,300,Female,Above 50,College,Regular
367303,1,245,Male,30s,College,Regular
367306,1,29,Female,Above 50,High School,Non-regular
367604,1,280,Female,30s,College,Regular
367701,1,600,Male,Above 50,High School,Regular
367702,1,250,Female,Above 50,High School,Non-regular
367903,1,620,Male,40s,College,Regular
368003,1,600,Male,40s,College,Regular
368805,1,213,Female,40s,High School,Regular
368903,1,650,Male,40s,College,Regular
368907,1,240,Male,40s,College,Regular
369001,1,180,Male,Above 50,High School,Non-regular
369102,1,221,Male,Above 50,High School,Regular
369303,1,230,Female,40s,College,Non-regular
369305,5,350,Female,30s,College,Regular
369306,1,350,Male,30s,College,Regular
369405,1,500,Male,30s,College,Regular
369503,1,740,Female,40s,High School,Regular
369504,1,515,Male,40s,College,Regular
369505,1,900,Female,40s,High School,Regular
369806,1,203,Male,30s,College,Non-regular
369904,5,287,Male,30s,College,Regular
370004,1,287,Male,40s,High School,Regular
370005,1,242,Male,40s,High School,Regular
370303,1,221,Female,Above 50,High School,Non-regular
370701,1,287,Male,Above 50,High School,Regular
370702,1,203,Female,Above 50,High School,Non-regular
370902,1,500,Male,40s,College,Regular
371104,1,450,Male,Above 50,College,Regular
371304,1,280,Female,Above 50,College,Regular
371305,1,500,Male,40s,High School,Regular
371601,1,288,Male,Above 50,College,Regular
371801,1,200,Male,Above 50,High School,Non-regular
371802,1,220,Female,Above 50,High School,Regular
371803,1,250,Female,30s,College,Regular
371805,1,300,Male,30s,High School,Regular
371902,5,200,Female,Above 50,High School,Non-regular
372103,1,255,Female,Below 30,College,Regular
372304,1,750,Female,Above 50,High School,Regular
372401,5,250,Male,Above 50,College,Regular
372501,1,312,Male,Above 50,College,Regular
372602,1,150,Female,Above 50,College,Regular
372604,1,200,Male,30s,College,Regular
372705,1,390,Female,40s,College,Regular
373003,5,500,Male,Below 30,College,Regular
373004,5,40,Female,30s,College,Regular
373304,1,250,Female,40s,High School,Regular
373604,1,600,Female,Above 50,College,Regular
373804,1,300,Male,30s,High School,Regular
374602,1,210,Female,Above 50,High School,Regular
374604,1,400,Male,30s,College,Regular
374703,1,580,Male,40s,College,Regular
374704,1,200,Female,40s,College,Regular
374802,1,200,Female,Above 50,High School,Regular
375201,5,500,Male,Above 50,High School,Regular
375202,1,200,Female,Above 50,High School,Non-regular
375204,1,360,Male,30s,High School,Regular
375302,1,230,Female,Above 50,High School,Regular
375303,1,350,Male,30s,College,Non-regular
375703,1,580,Male,40s,College,Regular
375704,1,220,Female,40s,College,Regular
375707,1,450,Male,40s,College,Regular
375804,1,303,Female,40s,College,Regular
375805,1,230,Female,40s,College,Regular
376201,1,29,Male,Above 50,High School,Non-regular
376203,1,209,Female,Above 50,College,Non-regular
376303,1,200,Male,Above 50,College,Non-regular
376304,1,200,Female,Above 50,College,Regular
376602,1,125,Female,Above 50,College,Non-regular
376804,1,700,Female,40s,College,Regular
377401,1,29,Male,Above 50,High School,Non-regular
377402,1,29,Female,Above 50,High School,Non-regular
377403,1,200,Female,40s,College,Non-regular
377404,1,250,Male,Above 50,High School,Non-regular
377702,1,150,Female,Above 50,High School,Non-regular
377801,1,29,Male,Above 50,High School,Non-regular
378004,1,630,Male,Above 50,College,Regular
378202,1,180,Female,Above 50,High School,Regular
378203,1,270,Male,30s,College,Non-regular
378404,1,370,Male,40s,College,Regular
378405,5,280,Female,40s,College,Regular
378503,1,400,Male,30s,College,Regular
378602,1,500,Male,Above 50,High School,Regular
378604,1,200,Female,Below 30,College,Regular
378605,1,300,Male,Above 50,College,Non-regular
378606,1,120,Female,Below 30,College,Non-regular
378607,5,120,Female,Below 30,College,Non-regular
378704,5,350,Male,40s,College,Regular
378706,5,380,Female,40s,College,Non-regular
378804,5,400,Male,40s,College,Regular
378904,1,470,Male,40s,College,Regular
379101,1,300,Female,40s,College,Regular
379105,1,500,Male,40s,College,Regular
379601,1,150,Male,Above 50,High School,Regular
379703,5,110,Female,Above 50,College,Non-regular
379804,1,300,Female,Above 50,College,Non-regular
379805,1,400,Male,Below 30,College,Regular
379806,1,350,Male,Above 50,High School,Non-regular
379807,1,200,Female,Below 30,College,Regular
380104,1,1000,Male,Above 50,College,Regular
380203,1,200,Male,30s,College,Regular
380304,1,400,Male,Above 50,High School,Regular
380306,1,300,Female,40s,High School,Regular
380403,1,230,Female,40s,College,Regular
380404,1,450,Male,40s,College,Regular
380503,1,250,Female,30s,College,Regular
380603,5,29,Female,Above 50,High School,Non-regular
380604,1,450,Male,40s,College,Regular
380605,1,200,Female,Above 50,College,Regular
380606,1,230,Female,40s,High School,Regular
380607,5,200,Male,Below 30,College,Regular
381402,1,220,Female,Above 50,High School,Regular
381404,1,500,Male,30s,College,Regular
381601,1,666,Female,Above 50,College,Regular
381602,1,541,Male,Above 50,College,Regular
381802,1,71,Female,Above 50,High School,Non-regular
381803,1,330,Female,40s,High School,Regular
381804,1,282,Male,40s,College,Regular
381902,1,200,Female,Above 50,High School,Regular
381904,1,270,Male,30s,College,Regular
382202,1,338,Female,Above 50,College,Regular
382203,5,370,Female,30s,College,Regular
382204,1,280,Female,Below 30,College,Regular
382205,5,160,Female,Below 30,College,Non-regular
382301,1,500,Male,Above 50,High School,Regular
382501,1,450,Male,Above 50,College,Regular
382504,5,230,Male,Below 30,College,Regular
382602,1,210,Female,Above 50,High School,Non-regular
382604,1,250,Female,Below 30,High School,Regular
382902,1,530,Male,40s,College,Regular
383103,1,288,Male,40s,College,Regular
383201,1,300,Male,Above 50,High School,Regular
383303,1,300,Female,40s,College,Non-regular
383403,1,400,Female,30s,College,Regular
383501,1,180,Male,Above 50,High School,Regular
383803,1,500,Male,40s,College,Regular
383902,1,29,Female,Above 50,High School,Non-regular
384104,1,600,Male,Above 50,College,Regular
384106,1,254,Male,Below 30,College,Regular
384301,1,190,Female,Above 50,High School,Regular
384404,1,541,Male,40s,College,Regular
384603,1,110,Female,40s,College,Regular
384702,1,200,Female,Above 50,High School,Non-regular
384703,1,400,Male,40s,High School,Non-regular
384704,1,240,Male,40s,College,Non-regular
384705,1,410,Male,40s,College,Regular
384803,1,300,Male,40s,High School,Regular
384804,1,260,Female,40s,High School,Regular
385101,1,29,Female,Above 50,High School,Non-regular
385304,1,500,Male,30s,College,Regular
385403,5,350,Male,Below 30,College,Regular
385405,1,210,Female,Below 30,College,Regular
386001,1,400,Male,Above 50,High School,Regular
386003,1,520,Female,30s,College,Regular
386104,1,300,Male,40s,High School,Non-regular
386604,1,221,Female,30s,College,Regular
386701,5,29,Female,Above 50,High School,Non-regular
386901,1,300,Male,Above 50,High School,Non-regular
387003,1,300,Male,Above 50,High School,Non-regular
388105,1,300,Male,Below 30,College,Regular
388604,1,320,Female,Above 50,College,Regular
388702,1,370,Male,30s,College,Non-regular
389002,1,780,Male,Above 50,High School,Regular
389004,1,754,Male,40s,College,Regular
389503,1,550,Male,Above 50,College,Regular
389504,5,125,Female,Above 50,College,Non-regular
389701,1,250,Male,Above 50,College,Regular
389802,1,100,Male,Above 50,College,Non-regular
389901,1,240,Male,Above 50,High School,Non-regular
390002,1,530,Male,40s,College,Regular
390004,1,620,Female,40s,College,Regular
390203,1,350,Male,30s,College,Non-regular
390204,1,300,Male,30s,High School,Regular
390401,1,400,Male,Above 50,College,Regular
390403,1,200,Female,30s,College,Regular
390404,1,350,Male,30s,College,Regular
390701,1,29,Male,Above 50,High School,Non-regular
390703,1,250,Female,Above 50,College,Regular
390801,1,625,Male,Above 50,College,Regular
390802,1,281,Female,Above 50,College,Regular
390804,1,290,Female,Below 30,College,Regular
390805,1,180,Male,Below 30,College,Regular
391001,5,29,Male,Above 50,High School,Non-regular
391002,5,29,Female,Above 50,High School,Non-regular
391004,1,530,Male,40s,College,Regular
391005,1,300,Male,40s,College,Regular
391006,5,150,Female,30s,College,Non-regular
391101,1,580,Male,Above 50,High School,Regular
391104,1,350,Male,Below 30,College,Regular
391202,5,60,Female,Above 50,High School,Non-regular
391204,1,230,Male,40s,College,Non-regular
391301,1,187,Male,Above 50,High School,Regular
391305,1,400,Female,40s,College,Regular
391802,1,223,Female,Above 50,High School,Regular
392102,1,180,Female,Above 50,High School,Regular
392103,1,320,Female,30s,College,Regular
392104,1,310,Female,Below 30,College,Regular
392501,1,200,Male,Above 50,College,Non-regular
392502,1,350,Female,Above 50,College,Non-regular
392503,1,350,Male,30s,College,Regular
392704,1,450,Male,40s,College,Regular
392803,1,500,Male,30s,College,Regular
392804,1,350,Male,30s,College,Regular
392901,1,250,Female,40s,College,Regular
392902,1,340,Male,40s,College,Regular
393304,1,760,Male,40s,College,Regular
393401,1,150,Male,Above 50,High School,Non-regular
393403,1,280,Female,40s,College,Regular
393404,5,420,Male,40s,High School,Regular
393504,1,300,Male,Above 50,College,Non-regular
393603,1,580,Male,30s,College,Regular
394101,1,850,Male,Above 50,High School,Regular
394102,1,200,Female,Above 50,High School,Non-regular
394103,1,60,Male,Below 30,College,Non-regular
394504,1,280,Female,30s,College,Regular
394701,1,400,Male,Above 50,High School,Non-regular
394703,1,380,Male,40s,College,Regular
394802,1,254,Female,Above 50,High School,Regular
394804,1,300,Female,30s,College,Regular
395002,1,260,Female,Above 50,High School,Non-regular
395005,1,1200,Male,40s,College,Regular
395202,1,330,Female,Above 50,High School,Regular
395203,1,330,Female,30s,College,Regular
395301,1,450,Male,Above 50,High School,Regular
395401,1,500,Male,Above 50,High School,Non-regular
395404,1,590,Male,40s,College,Regular
395406,1,230,Female,30s,College,Regular
395601,1,300,Male,Above 50,College,Non-regular
395602,1,200,Female,Above 50,High School,Regular
395604,1,350,Male,30s,College,Regular
396004,1,500,Male,40s,High School,Non-regular
396103,1,480,Male,40s,College,Regular
396401,1,228,Male,Above 50,High School,Non-regular
396402,5,240,Female,Above 50,High School,Non-regular
396403,1,360,Male,30s,College,Regular
396404,1,380,Male,30s,College,Regular
396501,1,250,Male,Above 50,High School,Non-regular
396502,1,250,Female,Above 50,High School,Regular
396503,1,300,Male,30s,College,Regular
396504,1,350,Male,Below 30,College,Regular
396601,1,530,Male,Above 50,High School,Regular
396603,1,300,Male,30s,College,Regular
396604,1,185,Female,Above 50,High School,Regular
396702,1,170,Female,Above 50,High School,Non-regular
396706,1,280,Male,30s,College,Regular
396803,5,820,Male,40s,College,Regular
396804,5,500,Female,40s,College,Regular
396805,5,250,Male,Above 50,High School,Regular
396902,5,73,Female,Above 50,College,Non-regular
396903,1,430,Female,40s,College,Regular
396905,1,550,Male,40s,College,Regular
397503,5,340,Female,30s,College,Regular
397504,1,150,Female,30s,College,Non-regular
397505,1,300,Male,30s,College,Regular
397604,1,327,Male,30s,College,Regular
397704,1,600,Male,40s,College,Regular
397803,1,750,Male,40s,College,Regular
397901,1,320,Male,Above 50,High School,Regular
397904,1,450,Male,30s,College,Regular
398403,1,360,Male,40s,College,Regular
398903,1,450,Male,40s,College,Regular
399003,1,270,Male,30s,High School,Regular
399103,5,100,Female,30s,High School,Non-regular
399104,1,285,Female,30s,College,Regular
399303,1,350,Male,30s,College,Regular
399402,1,60,Female,Above 50,High School,Regular
399602,1,138,Female,Above 50,High School,Non-regular
399604,1,300,Male,30s,College,Regular
399702,1,465,Female,Above 50,High School,Regular
399703,1,395,Male,30s,College,Non-regular
399802,1,220,Female,Above 50,High School,Regular
399804,1,220,Female,Below 30,College,Regular
400001,1,288,Male,Above 50,High School,Regular
400002,1,148,Female,Above 50,High School,Regular
400003,1,450,Male,30s,College,Regular
400401,1,350,Male,Above 50,High School,Non-regular
400402,1,171,Female,Above 50,High School,Non-regular
400403,1,438,Male,40s,College,Regular
400502,1,180,Male,Above 50,College,Non-regular
400601,1,650,Male,Above 50,College,Regular
400603,1,350,Male,30s,College,Regular
400604,1,65,Female,Below 30,College,Non-regular
401003,5,400,Female,30s,College,Regular
402005,1,280,Male,Above 50,High School,Regular
402204,1,270,Female,40s,College,Regular
402305,1,220,Female,40s,College,Non-regular
402306,1,250,Male,40s,College,Regular
402307,1,370,Male,40s,College,Regular
402403,1,330,Female,40s,High School,Regular
402503,5,300,Male,Above 50,College,Non-regular
402506,1,300,Female,40s,College,Regular
402507,5,210,Male,Below 30,High School,Regular
402508,1,63,Female,Below 30,College,Non-regular
403001,1,230,Female,Above 50,High School,Non-regular
403002,1,290,Male,30s,High School,Non-regular
403003,1,290,Female,30s,High School,Regular
403101,1,100,Female,Above 50,High School,Non-regular
403402,5,153,Female,Above 50,High School,Non-regular
403403,1,680,Male,40s,College,Regular
403405,1,650,Female,40s,College,Regular
403406,5,220,Female,Below 30,College,Non-regular
403603,1,400,Male,40s,College,Regular
403604,1,250,Male,40s,High School,Regular
403703,1,530,Male,Above 50,High School,Regular
403704,5,295,Female,Above 50,High School,Regular
403706,1,320,Female,Below 30,College,Regular
403803,1,325,Male,Above 50,College,Regular
404201,1,400,Male,Above 50,High School,Regular
404303,1,210,Female,40s,College,Regular
404402,1,100,Female,Above 50,High School,Non-regular
404403,1,332,Male,30s,College,Regular
404701,1,250,Male,Above 50,College,Regular
404702,1,253,Female,Above 50,College,Regular
404805,1,340,Male,30s,College,Regular
404901,1,375,Male,Above 50,High School,Regular
405004,1,390,Male,30s,College,Regular
405203,1,300,Male,Below 30,College,Regular
405303,1,320,Female,40s,College,Non-regular
405304,1,500,Male,40s,College,Regular
405501,1,400,Male,Above 50,High School,Non-regular
405705,1,240,Female,Below 30,College,Regular
405801,1,211,Male,Above 50,High School,Non-regular
406001,5,220,Male,Above 50,High School,Non-regular
406002,1,215,Female,Above 50,High School,Regular
406004,5,235,Male,30s,College,Regular
406204,1,800,Male,30s,College,Regular
406402,1,100,Female,Above 50,High School,Non-regular
406403,5,265,Male,40s,High School,Regular
406404,1,100,Female,30s,College,Non-regular
406605,5,200,Female,40s,High School,Regular
406804,1,335,Male,40s,College,Non-regular
406805,5,230,Male,40s,College,Regular
407003,1,340,Male,Above 50,High School,Non-regular
407302,1,350,Male,Above 50,College,Regular
407405,1,1100,Male,40s,College,Regular
407503,1,500,Male,40s,College,Regular
407706,5,300,Female,40s,College,Regular
407804,1,415,Male,40s,High School,Non-regular
407902,1,29,Female,Above 50,High School,Non-regular
407905,1,230,Female,Below 30,High School,Regular
408002,1,29,Female,Above 50,High School,Non-regular
408804,1,460,Male,40s,High School,Non-regular
408904,1,275,Female,Above 50,High School,Non-regular
408905,1,280,Female,30s,College,Regular
408908,1,200,Male,Above 50,High School,Non-regular
408909,1,144,Female,Above 50,High School,Non-regular
409001,1,285,Male,Above 50,High School,Regular
409002,1,145,Female,Above 50,High School,Regular
409003,5,330,Male,40s,College,Regular
409004,5,400,Female,30s,College,Non-regular
409006,1,350,Male,Above 50,High School,Regular
409007,1,177,Female,40s,College,Regular
409009,1,330,Female,Above 50,High School,Regular
409103,5,300,Male,40s,College,Regular
409301,1,235,Male,Above 50,High School,Non-regular
409302,1,185,Female,Above 50,College,Non-regular
409405,1,500,Male,40s,College,Regular
409702,1,142,Female,Above 50,High School,Non-regular
409903,1,570,Male,Above 50,College,Regular
410006,1,450,Male,30s,College,Regular
410007,1,350,Female,30s,College,Regular
410104,1,100,Female,30s,High School,Non-regular
410106,5,225,Female,30s,College,Non-regular
410107,1,300,Male,Below 30,High School,Regular
410405,1,106,Female,30s,High School,Non-regular
410406,1,250,Male,30s,High School,Non-regular
410503,1,480,Male,30s,College,Regular
410602,1,250,Female,Above 50,High School,Non-regular
411403,1,270,Male,Above 50,College,Regular
411503,1,350,Male,Above 50,High School,Regular
411802,1,185,Female,Above 50,High School,Non-regular
411901,1,571,Female,40s,College,Regular
411902,1,380,Male,40s,College,Regular
411907,1,370,Female,40s,College,Regular
412302,1,150,Female,Above 50,High School,Non-regular
412304,1,300,Female,40s,College,Regular
412403,1,350,Male,Above 50,College,Regular
412405,1,100,Female,40s,High School,Non-regular
412903,1,100,Female,Above 50,High School,Non-regular
413503,1,200,Female,Above 50,High School,Non-regular
413602,1,27,Female,Above 50,High School,Non-regular
413904,1,608,Female,Above 50,College,Regular
413907,1,350,Female,40s,High School,Regular
414003,1,380,Female,30s,College,Regular
414004,1,450,Male,30s,College,Regular
414301,5,76,Male,Above 50,High School,Non-regular
414303,1,395,Female,40s,College,Regular
414304,5,200,Female,30s,High School,Regular
414601,1,330,Female,Above 50,College,Regular
415101,1,300,Female,Above 50,High School,Non-regular
415103,1,210,Female,40s,College,Non-regular
415104,1,376,Male,40s,High School,Regular
415105,1,666,Male,40s,College,Regular
415503,1,730,Male,40s,College,Regular
415603,5,391,Female,40s,College,Non-regular
415606,1,391,Male,40s,College,Regular
416204,5,200,Female,40s,High School,Non-regular
416603,1,600,Male,Above 50,College,Regular
416801,1,70,Male,Above 50,College,Non-regular
416804,1,250,Male,30s,College,Non-regular
417105,1,490,Female,Above 50,College,Regular
417205,1,40,Female,40s,College,Non-regular
417505,1,593,Male,40s,College,Regular
417703,1,894,Male,Above 50,College,Regular
417705,1,400,Female,40s,College,Non-regular
418003,1,600,Male,Above 50,College,Regular
418203,1,400,Female,30s,College,Regular
418204,1,180,Male,30s,College,Regular
418602,5,80,Female,Above 50,High School,Non-regular
418606,5,40,Female,Below 30,College,Non-regular
418802,1,29,Female,Above 50,High School,Non-regular
418804,1,400,Female,40s,College,Regular
418805,1,350,Male,40s,College,Regular
418903,1,520,Male,30s,College,Regular
418904,1,370,Male,30s,High School,Non-regular
418907,5,200,Female,40s,High School,Regular
419202,1,70,Female,Above 50,High School,Non-regular
419204,1,630,Male,40s,College,Regular
419503,1,550,Female,40s,College,Regular
419504,1,375,Female,40s,College,Regular
419701,5,29,Female,Above 50,High School,Non-regular
419702,1,250,Male,Above 50,College,Regular
419804,1,485,Female,30s,College,Regular
420003,1,480,Male,Above 50,College,Regular
420101,1,150,Male,Above 50,High School,Non-regular
420103,1,70,Female,Above 50,College,Non-regular
420201,1,700,Male,Above 50,College,Regular
420203,5,430,Male,30s,College,Non-regular
420204,1,250,Male,Below 30,College,Non-regular
420301,1,420,Female,Above 50,College,Regular
420302,1,900,Male,Above 50,College,Regular
420303,5,70,Male,Below 30,College,Regular
420501,1,600,Male,Above 50,High School,Regular
420601,1,180,Male,Above 50,High School,Non-regular
420604,1,220,Male,30s,High School,Regular
420804,1,420,Male,30s,College,Regular
421503,1,380,Male,Above 50,High School,Regular
421505,1,250,Female,Above 50,College,Regular
421602,5,30,Female,Above 50,High School,Non-regular
421903,1,450,Male,Above 50,High School,Regular
422202,1,150,Female,Above 50,High School,Non-regular
422301,1,100,Male,Above 50,High School,Non-regular
422302,1,100,Female,Above 50,High School,Non-regular
422501,1,230,Male,Above 50,High School,Non-regular
422502,1,215,Female,Above 50,High School,Non-regular
422504,1,400,Male,30s,College,Regular
422704,1,290,Male,40s,College,Regular
422705,1,400,Male,40s,College,Regular
422902,1,252,Female,40s,College,Non-regular
423202,1,500,Female,Above 50,College,Regular
423203,5,300,Male,Below 30,College,Regular
423402,1,585,Female,Above 50,College,Regular
423704,1,600,Female,40s,College,Regular
424003,5,450,Female,30s,College,Regular
424004,1,300,Male,30s,College,Non-regular
424401,1,833,Male,Above 50,College,Non-regular
424403,1,350,Male,30s,College,Regular
424404,1,250,Female,30s,College,Regular
424501,1,192,Male,Above 50,High School,Non-regular
424502,1,90,Female,Above 50,High School,Non-regular
424504,1,225,Female,40s,High School,Non-regular
424505,1,450,Male,40s,College,Regular
424801,1,583,Male,Above 50,College,Non-regular
424802,1,220,Female,Above 50,College,Non-regular
425201,1,150,Male,Above 50,High School,Regular
425203,1,380,Male,40s,College,Regular
425204,1,260,Female,30s,College,Regular
425301,1,184,Male,Above 50,High School,Non-regular
425304,1,300,Female,30s,High School,Regular
425401,1,240,Male,Above 50,High School,Non-regular
425402,1,300,Female,Above 50,High School,Non-regular
425403,1,339,Male,30s,College,Regular
425602,1,600,Female,Above 50,College,Regular
425603,5,250,Female,Below 30,College,Regular
425802,1,80,Female,Above 50,High School,Non-regular
425804,1,250,Female,40s,High School,Regular
426003,1,270,Female,40s,College,Regular
426004,1,740,Male,40s,College,Regular
426201,1,150,Male,Above 50,High School,Non-regular
426203,1,200,Male,30s,High School,Regular
426803,1,650,Male,Above 50,High School,Regular
426905,1,150,Female,Above 50,High School,Non-regular
427004,1,500,Male,40s,High School,Regular
427005,1,360,Female,40s,College,Regular
427006,1,420,Male,40s,College,Regular
427604,1,195,Female,40s,College,Non-regular
428201,1,280,Male,Above 50,High School,Non-regular
428204,1,300,Male,30s,College,Non-regular
428403,1,250,Female,40s,High School,Regular
428405,5,830,Male,40s,College,Regular
428503,1,105,Female,Above 50,College,Non-regular
428504,1,580,Male,Above 50,College,Regular
428505,1,320,Male,40s,College,Regular
428703,1,360,Female,40s,College,Regular
428706,1,300,Male,Below 30,College,Regular
429104,1,500,Female,Above 50,College,Regular
429202,1,250,Female,Above 50,High School,Non-regular
429205,1,300,Female,30s,College,Regular
429301,5,29,Female,Above 50,High School,Non-regular
429302,1,480,Male,Above 50,College,Regular
429604,1,210,Female,Above 50,College,Non-regular
429605,1,360,Male,40s,College,Regular
429701,1,29,Female,Above 50,High School,Non-regular
429802,5,29,Female,Above 50,High School,Non-regular
430203,1,420,Male,30s,College,Regular
430204,5,200,Male,30s,College,Non-regular
430302,1,29,Female,Above 50,High School,Non-regular
430303,1,350,Male,40s,College,Regular
430402,5,50,Female,40s,High School,Non-regular
430403,1,300,Male,40s,College,Regular
430404,1,20,Female,Above 50,High School,Non-regular
430406,1,250,Female,40s,College,Regular
430502,1,29,Female,Above 50,High School,Non-regular
430504,1,300,Female,Above 50,College,Regular
430604,5,78,Female,40s,College,Non-regular
430902,1,100,Male,Above 50,High School,Non-regular
430907,1,120,Female,30s,High School,Non-regular
431302,1,29,Female,Above 50,High School,Non-regular
431303,1,460,Male,40s,College,Regular
431802,1,220,Female,Above 50,High School,Regular
431804,1,340,Female,30s,College,Regular
431901,5,29,Male,Above 50,High School,Non-regular
432001,1,380,Male,Above 50,College,Regular
432003,1,480,Male,Below 30,High School,Regular
432005,1,180,Female,Above 50,High School,Regular
432202,1,630,Female,Above 50,College,Regular
432203,1,380,Male,30s,High School,Regular
432402,5,29,Female,Above 50,High School,Non-regular
432501,1,250,Male,Above 50,College,Regular
432803,1,240,Female,Above 50,College,Regular
432808,1,300,Male,Above 50,High School,Regular
433003,1,150,Male,30s,College,Non-regular
433104,1,250,Male,40s,High School,Non-regular
433105,1,250,Male,40s,High School,Non-regular
433306,1,180,Female,Above 50,High School,Non-regular
433401,5,60,Female,Above 50,High School,Non-regular
433402,1,290,Female,40s,College,Non-regular
433404,1,500,Male,40s,College,Regular
433504,1,400,Male,30s,College,Regular
433704,1,400,Female,30s,College,Regular
433705,1,280,Female,30s,College,Regular
433706,1,280,Female,30s,College,Regular
434401,1,300,Male,Above 50,High School,Non-regular
434402,1,120,Female,Above 50,High School,Non-regular
434403,1,280,Male,30s,College,Regular
434404,1,330,Female,30s,College,Regular
434502,1,550,Female,Above 50,College,Regular
434503,1,250,Female,30s,College,Regular
434504,1,280,Female,30s,College,Regular
434602,1,150,Female,30s,High School,Non-regular
434704,1,500,Male,40s,College,Regular
434705,1,650,Male,40s,College,Regular
434802,1,500,Male,Above 50,College,Regular
434803,5,100,Male,Below 30,College,Non-regular
434903,1,150,Female,Above 50,High School,Non-regular
435002,1,178,Female,Above 50,High School,Non-regular
435004,1,400,Male,40s,College,Regular
435303,1,980,Male,Above 50,College,Regular
435402,1,400,Male,40s,College,Regular
435404,1,180,Female,40s,High School,Non-regular
435501,1,230,Female,40s,High School,Regular
435503,1,150,Female,Above 50,High School,Non-regular
435602,5,235,Female,Above 50,College,Regular
435603,5,185,Male,Below 30,College,Regular
435604,1,193,Female,Below 30,College,Regular
435701,1,1500,Male,Above 50,High School,Regular
435703,5,270,Male,Below 30,College,Regular
435704,1,300,Male,Below 30,College,Non-regular
435901,1,400,Male,Above 50,High School,Non-regular
435902,1,230,Female,Above 50,High School,Regular
435903,5,330,Male,30s,College,Regular
436103,5,55,Male,Above 50,College,Non-regular
436302,5,29,Female,Above 50,High School,Non-regular
436303,1,1000,Male,Above 50,College,Regular
436402,1,550,Male,30s,High School,Regular
436406,5,230,Female,Above 50,High School,Regular
436801,1,210,Female,Above 50,High School,Non-regular
436802,5,220,Female,30s,College,Regular
436804,1,280,Male,30s,College,Regular
436903,1,400,Male,40s,College,Regular
436905,1,500,Male,Below 30,College,Regular
437002,1,244,Female,Above 50,College,Regular
437304,1,340,Male,Above 50,College,Regular
437305,1,80,Male,Below 30,High School,Non-regular
437502,1,150,Female,Above 50,High School,Non-regular
437603,1,500,Male,40s,College,Regular
437704,1,210,Male,Above 50,High School,Non-regular
437801,1,80,Male,Above 50,High School,Non-regular
437803,5,350,Male,40s,College,Regular
437804,5,330,Male,40s,College,Regular
437901,1,400,Male,Above 50,High School,Non-regular
437903,1,240,Female,30s,College,Regular
438001,5,29,Female,Above 50,High School,Non-regular
438003,1,790,Male,40s,College,Regular
438205,5,80,Female,40s,High School,Non-regular
438403,1,400,Female,40s,College,Regular
438701,1,180,Male,Above 50,College,Regular
438802,1,50,Female,Above 50,College,Non-regular
439003,1,160,Female,Above 50,College,Regular
439004,1,300,Female,30s,College,Regular
439006,1,240,Female,Below 30,College,Regular
439008,1,29,Female,Above 50,High School,Non-regular
439203,5,440,Male,Above 50,College,Regular
439502,1,376,Male,30s,College,Regular
439601,1,150,Male,Above 50,College,Regular
439603,1,900,Male,Above 50,High School,Regular
439701,1,400,Male,Above 50,High School,Non-regular
439702,1,320,Female,Above 50,High School,Regular
439703,1,500,Male,30s,College,Regular
439704,1,430,Male,Below 30,College,Regular
439802,1,220,Female,Above 50,High School,Non-regular
439804,1,300,Male,30s,High School,Regular
439901,1,350,Male,Above 50,College,Regular
439903,5,350,Male,30s,College,Non-regular
440003,1,390,Male,40s,College,Regular
440004,1,580,Female,40s,College,Regular
440103,1,641,Male,30s,College,Regular
440304,1,210,Male,Below 30,College,Non-regular
440401,1,720,Male,Above 50,College,Regular
440601,1,440,Male,Above 50,College,Regular
440602,1,96,Female,Above 50,High School,Non-regular
440603,1,225,Male,30s,College,Regular
440604,1,280,Female,30s,College,Regular
440701,5,320,Male,Above 50,High School,Non-regular
440703,1,367,Male,30s,College,Regular
440704,1,400,Male,30s,College,Regular
440801,1,600,Male,Above 50,College,Regular
440802,1,670,Female,Above 50,College,Regular
440803,5,220,Male,30s,College,Regular
440804,1,265,Male,30s,College,Regular
441001,1,350,Male,Above 50,College,Regular
441005,1,400,Female,40s,College,Regular
441103,1,620,Male,Above 50,College,Regular
441104,1,465,Male,40s,College,Regular
441203,5,180,Female,Above 50,High School,Non-regular
441303,1,630,Female,Above 50,College,Regular
441306,1,320,Male,40s,College,Regular
442004,1,650,Male,40s,College,Regular
442203,1,650,Male,40s,College,Regular
442405,1,280,Female,Below 30,College,Regular
442803,1,195,Male,30s,High School,Non-regular
442901,1,380,Male,Above 50,High School,Regular
442902,1,190,Female,Above 50,High School,Non-regular
443003,1,400,Female,40s,High School,Regular
443004,1,70,Female,40s,High School,Non-regular
443005,1,300,Female,40s,College,Regular
443009,1,184,Female,Above 50,High School,Non-regular
443103,1,220,Male,Above 50,High School,Non-regular
443204,5,345,Female,Below 30,College,Regular
443502,1,365,Female,Above 50,High School,Regular
443705,1,270,Female,40s,College,Non-regular
443706,1,100,Male,Above 50,College,Regular
443802,5,240,Female,40s,College,Non-regular
443901,1,150,Male,Above 50,High School,Non-regular
443903,1,240,Female,30s,College,Regular
444102,1,250,Male,Above 50,High School,Non-regular
444403,1,250,Female,30s,College,Regular
444501,1,300,Male,Above 50,High School,Regular
444703,1,170,Female,30s,College,Regular
444704,1,220,Female,30s,College,Regular
444903,1,220,Female,Above 50,College,Regular
445002,1,550,Male,40s,College,Regular
445011,1,230,Female,30s,High School,Non-regular
445404,1,480,Male,Above 50,High School,Regular
445603,1,300,Female,Above 50,College,Regular
446002,1,120,Female,Above 50,College,Non-regular
446101,1,250,Male,Above 50,High School,Non-regular
446203,1,350,Male,Below 30,College,Regular
446501,1,100,Male,Above 50,High School,Non-regular
446801,1,500,Male,Above 50,College,Non-regular
446804,1,360,Male,40s,College,Regular
446805,1,100,Female,40s,College,Non-regular
446904,1,460,Male,40s,College,Regular
446905,1,70,Female,40s,High School,Non-regular
447001,1,190,Male,Above 50,High School,Non-regular
447003,1,230,Female,40s,College,Regular
447004,1,400,Male,30s,College,Regular
447403,1,200,Female,Above 50,High School,Regular
447404,1,310,Male,40s,High School,Regular
447803,1,1000,Male,Above 50,College,Regular
448205,1,852,Male,40s,College,Regular
448206,1,400,Male,40s,College,Regular
448207,1,220,Female,40s,High School,Non-regular
448208,1,300,Female,Below 30,College,Regular
448209,1,340,Female,Below 30,College,Regular
448306,1,220,Female,Below 30,High School,Regular
448703,1,470,Male,Above 50,College,Regular
448802,1,170,Female,Above 50,High School,Non-regular
448904,1,150,Male,30s,College,Non-regular
449001,1,190,Male,Above 50,High School,Non-regular
449201,1,200,Male,Above 50,High School,Non-regular
449203,1,500,Male,30s,College,Regular
449204,5,360,Male,30s,College,Regular
449903,5,360,Female,40s,College,Non-regular
450002,1,330,Male,Above 50,College,Regular
450103,1,350,Male,Above 50,College,Regular
450301,1,420,Male,Above 50,College,Regular
450302,1,167,Female,Above 50,College,Regular
450303,1,70,Male,Below 30,College,Non-regular
450304,1,250,Male,Below 30,College,Regular
450404,1,150,Female,Above 50,High School,Non-regular
450503,1,27,Female,Above 50,High School,Non-regular
450602,1,215,Female,Above 50,High School,Regular
450603,1,270,Female,Below 30,College,Regular
451103,1,260,Female,Above 50,College,Non-regular
451201,1,320,Female,Above 50,College,Regular
451602,1,300,Female,Above 50,High School,Regular
451603,5,240,Female,30s,College,Regular
451604,1,260,Female,30s,College,Regular
451702,1,300,Male,40s,High School,Non-regular
451703,1,400,Female,40s,College,Regular
451704,1,350,Male,40s,College,Regular
451705,1,146,Female,40s,High School,Non-regular
451802,1,350,Male,Above 50,High School,Regular
451902,1,195,Female,40s,College,Non-regular
452201,1,345,Male,Above 50,High School,Regular
452202,1,226,Female,Above 50,High School,Regular
452403,1,280,Female,30s,College,Regular
452604,1,287,Male,30s,College,Regular
452807,1,300,Male,30s,College,Non-regular
453001,1,350,Male,Above 50,College,Regular
453002,1,185,Female,Above 50,High School,Non-regular
453104,1,480,Female,40s,College,Regular
453105,1,350,Male,40s,College,Regular
453203,1,300,Male,30s,College,Non-regular
453204,1,220,Female,Below 30,College,Regular
453403,1,500,Male,40s,College,Regular
453503,1,250,Male,Above 50,High School,Non-regular
453505,1,203,Female,40s,High School,Non-regular
453506,1,300,Female,30s,College,Regular
453507,5,300,Male,30s,College,Regular
453801,5,29,Male,Above 50,High School,Non-regular
453802,5,29,Female,Above 50,High School,Non-regular
453804,1,600,Male,40s,College,Non-regular
453805,1,200,Male,40s,College,Non-regular
454404,5,210,Female,30s,College,Non-regular
454405,1,250,Male,Below 30,College,Regular
454501,1,600,Male,Above 50,High School,Regular
455201,1,230,Male,Above 50,High School,Regular
455202,1,250,Female,Above 50,High School,Non-regular
455302,1,200,Female,Above 50,High School,Non-regular
455304,1,240,Male,30s,College,Regular
455306,1,325,Female,Below 30,College,Regular
455401,1,700,Male,Above 50,High School,Regular
455402,5,73,Female,Above 50,High School,Non-regular
455403,5,600,Female,40s,College,Regular
455404,1,830,Male,40s,College,Regular
455603,1,250,Male,Below 30,College,Regular
456003,1,120,Female,30s,High School,Regular
456601,1,230,Male,Above 50,High School,Non-regular
456602,1,200,Female,Above 50,High School,Regular
456603,1,350,Male,40s,College,Regular
456901,5,120,Male,Above 50,College,Non-regular
456902,1,200,Female,Above 50,High School,Non-regular
456903,1,330,Male,30s,College,Regular
457401,1,800,Male,Above 50,High School,Regular
457402,1,240,Female,Above 50,High School,Non-regular
457403,1,235,Female,Above 50,College,Non-regular
457501,1,900,Male,Above 50,College,Regular
457505,1,120,Female,Below 30,College,Non-regular
457801,1,300,Male,Above 50,High School,Regular
457901,1,220,Female,Above 50,College,Regular
458103,1,230,Male,Below 30,College,Non-regular
458303,1,350,Male,30s,College,Regular
458403,1,330,Female,30s,College,Non-regular
458501,1,480,Male,Above 50,High School,Regular
458502,1,200,Female,Above 50,High School,Non-regular
458503,1,195,Female,30s,College,Regular
458703,1,442,Male,30s,College,Regular
459001,1,250,Male,Above 50,College,Non-regular
459002,1,100,Female,Above 50,High School,Non-regular
459003,1,265,Male,Below 30,College,Non-regular
459004,5,320,Male,Below 30,College,Non-regular
459201,1,550,Male,Above 50,College,Regular
459203,1,250,Female,30s,College,Regular
459303,1,350,Male,30s,College,Regular
459304,1,265,Female,30s,College,Regular
459401,1,800,Male,Above 50,College,Regular
459501,1,700,Male,Above 50,College,Regular
459503,1,300,Female,30s,College,Regular
459504,1,330,Male,30s,College,Regular
459603,1,230,Female,40s,College,Regular
459703,1,350,Male,Above 50,College,Regular
459704,1,100,Female,30s,College,Non-regular
459705,1,200,Male,Above 50,High School,Non-regular
460003,1,410,Male,40s,College,Regular
460102,1,290,Female,Above 50,High School,Regular
460103,1,300,Female,30s,College,Regular
460104,1,328,Female,30s,College,Regular
460301,1,320,Male,Above 50,High School,Regular
460302,1,180,Female,Above 50,High School,Regular
460402,1,25,Female,Above 50,High School,Non-regular
460703,1,320,Male,40s,College,Regular
460804,1,250,Female,Below 30,High School,Regular
460805,1,200,Female,30s,High School,Non-regular
461201,1,530,Male,Above 50,College,Regular
461202,1,170,Female,Above 50,College,Regular
461204,1,283,Male,Below 30,College,Regular
461501,5,260,Male,Above 50,High School,Non-regular
461502,5,200,Female,Above 50,High School,Non-regular
461504,1,320,Female,30s,College,Regular
461801,1,170,Male,Above 50,High School,Non-regular
461803,1,190,Female,40s,College,Regular
461804,1,350,Male,40s,College,Regular
461805,1,330,Male,40s,College,Regular
461902,1,220,Female,Above 50,High School,Regular
461904,1,330,Male,30s,College,Regular
462002,1,290,Female,Above 50,High School,Regular
462003,1,350,Male,30s,High School,Non-regular
462204,1,200,Female,Above 50,High School,Non-regular
462205,1,250,Female,Below 30,College,Regular
462402,1,29,Male,Above 50,High School,Non-regular
462603,1,180,Female,40s,College,Non-regular
462604,1,39,Female,40s,College,Non-regular
462902,1,70,Female,Above 50,High School,Non-regular
463103,1,500,Male,Above 50,High School,Regular
463403,1,600,Male,Above 50,College,Regular
463504,1,220,Female,40s,College,Regular
463701,1,200,Male,Above 50,High School,Non-regular
463703,1,120,Female,40s,College,Regular
463707,1,270,Male,30s,College,Regular
463903,1,370,Male,40s,College,Regular
464103,1,250,Male,30s,College,Non-regular
464203,5,400,Female,40s,College,Regular
464204,1,380,Male,30s,College,Regular
464401,5,28,Female,Above 50,High School,Non-regular
465403,1,450,Male,Above 50,High School,Regular
465503,5,480,Male,40s,High School,Regular
465504,1,440,Male,40s,High School,Regular
465602,5,310,Female,Above 50,High School,Non-regular
465903,5,355,Male,40s,High School,Non-regular
465905,5,268,Male,Below 30,High School,Non-regular
465906,1,280,Male,40s,High School,Non-regular
466405,5,350,Male,30s,College,Non-regular
466601,5,270,Male,Above 50,High School,Regular
467002,1,100,Female,Above 50,High School,Non-regular
467003,1,400,Male,30s,College,Regular
467502,5,29,Male,Above 50,High School,Non-regular
467504,5,150,Female,Below 30,College,Non-regular
468605,1,320,Male,30s,College,Regular
468704,5,260,Female,30s,College,Regular
469003,1,650,Male,Above 50,College,Regular
469004,1,230,Female,40s,College,Non-regular
469005,1,280,Female,40s,College,Non-regular
469702,1,100,Female,Above 50,High School,Non-regular
469705,1,350,Male,40s,College,Regular
470002,1,220,Female,Above 50,High School,Regular
470003,1,200,Male,30s,College,Non-regular
470004,1,230,Male,30s,College,Regular
470102,1,450,Female,Above 50,College,Regular
470103,5,270,Male,Below 30,College,Regular
470203,1,350,Male,30s,College,Regular
470204,1,400,Female,30s,College,Regular
470505,1,320,Female,40s,College,Regular
470506,1,310,Male,30s,College,Regular
470903,1,324,Male,40s,High School,Regular
471303,1,300,Female,40s,College,Regular
471304,1,666,Male,30s,College,Non-regular
471802,5,29,Female,Above 50,High School,Non-regular
471803,5,300,Female,40s,High School,Non-regular
471805,1,390,Male,30s,College,Regular
471905,5,200,Male,Below 30,College,Regular
472001,1,400,Male,Above 50,High School,Regular
472002,1,280,Female,Above 50,High School,Non-regular
472003,1,300,Female,30s,College,Regular
472004,1,400,Male,30s,College,Regular
472402,1,300,Female,Above 50,High School,Regular
472403,1,300,Male,30s,College,Regular
472502,1,150,Female,Above 50,High School,Non-regular
472503,1,600,Female,40s,College,Regular
472603,1,370,Female,Above 50,College,Regular
472701,1,620,Male,Above 50,College,Regular
472703,1,250,Male,Below 30,College,Regular
472704,1,120,Male,Below 30,College,Non-regular
472801,1,400,Male,Above 50,High School,Regular
472802,5,150,Female,Above 50,High School,Non-regular
472803,1,520,Male,30s,College,Regular
472901,1,180,Male,Above 50,High School,Regular
472903,1,400,Male,40s,College,Regular
472904,1,315,Male,40s,College,Regular
473301,1,250,Male,Above 50,College,Regular
473601,1,280,Male,Above 50,High School,Non-regular
473802,1,100,Female,Above 50,College,Non-regular
473804,1,320,Male,30s,College,Non-regular
473901,1,500,Male,Above 50,College,Regular
473903,5,300,Female,Below 30,College,Non-regular
474103,1,850,Male,Above 50,High School,Regular
474703,1,650,Male,Above 50,College,Regular
474803,1,900,Male,40s,College,Regular
474901,1,27,Male,Above 50,College,Non-regular
474903,1,550,Male,40s,College,Regular
474904,5,230,Female,40s,College,Regular
475201,5,270,Male,Above 50,College,Non-regular
475501,1,1250,Male,Above 50,College,Regular
475504,1,235,Male,Below 30,College,Regular
475601,5,29,Male,Above 50,College,Non-regular
475602,1,29,Female,Above 50,High School,Non-regular
475904,1,310,Female,Below 30,College,Regular
476002,1,235,Female,Above 50,High School,Regular
476003,1,350,Male,30s,College,Regular
476004,1,530,Female,30s,College,Regular
476104,5,150,Female,30s,College,Non-regular
476201,1,400,Male,Above 50,College,Regular
476202,1,250,Female,Above 50,College,Non-regular
476203,1,250,Female,Below 30,College,Non-regular
476302,1,320,Female,Above 50,High School,Regular
476303,1,250,Female,40s,High School,Regular
476304,1,300,Female,30s,College,Regular
476703,1,200,Male,40s,College,Non-regular
477001,1,750,Male,Above 50,High School,Regular
477003,5,210,Female,Below 30,College,Non-regular
477103,1,275,Female,40s,College,Regular
477104,1,620,Male,40s,High School,Regular
477105,1,200,Female,40s,College,Regular
477203,1,490,Female,40s,College,Regular
477204,5,300,Male,40s,College,Regular
477404,5,300,Male,40s,High School,Regular
477405,5,310,Male,40s,College,Regular
477501,1,300,Male,Above 50,High School,Regular
477901,1,100,Male,Above 50,High School,Non-regular
477902,1,200,Female,Above 50,High School,Regular
477903,1,325,Male,40s,College,Regular
478202,1,29,Female,Above 50,High School,Non-regular
478303,1,800,Male,40s,College,Regular
478304,1,275,Male,40s,College,Regular
478503,1,300,Male,Above 50,High School,Non-regular
478601,1,28,Male,Above 50,College,Non-regular
478603,1,620,Male,40s,College,Regular
478604,1,480,Male,40s,College,Regular
478703,1,500,Male,30s,College,Regular
478704,1,310,Male,30s,College,Regular
478904,1,200,Male,Below 30,College,Non-regular
479304,1,400,Male,40s,College,Regular
479503,1,500,Male,Above 50,College,Regular
479602,1,150,Female,Above 50,High School,Non-regular
479604,5,185,Male,40s,College,Regular
479701,1,450,Male,Above 50,High School,Regular
479902,1,150,Female,Above 50,High School,Non-regular
479904,1,72,Male,Above 50,High School,Non-regular
480002,1,450,Male,40s,High School,Regular
480104,1,300,Male,40s,College,Regular
480302,1,110,Female,Above 50,College,Non-regular
480303,1,310,Male,Above 50,College,Regular
480703,1,1008,Male,40s,College,Regular
480704,1,350,Female,40s,College,Regular
481203,1,200,Female,30s,High School,Regular
481204,1,235,Female,Below 30,College,Non-regular
481304,1,130,Female,Above 50,High School,Non-regular
481305,1,450,Female,Below 30,College,Regular
481306,1,210,Female,Below 30,College,Regular
481307,5,220,Male,Below 30,College,Regular
481308,5,198,Male,Below 30,College,Regular
481503,1,350,Male,Above 50,High School,Non-regular
481504,1,545,Male,Above 50,High School,Regular
481505,1,400,Male,40s,High School,Non-regular
481603,1,550,Male,40s,College,Regular
481903,1,325,Male,40s,College,Regular
482101,5,250,Male,Above 50,College,Regular
482102,1,230,Female,Above 50,High School,Regular
482103,5,350,Female,30s,College,Regular
482104,1,250,Female,Below 30,College,Regular
482404,1,440,Male,40s,College,Regular
482503,5,250,Male,Above 50,College,Non-regular
482603,1,200,Female,40s,College,Regular
482604,1,850,Male,40s,College,Regular
482705,1,350,Male,40s,College,Regular
483002,5,120,Female,Above 50,High School,Non-regular
483101,1,700,Male,Above 50,College,Non-regular
483102,5,170,Female,Above 50,College,Non-regular
483104,1,350,Male,Below 30,College,Non-regular
483201,1,230,Male,Above 50,High School,Non-regular
483204,1,100,Female,30s,College,Regular
483304,1,560,Male,40s,College,Regular
483402,1,180,Female,Above 50,High School,Non-regular
483403,1,280,Female,Above 50,High School,Regular
483404,1,500,Female,40s,College,Regular
483405,1,300,Male,40s,College,Regular
483503,1,300,Female,30s,College,Non-regular
483601,1,310,Male,Above 50,College,Regular
483602,5,200,Female,Above 50,College,Non-regular
483702,1,400,Male,40s,High School,Regular
483802,1,193,Female,Above 50,College,Regular
484005,1,250,Male,Below 30,College,Regular
484101,1,250,Male,Above 50,High School,Non-regular
484104,1,250,Male,30s,College,Regular
484105,1,300,Female,30s,College,Regular
484204,5,205,Female,Above 50,College,Non-regular
484205,1,300,Male,30s,College,Regular
484206,1,200,Male,Below 30,High School,Regular
484304,1,220,Female,Above 50,High School,Non-regular
484603,1,350,Male,30s,College,Regular
484604,1,240,Female,30s,College,Regular
484702,1,195,Female,Above 50,College,Non-regular
484801,1,300,Male,Above 50,High School,Regular
484802,1,230,Female,Above 50,High School,Regular
484804,1,280,Female,Below 30,College,Regular
484903,1,450,Male,30s,College,Regular
485404,1,180,Male,Below 30,High School,Non-regular
485503,1,350,Female,30s,College,Regular
485504,1,300,Male,30s,College,Regular
485505,5,480,Male,Below 30,College,Regular
485603,1,400,Female,Above 50,College,Regular
485901,1,600,Male,Above 50,College,Regular
485902,1,300,Female,Above 50,College,Regular
486402,1,27,Female,Above 50,High School,Non-regular
486404,1,370,Male,Above 50,College,Regular
486405,5,315,Female,Below 30,College,Regular
486503,1,250,Male,40s,College,Non-regular
486602,1,550,Male,Above 50,College,Regular
486802,1,750,Male,40s,College,Regular
486902,1,380,Male,40s,College,Regular
486903,1,390,Male,40s,College,Regular
487003,1,400,Male,Above 50,College,Non-regular
487006,5,150,Female,Below 30,High School,Non-regular
487103,1,270,Male,30s,College,Non-regular
487104,1,120,Female,30s,College,Non-regular
487203,1,400,Male,40s,College,Regular
487403,1,400,Male,40s,High School,Regular
487603,1,240,Female,40s,College,Regular
487606,5,280,Female,30s,College,Regular
488005,1,350,Male,Above 50,High School,Regular
488006,1,190,Female,Above 50,High School,Regular
488101,1,300,Male,Above 50,College,Non-regular
488106,1,380,Male,30s,College,Regular
488201,5,500,Male,Above 50,High School,Non-regular
488203,1,252,Female,Below 30,College,Regular
488204,5,287,Male,Below 30,College,Regular
488301,1,430,Male,Above 50,High School,Regular
488302,1,230,Female,Above 50,High School,Regular
488303,5,160,Female,Below 30,College,Non-regular
488403,5,220,Female,Below 30,High School,Non-regular
488404,1,230,Male,Below 30,College,Non-regular
488503,1,300,Male,30s,College,Regular
488601,1,500,Male,Above 50,High School,Regular
488602,1,250,Female,Above 50,High School,Regular
488702,1,29,Female,Above 50,High School,Non-regular
488801,1,60,Male,Above 50,High School,Non-regular
488802,1,70,Female,Above 50,High School,Non-regular
488803,1,440,Female,40s,College,Regular
489105,1,380,Female,40s,College,Regular
489601,1,100,Male,Above 50,High School,Non-regular
489603,1,208,Female,30s,College,Regular
489701,1,27,Male,Above 50,High School,Non-regular
489703,1,450,Male,Above 50,College,Regular
489704,1,300,Male,40s,College,Regular
490001,1,300,Male,Above 50,High School,Regular
490101,1,156,Male,Above 50,High School,Non-regular
490102,1,48,Female,Above 50,High School,Non-regular
490104,1,300,Male,30s,College,Regular
490303,1,200,Male,Above 50,High School,Non-regular
490304,1,200,Female,Above 50,High School,Regular
490503,1,100,Female,40s,High School,Non-regular
490504,1,783,Male,Above 50,High School,Regular
490507,1,331,Female,Below 30,College,Regular
490801,1,660,Male,Above 50,College,Regular
490901,1,700,Male,Above 50,College,Regular
490902,1,650,Female,Above 50,College,Regular
491004,1,250,Male,30s,College,Regular
491005,1,270,Female,Below 30,College,Non-regular
491203,1,220,Female,40s,College,Regular
491503,5,250,Male,40s,College,Regular
491601,5,50,Male,Above 50,High School,Non-regular
491602,1,128,Female,Above 50,High School,Non-regular
491604,5,125,Female,40s,College,Non-regular
491704,1,321,Male,Above 50,College,Regular
491805,1,500,Male,40s,College,Regular
491903,1,385,Male,40s,College,Regular
492101,1,388,Male,Above 50,High School,Regular
492102,1,303,Female,40s,High School,Regular
492804,1,213,Female,40s,College,Regular
492901,1,400,Male,Above 50,High School,Non-regular
492902,1,180,Female,40s,High School,Non-regular
492904,1,103,Female,Below 30,College,Non-regular
493001,1,500,Male,Above 50,College,Regular
493002,1,250,Female,Above 50,High School,Regular
493003,1,291,Male,30s,College,Regular
493004,1,541,Female,Below 30,College,Regular
493203,1,430,Male,40s,College,Regular
493301,1,300,Male,Above 50,High School,Regular
493303,1,400,Male,30s,College,Regular
494203,1,380,Male,Above 50,College,Regular
494403,1,435,Male,Above 50,College,Non-regular
494404,1,760,Male,40s,High School,Regular
494407,5,220,Female,Below 30,High School,Non-regular
494409,5,180,Female,Below 30,College,Regular
494601,1,100,Male,Above 50,High School,Non-regular
494602,1,210,Female,Above 50,High School,Non-regular
494604,1,110,Female,30s,College,Regular
494702,1,200,Female,Above 50,High School,Non-regular
494704,5,270,Male,30s,College,Regular
495403,1,266,Female,Above 50,College,Regular
495406,1,320,Male,40s,College,Regular
495602,1,27,Female,Above 50,High School,Non-regular
495607,1,180,Male,30s,College,Regular
495801,5,200,Male,Above 50,College,Non-regular
495903,1,240,Male,40s,High School,Regular
495904,1,330,Male,40s,High School,Regular
495905,1,100,Male,40s,High School,Non-regular
495906,1,327,Female,40s,High School,Regular
496203,1,500,Female,40s,College,Regular
496303,1,475,Male,Above 50,College,Regular
496402,1,108,Female,Above 50,High School,Non-regular
496404,5,72,Female,40s,College,Non-regular
496501,1,233,Male,Above 50,High School,Non-regular
496502,1,180,Female,Above 50,High School,Non-regular
496701,1,550,Male,Above 50,College,Regular
496702,5,110,Female,Above 50,High School,Non-regular
496902,1,240,Male,30s,High School,Non-regular
497101,1,250,Male,Above 50,College,Regular
497102,1,200,Female,Above 50,High School,Regular
497104,1,300,Female,30s,College,Regular
497301,1,243,Male,Above 50,High School,Regular
497302,1,300,Female,Above 50,High School,Non-regular
497605,1,750,Male,40s,College,Regular
497701,1,345,Male,Above 50,High School,Regular
497901,1,800,Male,Above 50,College,Regular
497902,1,200,Female,Above 50,College,Non-regular
498102,1,120,Female,Above 50,High School,Non-regular
498104,1,700,Male,40s,College,Regular
498205,1,300,Male,Above 50,High School,Regular
498403,1,580,Female,Above 50,College,Regular
498404,1,117,Male,Above 50,College,Non-regular
498701,5,200,Male,Above 50,High School,Non-regular
498702,5,200,Female,Above 50,High School,Non-regular
498801,1,300,Male,Above 50,High School,Regular
498802,1,200,Female,Above 50,College,Regular
498803,1,250,Female,Below 30,College,Regular
498804,1,100,Male,Below 30,College,Non-regular
499002,1,550,Male,Above 50,High School,Non-regular
499005,1,250,Female,30s,College,Regular
499006,1,400,Male,30s,College,Regular
499105,1,165,Female,30s,College,Non-regular
499401,1,60,Female,Above 50,High School,Non-regular
499501,1,930,Male,Above 50,College,Regular
499502,1,170,Female,Above 50,High School,Non-regular
499504,5,180,Female,Below 30,College,Non-regular
499801,1,250,Male,Above 50,College,Non-regular
499802,5,150,Female,Above 50,College,Non-regular
499803,5,200,Female,30s,College,Non-regular
499902,5,29,Female,Above 50,High School,Non-regular
499904,1,200,Female,30s,College,Non-regular
500004,1,315,Male,30s,College,Regular
500302,1,380,Male,Above 50,High School,Regular
500504,5,100,Male,Below 30,High School,Non-regular
501004,1,1200,Male,Above 50,College,Regular
501502,1,288,Female,40s,College,Non-regular
501603,5,200,Male,Below 30,College,Regular
501704,1,250,Female,Below 30,College,Regular
501803,1,230,Female,Below 30,College,Non-regular
501804,5,230,Male,Below 30,High School,Regular
503002,1,300,Female,40s,High School,Regular
503101,1,630,Male,Above 50,College,Regular
504403,5,64,Female,Below 30,College,Non-regular
504501,1,500,Male,Above 50,College,Regular
504705,1,240,Female,Below 30,College,Regular
505003,1,140,Female,Above 50,College,Non-regular
505603,5,200,Male,Below 30,College,Regular
505904,1,950,Male,Above 50,College,Regular
506203,5,210,Female,Below 30,College,Regular
506505,1,250,Female,Below 30,High School,Non-regular
506903,1,185,Male,Above 50,College,Regular
507003,1,260,Male,Below 30,High School,Regular
507004,1,195,Male,Below 30,High School,Regular
507203,1,279,Female,Below 30,High School,Regular
507501,1,420,Male,Above 50,High School,Non-regular
507703,5,96,Female,Below 30,College,Non-regular
507902,1,568,Male,Above 50,College,Regular
508101,1,310,Male,Above 50,College,Regular
508202,5,255,Female,Above 50,High School,Regular
508304,1,230,Female,Below 30,High School,Non-regular
508306,1,180,Female,Below 30,High School,Regular
508504,5,360,Female,Below 30,College,Regular
508702,5,800,Female,Above 50,College,Regular
508703,5,240,Female,Below 30,College,Regular
508801,1,660,Male,Above 50,College,Regular
509102,1,230,Female,40s,High School,Regular
509402,5,192,Male,Above 50,High School,Non-regular
509503,1,230,Female,Below 30,College,Regular
509602,5,270,Female,Above 50,High School,Regular
509607,5,450,Male,40s,College,Non-regular
510002,5,150,Female,Above 50,College,Regular
510003,5,60,Male,Below 30,College,Non-regular
510104,5,216,Female,Below 30,College,Regular
510901,5,280,Male,Above 50,High School,Non-regular
511002,1,250,Female,Above 50,College,Non-regular
511301,1,180,Male,Above 50,College,Non-regular
511904,1,250,Male,Below 30,High School,Non-regular
512001,1,250,Male,Above 50,College,Regular
512102,1,500,Female,Above 50,High School,Regular
512201,1,400,Male,Above 50,College,Non-regular
512302,1,190,Female,40s,High School,Regular
512303,5,240,Female,Below 30,College,Non-regular
512402,1,200,Female,Above 50,College,Regular
512403,5,200,Female,Below 30,College,Regular
512602,1,350,Female,40s,College,Regular
513204,5,226,Male,Below 30,College,Non-regular
514102,1,600,Male,Above 50,College,Regular
514202,1,500,Male,Above 50,High School,Regular
514502,1,480,Male,Above 50,College,Regular
516102,1,440,Male,Above 50,High School,Regular
517103,5,50,Female,Below 30,College,Non-regular
517202,1,200,Female,40s,College,Regular
517302,1,340,Male,Above 50,College,Regular
517502,1,417,Male,Above 50,College,Regular
517602,1,1000,Male,Above 50,College,Regular
517904,1,247,Male,Below 30,High School,Regular
518002,1,748,Male,Above 50,College,Regular
518004,1,245,Female,Below 30,College,Regular
518104,1,248,Female,Below 30,High School,Regular
518203,5,300,Male,Below 30,College,Non-regular
518204,5,145,Female,Below 30,College,Non-regular
518403,5,195,Male,Below 30,College,Regular
518404,5,245,Male,Below 30,High School,Regular
519502,1,400,Male,Above 50,College,Regular
519602,1,250,Female,Above 50,College,Non-regular
519802,1,80,Female,40s,High School,Non-regular
519905,1,200,Female,30s,College,Non-regular
520002,1,380,Male,Above 50,College,Regular
520203,1,80,Female,Below 30,College,Non-regular
520302,1,350,Male,Above 50,College,Regular
520303,5,200,Male,Below 30,College,Non-regular
520502,1,300,Male,Above 50,High School,Regular
520703,1,250,Male,Below 30,High School,Regular
520704,5,40,Female,Below 30,College,Non-regular
520802,1,660,Male,Above 50,High School,Regular
520803,5,60,Female,Below 30,College,Non-regular
520902,1,300,Female,Above 50,High School,Non-regular
521804,1,200,Male,30s,College,Non-regular
522002,1,830,Male,Above 50,College,Regular
522102,1,400,Female,Above 50,College,Non-regular
522103,1,250,Male,Below 30,College,Non-regular
522802,1,220,Female,Above 50,High School,Regular
522902,1,1200,Male,Above 50,College,Regular
524802,1,480,Male,Above 50,College,Regular
525302,1,29,Male,Above 50,High School,Non-regular
525403,1,80,Male,Below 30,College,Non-regular
526102,1,300,Male,Above 50,High School,Regular
526602,1,450,Female,Above 50,College,Regular
526803,1,255,Female,Below 30,College,Regular
526903,1,770,Male,Above 50,College,Regular
527002,1,400,Male,Above 50,College,Regular
527003,1,230,Female,Below 30,High School,Regular
527202,1,350,Female,40s,High School,Non-regular
527402,1,100,Female,Above 50,College,Non-regular
527903,1,60,Female,Below 30,College,Non-regular
528302,1,100,Male,Above 50,College,Regular
528602,1,300,Male,Above 50,High School,Regular
528604,5,72,Female,Below 30,College,Non-regular
529302,5,350,Male,40s,College,Non-regular
529702,1,200,Female,30s,High School,Regular
530001,1,380,Male,Above 50,College,Regular
530102,1,724,Female,40s,College,Regular
530302,1,220,Female,Above 50,High School,Regular
530303,5,98,Female,Below 30,College,Non-regular
530403,1,40,Female,Below 30,College,Non-regular
530707,1,425,Male,40s,College,Regular
531001,1,700,Male,Above 50,College,Regular
531003,5,205,Female,Below 30,College,Non-regular
531005,5,203,Male,Below 30,High School,Non-regular
532203,1,160,Female,Below 30,High School,Non-regular
532502,1,260,Female,40s,College,Non-regular
532801,1,750,Male,Above 50,College,Regular
532803,1,270,Female,Below 30,College,Regular
532904,1,50,Female,Below 30,College,Non-regular
533001,1,791,Male,Above 50,College,Regular
533203,1,260,Female,Below 30,College,Regular
533502,1,220,Female,40s,College,Regular
533601,1,300,Male,Above 50,High School,Regular
533603,1,200,Female,Below 30,College,Non-regular
533604,1,320,Male,Below 30,High School,Regular
533802,1,270,Female,40s,College,Non-regular
533901,1,850,Male,Above 50,College,Regular
534102,1,250,Female,Above 50,College,Non-regular
534502,1,400,Male,Above 50,High School,Regular
534602,1,450,Male,Above 50,College,Regular
534902,1,170,Female,Above 50,High School,Non-regular
539002,5,217,Male,Above 50,College,Non-regular
539003,1,294,Male,30s,College,Regular
539302,1,370,Male,Above 50,College,Regular
539404,5,205,Female,Below 30,College,Regular
539502,1,220,Male,Above 50,High School,Regular
539802,1,500,Male,Above 50,College,Regular
539804,5,40,Male,Below 30,College,Non-regular
539902,1,130,Female,Above 50,College,Non-regular
540902,1,1000,Male,Above 50,College,Regular
540903,1,250,Female,Above 50,High School,Non-regular
541102,5,200,Female,Above 50,High School,Regular
541705,5,350,Male,40s,High School,Regular
542303,5,180,Female,Below 30,College,Non-regular
542402,1,250,Female,40s,High School,Regular
542905,1,360,Male,30s,College,Regular
543202,1,600,Male,Above 50,College,Regular
543303,1,400,Male,Above 50,College,Regular
543902,1,380,Male,Above 50,High School,Regular
544103,5,200,Female,Below 30,College,Regular
544302,1,290,Female,40s,High School,Regular
544502,1,60,Female,Above 50,College,Non-regular
545203,1,60,Female,Below 30,College,Non-regular
545603,1,230,Male,Below 30,College,Regular
545604,5,205,Female,Below 30,High School,Regular
545803,1,250,Female,Below 30,College,Regular
545804,1,600,Male,Above 50,High School,Regular
547201,1,350,Male,Above 50,High School,Non-regular
547303,5,180,Female,Below 30,College,Regular
548103,5,72,Female,Below 30,College,Non-regular
548301,1,590,Male,Above 50,College,Regular
548402,1,220,Female,Above 50,High School,Regular
548702,1,210,Female,40s,College,Regular
549101,1,650,Male,Above 50,College,Regular
549103,5,350,Female,Below 30,College,Regular
549604,1,253,Female,Below 30,High School,Regular
550301,1,300,Male,Above 50,College,Regular
550702,1,350,Female,Above 50,College,Regular
551401,1,650,Male,Above 50,College,Regular
552102,1,330,Female,Above 50,College,Regular
552403,1,200,Male,Below 30,High School,Regular
552502,1,210,Female,Above 50,College,Non-regular
553602,1,350,Female,Above 50,College,Regular
554102,1,300,Female,40s,College,Non-regular
554705,1,300,Male,Above 50,High School,Regular
554802,1,388,Female,40s,College,Regular
554803,5,50,Female,Below 30,College,Non-regular
555401,1,630,Male,Above 50,College,Regular
556101,1,100,Male,Above 50,College,Regular
556502,1,300,Female,40s,High School,Non-regular
556503,5,25,Female,Below 30,College,Non-regular
556904,1,250,Male,Above 50,High School,Regular
557201,1,280,Male,Above 50,College,Regular
557401,1,350,Male,Above 50,College,Non-regular
557802,1,450,Female,40s,High School,Non-regular
558204,5,200,Female,Below 30,College,Regular
558402,1,100,Male,Above 50,College,Regular
558403,5,90,Female,Below 30,College,Non-regular
559202,1,583,Male,Above 50,College,Regular
559203,5,115,Female,Below 30,College,Regular
559204,5,195,Female,Below 30,College,Regular
560302,1,320,Male,30s,College,Regular
560903,1,200,Female,Below 30,High School,Regular
561102,1,380,Male,Above 50,College,Regular
561302,1,300,Male,Above 50,College,Regular
562502,1,400,Male,Above 50,College,Non-regular
562503,1,300,Male,Below 30,College,Regular
562704,5,250,Female,40s,College,Regular
563202,1,240,Male,Above 50,High School,Regular
563402,1,300,Male,Above 50,College,Regular
563702,1,400,Female,Above 50,College,Regular
563802,1,600,Male,Above 50,College,Regular
564503,5,203,Female,Below 30,College,Regular
564805,5,270,Female,Below 30,College,Non-regular
565002,1,350,Male,Above 50,College,Regular
566002,1,380,Male,Above 50,College,Regular
566202,1,250,Female,40s,College,Regular
568302,1,130,Female,40s,High School,Non-regular
568402,1,450,Female,40s,College,Regular
571002,1,300,Female,Above 50,High School,Regular
571003,5,280,Female,Below 30,College,Regular
574202,1,270,Male,Above 50,High School,Non-regular
575102,1,320,Female,40s,High School,Regular
575301,1,200,Male,Above 50,College,Non-regular
575402,1,420,Male,Above 50,College,Regular
575404,5,32,Male,Below 30,High School,Non-regular
575802,1,350,Female,Above 50,College,Regular
576106,1,320,Male,Above 50,High School,Regular
576402,1,180,Female,Above 50,College,Regular
576602,1,290,Female,40s,College,Regular
576603,1,60,Female,Below 30,College,Non-regular
576702,1,450,Male,Above 50,College,Regular
576802,1,600,Male,Above 50,High School,Regular
577201,1,230,Male,40s,High School,Non-regular
577502,1,600,Female,Above 50,College,Regular
577902,1,285,Male,Above 50,High School,Regular
578102,1,210,Female,40s,High School,Non-regular
578202,1,580,Male,Above 50,College,Regular
578302,5,220,Female,40s,College,Regular
578303,1,250,Male,Below 30,High School,Regular
578802,1,190,Female,40s,High School,Regular
578803,1,210,Female,Below 30,High School,Regular
579602,1,263,Female,40s,High School,Non-regular
579604,5,186,Female,Below 30,College,Non-regular
579902,1,1700,Male,Above 50,College,Regular
580002,1,140,Female,Above 50,College,Non-regular
580802,1,820,Male,Above 50,College,Regular
580902,1,800,Male,40s,College,Regular
581001,1,750,Male,Above 50,College,Regular
581102,1,210,Female,40s,High School,Non-regular
581201,1,800,Male,Above 50,College,Regular
581702,1,40,Female,40s,College,Non-regular
581901,5,370,Male,Above 50,College,Non-regular
581903,1,245,Male,Below 30,High School,Regular
581904,5,40,Female,Below 30,College,Non-regular
582002,1,200,Female,40s,High School,Non-regular
582003,5,302,Male,Below 30,College,Regular
582304,1,230,Female,Below 30,High School,Non-regular
582402,1,700,Male,Above 50,College,Regular
582602,1,135,Female,Above 50,High School,Non-regular
582902,1,245,Female,Above 50,High School,Regular
583903,5,400,Male,40s,High School,Regular
584402,1,225,Female,Above 50,High School,Regular
584903,1,250,Female,Below 30,High School,Regular
585002,1,200,Female,Above 50,College,Non-regular
585003,5,180,Female,Below 30,High School,Regular
585101,1,230,Male,Above 50,College,Regular
586902,1,70,Female,40s,High School,Non-regular
587202,1,400,Male,40s,College,Regular
588003,1,238,Female,40s,High School,Non-regular
588103,1,215,Female,Below 30,College,Non-regular
589102,1,460,Male,Above 50,College,Regular
589702,1,300,Male,40s,High School,Regular
590302,1,730,Male,40s,High School,Regular
590602,1,490,Male,Above 50,College,Regular
590902,1,435,Male,Above 50,High School,Non-regular
590903,5,300,Male,Below 30,High School,Non-regular
591302,1,550,Male,Above 50,College,Regular
592602,1,59,Female,Above 50,College,Non-regular
593002,1,330,Male,40s,High School,Regular
593302,1,400,Male,40s,High School,Regular
593403,1,60,Female,Below 30,College,Non-regular
593502,1,700,Female,40s,College,Regular
593702,1,410,Female,40s,College,Regular
595202,1,583,Female,Above 50,High School,Regular
595403,1,630,Male,40s,College,Regular
596002,1,400,Female,40s,College,Regular
596702,1,500,Male,40s,High School,Regular
597002,1,550,Male,40s,College,Regular
597102,1,550,Male,40s,College,Regular
598102,1,300,Male,Above 50,College,Regular
599302,1,600,Male,Above 50,College,Regular
599502,1,400,Male,Above 50,College,Non-regular
600402,1,378,Female,40s,College,Regular
601103,1,400,Male,Above 50,College,Regular
601702,1,203,Female,40s,High School,Non-regular
601903,5,200,Female,Below 30,High School,Non-regular
602902,1,325,Female,Above 50,College,Regular
603202,1,300,Male,Above 50,High School,Regular
603203,5,195,Female,Below 30,High School,Non-regular
603302,1,250,Female,40s,College,Regular
604103,1,300,Male,Above 50,College,Non-regular
604602,1,475,Male,40s,College,Regular
604902,1,340,Male,Above 50,College,Regular
605602,1,1000,Male,Above 50,College,Regular
605802,1,400,Female,40s,College,Regular
605902,5,240,Male,Above 50,High School,Non-regular
605903,5,225,Male,Below 30,College,Non-regular
606002,1,780,Male,Above 50,College,Regular
606203,1,150,Female,Above 50,High School,Non-regular
606303,5,200,Female,Below 30,College,Regular
606404,1,200,Female,40s,College,Regular
606502,1,320,Female,Above 50,College,Regular
606503,5,198,Female,Below 30,College,Non-regular
606802,1,450,Male,Above 50,College,Regular
607002,1,850,Male,Above 50,College,Regular
607805,5,300,Female,30s,College,Regular
608302,1,225,Female,Above 50,College,Non-regular
608602,1,420,Male,Above 50,College,Regular
609002,1,500,Male,40s,College,Regular
609502,1,180,Female,Above 50,High School,Regular
610003,1,230,Male,30s,College,Regular
610602,1,200,Male,Above 50,High School,Regular
610702,1,400,Male,Above 50,College,Regular
610902,1,400,Male,Above 50,High School,Regular
611102,1,180,Female,40s,College,Non-regular
611202,1,250,Female,40s,College,Regular
611302,1,340,Male,40s,High School,Regular
612402,1,400,Male,40s,College,Regular
612502,1,300,Female,40s,College,Non-regular
612702,1,430,Male,Above 50,High School,Non-regular
612704,1,200,Male,30s,College,Regular
613002,1,380,Male,Above 50,College,Regular
613102,1,320,Male,40s,High School,Regular
613502,1,280,Male,40s,High School,Regular
615202,1,900,Male,Above 50,College,Regular
616002,1,400,Female,Above 50,College,Regular
618502,1,80,Female,40s,College,Non-regular
619202,1,116,Female,Above 50,High School,Non-regular
619203,5,60,Female,Below 30,College,Non-regular
619702,1,350,Male,Above 50,College,Regular
620502,1,590,Male,Above 50,College,Regular
622202,1,300,Female,Above 50,High School,Regular
622702,1,500,Female,40s,College,Regular
623102,1,500,Male,40s,High School,Regular
623902,1,200,Female,40s,College,Non-regular
624002,1,150,Male,40s,High School,Non-regular
625202,1,390,Male,40s,College,Regular
626104,1,261,Male,Above 50,College,Regular
626301,1,340,Male,40s,College,Regular
626402,1,92,Female,40s,College,Non-regular
626702,1,280,Male,Above 50,College,Regular
627102,5,290,Female,40s,College,Non-regular
627302,1,420,Female,40s,College,Regular
627402,1,500,Male,Above 50,College,Regular
627902,5,210,Female,40s,High School,Regular
628904,1,48,Female,Below 30,College,Non-regular
629902,1,670,Male,Above 50,College,Regular
630202,1,520,Male,40s,High School,Regular
630602,1,300,Female,40s,High School,Regular
630802,1,330,Male,Above 50,College,Regular
631002,1,220,Female,Above 50,High School,Non-regular
631003,5,200,Female,Below 30,College,Regular
631702,1,970,Male,Above 50,College,Regular
631902,5,205,Female,40s,College,Non-regular
632301,5,450,Male,40s,College,Regular
632601,1,300,Male,40s,College,Regular
632802,1,400,Male,40s,College,Regular
633302,1,70,Female,40s,High School,Non-regular
633303,5,107,Female,Below 30,College,Non-regular
633502,5,350,Female,40s,College,Regular
634002,1,260,Female,Above 50,College,Regular
634303,5,244,Female,Below 30,High School,Regular
634703,5,100,Female,Below 30,College,Non-regular
635602,1,200,Female,40s,High School,Regular
636102,1,250,Female,40s,College,Regular
636302,1,340,Female,40s,College,Regular
636803,1,340,Male,40s,College,Regular
637802,1,1000,Male,Above 50,College,Regular
637902,1,380,Male,40s,College,Regular
638102,1,800,Male,Above 50,College,Regular
638602,1,750,Male,Above 50,College,Regular
639102,1,330,Female,40s,College,Regular
639202,1,114,Female,40s,College,Non-regular
639502,1,495,Male,Above 50,College,Regular
639602,5,180,Female,40s,College,Non-regular
640201,1,500,Male,40s,College,Regular
640502,1,270,Female,Above 50,College,Regular
640601,1,439,Male,40s,High School,Regular
640603,1,34,Female,Below 30,College,Non-regular
641002,1,700,Female,40s,College,Regular
641405,1,350,Male,Above 50,High School,Regular
643002,1,950,Male,40s,College,Regular
643802,1,320,Male,40s,High School,Regular
644402,1,310,Female,40s,College,Regular
644502,5,430,Male,Above 50,College,Non-regular
644602,1,500,Male,Above 50,High School,Regular
644902,1,583,Male,40s,College,Regular
646302,1,290,Female,30s,High School,Regular
647002,1,400,Male,Above 50,College,Regular
647704,1,310,Female,Above 50,College,Non-regular
648002,1,500,Male,40s,College,Regular
648802,1,240,Male,40s,College,Non-regular
649203,1,283,Female,Below 30,College,Regular
649204,5,80,Male,Below 30,College,Non-regular
649302,1,270,Male,Above 50,College,Regular
649602,1,500,Male,40s,College,Regular
649802,1,140,Female,Above 50,High School,Non-regular
649903,5,80,Male,Below 30,College,Non-regular
650402,1,750,Male,40s,College,Regular
650602,1,670,Female,40s,College,Regular
650603,5,80,Male,Below 30,College,Non-regular
650802,1,700,Male,Above 50,College,Regular
651402,1,280,Male,Above 50,High School,Regular
653001,1,280,Male,40s,College,Non-regular
653703,5,320,Male,Below 30,College,Non-regular
654002,5,185,Female,Below 30,College,Regular
654201,5,360,Male,Above 50,College,Non-regular
654602,1,420,Male,Above 50,College,Regular
655004,1,700,Male,Above 50,High School,Regular
655202,1,90,Female,40s,College,Non-regular
655401,1,250,Male,Above 50,College,Regular
655602,1,100,Female,40s,High School,Non-regular
656602,1,450,Female,40s,College,Regular
656702,1,780,Male,Above 50,College,Regular
657102,1,230,Male,40s,College,Non-regular
657302,1,650,Male,40s,College,Regular
658102,1,520,Female,40s,College,Regular
658302,1,500,Male,40s,College,Regular
658601,1,430,Male,Above 50,High School,Regular
658603,5,207,Female,Below 30,High School,Regular
658802,1,330,Male,Above 50,College,Regular
659302,1,174,Female,40s,College,Non-regular
659402,5,190,Female,40s,College,Regular
659501,1,540,Male,Above 50,College,Regular
659601,1,540,Male,40s,College,Regular
659902,1,580,Male,40s,College,Regular
660001,1,340,Male,40s,College,Regular
660402,1,510,Female,40s,College,Regular
660603,1,220,Male,40s,College,Regular
660802,1,75,Female,40s,College,Non-regular
661202,1,600,Male,40s,College,Regular
662602,1,330,Male,40s,College,Regular
662603,1,48,Female,Below 30,College,Non-regular
662703,1,554,Female,40s,College,Regular
663901,1,700,Male,Above 50,College,Regular
665301,1,450,Male,40s,College,Regular
666604,1,29,Female,Above 50,High School,Non-regular
666701,1,600,Male,40s,College,Regular
668502,1,550,Male,40s,College,Regular
669202,1,250,Female,40s,High School,Regular
669902,1,200,Female,30s,College,Regular
670002,5,90,Female,40s,High School,Non-regular
670003,5,50,Male,Below 30,College,Non-regular
671602,1,500,Male,Above 50,College,Regular
671802,5,320,Male,Above 50,College,Regular
673703,5,250,Female,Below 30,College,Regular
673704,1,80,Female,Below 30,College,Non-regular
674602,5,230,Female,40s,College,Non-regular
674802,1,710,Male,Above 50,College,Regular
675702,1,418,Female,40s,High School,Regular
676002,1,260,Female,40s,College,Regular
676502,1,255,Female,Above 50,High School,Regular
677902,1,400,Female,40s,College,Regular
678503,5,270,Female,Above 50,College,Non-regular
678702,1,650,Male,40s,High School,Regular
678802,1,400,Male,40s,College,Regular
679602,1,700,Male,40s,College,Regular
680604,1,250,Male,40s,College,Regular
681002,1,470,Male,40s,College,Regular
681702,1,410,Male,Above 50,College,Regular
682002,1,200,Female,Above 50,High School,Non-regular
682602,1,250,Female,40s,High School,Regular
682801,1,500,Male,40s,College,Regular
683202,1,300,Female,Above 50,College,Regular
683402,1,350,Female,40s,College,Regular
684401,1,150,Male,40s,High School,Regular
685302,1,250,Female,40s,College,Non-regular
685402,1,500,Female,40s,College,Regular
685601,1,450,Male,40s,College,Regular
685802,1,590,Male,40s,College,Regular
686702,1,170,Female,40s,High School,Non-regular
686802,1,350,Female,40s,College,Regular
687302,1,240,Female,40s,College,Regular
687401,1,750,Male,40s,College,Regular
687602,1,500,Male,40s,College,Regular
687901,1,410,Male,40s,College,Regular
688002,1,390,Male,Above 50,College,Regular
688102,1,380,Male,40s,College,Regular
688202,1,500,Male,40s,College,Regular
688602,1,293,Female,40s,High School,Regular
689202,1,500,Female,40s,College,Regular
689501,1,450,Male,40s,High School,Non-regular
689702,1,350,Female,40s,College,Regular
689801,1,535,Male,40s,College,Regular
690002,1,210,Female,40s,College,Regular
690102,1,790,Male,40s,College,Regular
690302,1,500,Male,Above 50,College,Regular
690802,1,360,Female,40s,College,Non-regular
691001,1,450,Male,40s,College,Regular
691901,1,585,Male,40s,College,Regular
692001,1,300,Male,40s,College,Regular
692102,1,80,Female,40s,College,Non-regular
692202,1,650,Male,40s,High School,Regular
692501,1,760,Male,Above 50,High School,Regular
693001,1,330,Male,40s,High School,Regular
693102,1,100,Female,Above 50,College,Non-regular
693403,5,70,Male,Below 30,High School,Non-regular
694206,1,400,Male,40s,College,Regular
694802,1,105,Female,40s,High School,Non-regular
694902,5,220,Female,40s,High School,Regular
695202,1,1000,Male,40s,College,Regular
695302,1,800,Male,40s,College,Regular
695502,1,480,Male,Above 50,College,Regular
695802,1,500,Male,40s,College,Regular
697002,1,450,Male,Above 50,College,Non-regular
697102,1,645,Male,Above 50,College,Regular
697802,1,400,Female,40s,College,Regular
697902,1,580,Male,40s,College,Regular
698002,1,800,Male,Above 50,College,Regular
698202,1,690,Male,Above 50,College,Regular
698902,5,380,Female,40s,College,Regular
699402,1,280,Male,Above 50,College,Regular
699902,5,150,Female,40s,High School,Non-regular
700202,1,360,Male,40s,College,Regular
703405,1,380,Female,40s,College,Regular
703702,1,300,Female,40s,College,Regular
703902,1,640,Male,Above 50,College,Regular
704302,1,215,Female,40s,High School,Non-regular
704502,1,480,Male,40s,High School,Regular
705002,1,29,Female,Above 50,High School,Non-regular
705202,1,400,Female,40s,College,Regular
705802,1,500,Male,40s,College,Regular
711802,1,750,Male,40s,High School,Non-regular
712102,1,400,Male,Above 50,College,Regular
713204,1,450,Male,Above 50,High School,Regular
713401,1,590,Male,40s,College,Regular
713701,1,370,Male,40s,High School,Regular
713802,1,420,Female,40s,College,Non-regular
713901,1,400,Male,Above 50,College,Regular
714001,1,390,Male,40s,College,Regular
714202,1,295,Male,40s,High School,Regular
714402,1,250,Female,40s,High School,Regular
714502,1,400,Male,40s,College,Regular
714802,5,98,Female,Above 50,College,Non-regular
715302,5,255,Female,40s,College,Regular
716101,1,350,Male,Above 50,High School,Regular
716202,1,280,Female,40s,College,Non-regular
716602,1,320,Female,40s,College,Regular
716802,1,300,Female,40s,College,Non-regular
716902,5,15,Female,40s,College,Non-regular
717202,1,320,Male,40s,College,Regular
717702,1,400,Male,Above 50,College,Regular
718002,1,340,Male,40s,High School,Regular
718801,1,460,Male,40s,College,Regular
719202,1,270,Female,40s,College,Regular
719402,1,380,Male,40s,High School,Regular
720202,1,290,Female,40s,College,Regular
720302,1,150,Female,Above 50,High School,Non-regular
720702,1,700,Male,40s,College,Regular
720902,1,750,Male,40s,College,Regular
721002,1,200,Female,40s,College,Regular
721202,1,730,Male,Above 50,High School,Regular
721301,1,600,Male,40s,College,Regular
721602,1,400,Male,40s,High School,Regular
722201,1,160,Female,Above 50,High School,Non-regular
722202,1,27,Male,Above 50,High School,Non-regular
722204,1,300,Male,30s,College,Regular
722402,1,200,Female,40s,High School,Regular
722403,1,200,Male,Below 30,High School,Non-regular
723002,1,500,Female,40s,High School,Regular
723302,5,230,Female,40s,High School,Non-regular
724102,1,174,Female,40s,High School,Non-regular
724802,1,450,Male,40s,High School,Non-regular
725102,1,200,Female,40s,College,Regular
725202,1,1750,Male,40s,College,Regular
725502,1,480,Male,40s,College,Regular
726402,1,350,Female,40s,College,Regular
726701,1,580,Male,Above 50,College,Regular
726802,1,425,Female,40s,College,Regular
727002,1,400,Male,40s,College,Regular
727502,1,270,Female,40s,High School,Regular
727902,1,450,Male,40s,College,Regular
728102,1,630,Female,40s,College,Regular
728202,1,430,Male,40s,High School,Regular
728402,1,350,Male,Above 50,High School,Regular
730002,1,700,Male,40s,College,Regular
730502,1,600,Male,Above 50,College,Regular
732002,1,1080,Male,Above 50,College,Regular
732102,1,250,Male,40s,High School,Regular
733102,1,400,Male,Above 50,College,Regular
733502,1,300,Male,40s,College,Regular
734002,5,267,Male,40s,High School,Regular
734003,1,305,Male,Below 30,College,Regular
734902,5,700,Male,40s,High School,Regular
735302,5,350,Male,Below 30,High School,Non-regular
735303,5,200,Male,Below 30,College,Regular
736202,1,220,Male,Above 50,High School,Non-regular
736402,1,1100,Male,40s,College,Regular
736802,5,500,Male,Above 50,College,Regular
737803,1,500,Male,40s,High School,Regular
738302,1,240,Female,40s,College,Regular
738702,1,310,Male,40s,High School,Regular
738802,1,460,Female,40s,College,Regular
739302,1,500,Female,40s,College,Regular
739902,5,180,Female,40s,College,Regular
740102,1,600,Male,40s,College,Regular
740602,1,550,Male,Above 50,College,Regular
740802,1,500,Male,Above 50,College,Regular
741903,1,500,Male,40s,High School,Non-regular
742202,1,500,Male,40s,College,Regular
743602,1,500,Male,40s,College,Regular
744402,1,250,Male,Above 50,College,Regular
744502,1,350,Male,Above 50,College,Regular
744702,5,300,Male,30s,College,Non-regular
744902,1,320,Male,40s,College,Regular
745002,1,300,Male,40s,College,Regular
745102,1,420,Male,40s,College,Regular
745402,1,836,Male,40s,College,Regular
746202,1,600,Female,40s,College,Regular
746902,1,400,Female,40s,College,Regular
747702,1,300,Male,Above 50,College,Regular
747902,1,200,Female,40s,High School,Regular
750402,1,400,Female,40s,High School,Regular
750602,5,260,Female,40s,College,Regular
750702,5,185,Female,40s,High School,Regular
751002,5,200,Female,40s,College,Non-regular
752302,1,320,Female,Above 50,College,Regular
752602,1,500,Male,40s,College,Regular
752702,1,400,Male,Above 50,College,Regular
752902,5,230,Female,40s,College,Regular
754802,1,320,Male,40s,College,Regular
756602,1,410,Female,40s,College,Regular
757602,1,400,Male,Above 50,College,Regular
759402,1,480,Female,40s,College,Regular
760002,1,200,Female,40s,College,Regular
760402,1,560,Male,Above 50,College,Regular
761702,1,268,Male,40s,High School,Non-regular
762402,1,250,Male,40s,College,Regular
762602,1,200,Female,40s,College,Non-regular
762702,1,585,Male,40s,College,Regular
763602,1,130,Female,Above 50,High School,Regular
764302,1,320,Female,40s,College,Regular
764402,1,225,Female,40s,High School,Regular
764603,1,295,Male,30s,College,Regular
765202,1,460,Male,40s,College,Regular
765302,1,600,Male,40s,College,Regular
767402,1,230,Male,40s,College,Regular
767802,1,530,Male,40s,College,Regular
769102,1,250,Male,40s,High School,Non-regular
770202,1,400,Male,Above 50,College,Regular
770702,1,600,Male,40s,College,Regular
771702,1,500,Male,40s,High School,Non-regular
773102,1,287,Male,40s,College,Regular
773702,1,245,Female,40s,College,Regular
774802,1,480,Male,40s,College,Regular
776002,1,500,Male,Above 50,College,Regular
776202,1,380,Female,40s,College,Regular
776402,1,250,Female,30s,College,Regular
776502,1,350,Female,40s,College,Regular
776702,1,800,Male,40s,College,Regular
776802,1,500,Female,40s,College,Regular
777102,1,450,Male,40s,College,Regular
778102,1,300,Female,40s,High School,Regular
778502,1,490,Male,40s,College,Regular
778902,1,350,Male,40s,College,Regular
779202,1,350,Female,40s,College,Regular
779802,1,500,Male,Above 50,College,Regular
779803,5,40,Male,Below 30,College,Non-regular
779902,5,550,Male,40s,College,Regular
779903,5,60,Male,Below 30,College,Non-regular
780202,1,350,Male,40s,College,Regular
780802,1,425,Male,Above 50,College,Regular
780902,1,200,Female,40s,College,Regular
781202,1,550,Male,40s,College,Regular
781402,1,500,Male,40s,College,Regular
781502,1,500,Female,Above 50,College,Regular
781602,1,850,Male,40s,College,Regular
781702,1,220,Female,40s,College,Non-regular
782203,1,320,Male,40s,College,Regular
782602,1,800,Male,40s,College,Regular
783002,1,540,Male,40s,College,Regular
784903,1,200,Male,30s,High School,Regular
785302,1,466,Female,40s,College,Regular
785502,1,430,Male,30s,College,Non-regular
785602,1,370,Male,40s,College,Regular
785902,1,265,Female,40s,College,Regular
786002,1,740,Male,Above 50,College,Regular
786303,1,150,Female,40s,College,Regular
786402,1,240,Female,30s,College,Regular
787402,1,450,Male,30s,College,Regular
788202,1,430,Male,40s,College,Regular
788402,1,390,Male,Above 50,College,Regular
788802,5,90,Female,30s,College,Non-regular
789702,1,540,Male,40s,College,Regular
789902,1,450,Male,40s,College,Regular
790002,1,400,Male,30s,College,Regular
790502,1,416,Male,Above 50,College,Regular
790802,1,520,Male,40s,College,Regular
791002,1,850,Male,40s,College,Regular
791102,1,133,Female,30s,High School,Non-regular
791402,1,500,Female,40s,College,Regular
791702,1,400,Male,40s,College,Regular
791802,1,380,Male,40s,College,Regular
796202,1,340,Female,40s,College,Regular
797502,1,450,Male,40s,College,Regular
798302,1,200,Female,40s,High School,Non-regular
799502,1,420,Male,30s,College,Regular
800202,1,150,Female,30s,College,Regular
800402,1,40,Female,40s,College,Non-regular
800504,1,600,Male,30s,College,Regular
801402,1,490,Male,40s,College,Regular
802202,1,180,Female,40s,College,Regular
803002,5,200,Female,40s,College,Regular
803202,1,360,Male,40s,College,Regular
803702,1,1000,Male,40s,College,Regular
804102,1,500,Female,Above 50,High School,Regular
804502,1,600,Male,40s,College,Regular
804702,1,268,Female,40s,College,Regular
805302,1,450,Male,40s,College,Regular
806202,1,400,Female,40s,College,Regular
806402,1,600,Female,40s,College,Regular
806602,1,135,Female,40s,High School,Non-regular
806902,1,770,Male,40s,College,Regular
807102,1,100,Female,40s,College,Non-regular
807502,1,500,Male,40s,College,Regular
807702,1,220,Female,30s,High School,Regular
808702,1,800,Male,40s,College,Regular
809302,5,300,Male,30s,High School,Regular
809702,1,450,Male,40s,College,Regular
809902,1,850,Male,Above 50,College,Regular
810102,1,300,Female,40s,College,Non-regular
810802,1,670,Male,40s,College,Regular
811402,1,600,Male,30s,High School,Regular
811602,1,450,Male,30s,College,Regular
812102,1,300,Male,40s,High School,Non-regular
812302,1,200,Female,30s,High School,Regular
812402,1,350,Male,30s,College,Regular
813402,1,600,Male,40s,College,Regular
814002,1,760,Male,Above 50,College,Non-regular
815102,1,750,Male,40s,College,Regular
816103,5,650,Male,40s,College,Regular
816402,5,290,Male,30s,College,Regular
817502,5,300,Male,Above 50,College,Regular
818702,1,200,Male,40s,College,Regular
823503,1,450,Male,40s,High School,Regular
824302,1,350,Male,Above 50,College,Non-regular
824403,1,700,Male,Above 50,College,Regular
824702,1,480,Female,40s,College,Regular
826302,1,450,Male,40s,College,Regular
826602,1,500,Male,40s,College,Regular
826902,1,220,Female,40s,College,Non-regular
827302,1,300,Male,40s,College,Regular
827802,1,500,Male,40s,College,Regular
828602,5,150,Female,30s,College,Regular
829203,1,120,Female,Above 50,College,Non-regular
829402,1,470,Male,40s,High School,Regular
829802,1,400,Female,40s,College,Regular
830002,1,500,Male,Above 50,College,Regular
830503,1,350,Male,40s,College,Regular
830802,1,300,Female,40s,High School,Regular
831302,1,100,Male,40s,College,Regular
832502,1,780,Male,40s,College,Regular
832602,1,240,Female,40s,College,Regular
833002,1,430,Male,40s,College,Regular
833102,1,400,Male,40s,High School,Non-regular
833202,1,300,Male,40s,College,Regular
833502,1,300,Female,40s,High School,Regular
833602,1,500,Male,40s,High School,Regular
833902,1,690,Male,40s,College,Regular
834002,1,200,Male,Above 50,High School,Non-regular
834402,1,700,Male,40s,College,Regular
834802,1,340,Female,30s,College,Regular
835202,1,350,Male,40s,College,Non-regular
835602,1,300,Male,30s,College,Regular
835702,1,650,Male,40s,College,Regular
836202,1,150,Female,40s,College,Non-regular
836302,1,287,Male,40s,College,Regular
836502,5,233,Female,30s,High School,Regular
836802,1,720,Male,40s,College,Regular
836902,1,300,Female,40s,College,Regular
837102,1,390,Male,40s,College,Regular
837202,1,383,Male,40s,College,Regular
837302,5,95,Female,40s,College,Non-regular
837602,1,270,Female,30s,College,Regular
837802,5,400,Male,40s,High School,Non-regular
837902,1,470,Male,40s,High School,Regular
838102,1,400,Male,40s,College,Regular
838302,1,200,Female,40s,High School,Non-regular
838502,1,435,Male,Above 50,College,Regular
838602,1,600,Male,40s,College,Regular
838702,5,380,Male,30s,College,Regular
838802,1,800,Male,40s,College,Regular
839202,1,700,Male,40s,College,Regular
839502,1,290,Female,40s,College,Regular
839702,1,330,Female,40s,College,Regular
839802,1,350,Male,40s,College,Regular
839902,1,450,Male,40s,High School,Regular
840602,1,225,Female,40s,High School,Non-regular
841502,1,260,Male,40s,College,Regular
841802,1,250,Male,40s,College,Regular
841902,1,650,Male,40s,College,Regular
843302,1,210,Female,40s,High School,Regular
843902,1,350,Male,40s,College,Regular
845002,1,240,Female,30s,College,Regular
846502,1,450,Male,Above 50,High School,Regular
847202,5,150,Female,40s,High School,Non-regular
847802,1,433,Male,40s,College,Regular
848102,1,460,Male,30s,College,Regular
848602,1,380,Male,30s,College,Regular
848802,5,500,Male,40s,College,Regular
849802,1,350,Male,30s,College,Regular
849902,1,550,Male,40s,College,Regular
850302,1,300,Female,40s,College,Regular
850402,1,350,Male,40s,College,Regular
850902,5,600,Male,40s,College,Regular
851202,5,250,Female,30s,College,Non-regular
851302,1,250,Female,40s,College,Non-regular
851402,1,1250,Male,40s,College,Non-regular
851502,1,350,Female,40s,College,Regular
851702,1,500,Male,40s,College,Regular
852002,1,650,Male,40s,College,Regular
852102,1,265,Female,30s,College,Regular
852302,1,340,Male,40s,College,Regular
852402,1,260,Female,40s,College,Regular
852502,1,250,Female,40s,College,Regular
852702,1,366,Male,40s,College,Regular
852802,1,380,Female,40s,College,Regular
852902,1,300,Male,30s,College,Regular
853402,5,370,Male,40s,College,Regular
853802,1,330,Male,40s,College,Regular
854002,5,350,Male,40s,College,Regular
854402,1,400,Male,40s,High School,Regular
854702,1,600,Male,40s,College,Regular
854802,1,250,Male,30s,College,Regular
855302,1,700,Male,40s,College,Regular
855502,1,320,Male,40s,College,Regular
855602,1,800,Male,40s,College,Regular
855902,1,401,Male,40s,College,Regular
856102,1,280,Male,40s,College,Regular
856202,5,400,Female,30s,College,Regular
857402,1,550,Male,40s,College,Non-regular
858002,1,370,Female,40s,College,Regular
858102,1,300,Male,30s,High School,Regular
858202,1,244,Female,30s,College,Regular
858302,5,430,Male,40s,College,Regular
858802,1,300,Male,40s,College,Regular
859102,1,1200,Male,Above 50,College,Regular
859202,1,500,Male,40s,College,Regular
859802,1,550,Male,Above 50,College,Regular
860702,1,800,Male,40s,College,Regular
861002,5,130,Female,30s,College,Non-regular
861202,1,250,Male,40s,College,Regular
863002,1,350,Male,40s,College,Regular
863102,1,220,Female,40s,College,Regular
863202,1,435,Male,40s,College,Regular
863602,1,300,Female,30s,College,Regular
864602,1,450,Male,40s,College,Regular
865202,1,400,Female,30s,College,Regular
866203,1,799,Male,40s,College,Regular
866302,1,550,Male,40s,College,Regular
866402,1,500,Male,40s,College,Regular
867102,1,300,Male,40s,High School,Non-regular
868602,1,485,Male,40s,College,Regular
868702,1,300,Female,40s,College,Regular
869002,1,350,Male,40s,College,Regular
869202,1,350,Female,30s,College,Regular
869402,1,250,Male,30s,College,Non-regular
869902,1,350,Female,30s,College,Regular
870202,1,277,Female,30s,College,Regular
870302,1,320,Male,30s,College,Non-regular
870502,1,250,Female,30s,High School,Regular
870702,1,450,Male,40s,College,Regular
871102,1,770,Male,30s,College,Non-regular
872102,1,500,Male,30s,High School,Regular
872404,1,240,Male,30s,High School,Regular
873402,1,350,Male,40s,College,Regular
874502,1,420,Male,40s,College,Regular
874703,1,320,Male,30s,College,Regular
875702,1,220,Female,30s,College,Regular
875802,5,42,Female,40s,High School,Non-regular
875902,5,75,Female,40s,High School,Non-regular
876202,1,491,Female,40s,College,Regular
876502,1,500,Male,40s,College,Regular
876902,1,340,Female,30s,College,Non-regular
877002,1,500,Male,40s,College,Regular
877202,1,210,Female,30s,College,Regular
877802,1,470,Male,30s,College,Regular
878802,5,200,Female,30s,College,Regular
879702,5,190,Female,30s,College,Regular
879802,1,398,Male,40s,College,Regular
880202,1,400,Male,40s,College,Regular
880502,1,250,Female,30s,College,Regular
881302,1,250,Female,40s,College,Regular
881402,1,670,Male,40s,College,Regular
881502,1,150,Female,40s,College,Non-regular
881602,1,300,Male,40s,College,Regular
883702,1,380,Female,40s,College,Regular
884102,5,330,Male,40s,College,Regular
884502,1,350,Male,40s,College,Regular
884702,1,650,Male,40s,College,Regular
885402,1,480,Female,40s,College,Regular
885502,1,290,Female,Above 50,College,Non-regular
886602,1,600,Male,40s,College,Regular
886702,1,600,Male,30s,College,Regular
887802,1,500,Male,40s,College,Regular
888002,1,400,Male,40s,College,Regular
888502,1,430,Male,30s,College,Regular
889502,1,300,Male,30s,College,Regular
891102,1,500,Female,30s,College,Regular
891502,1,500,Male,30s,College,Regular
891802,1,500,Male,Above 50,College,Regular
891902,1,273,Female,40s,High School,Regular
892102,1,300,Male,30s,High School,Non-regular
892902,1,85,Male,Above 50,High School,Non-regular
893202,1,500,Male,40s,College,Regular
893402,1,450,Male,40s,College,Regular
893802,1,600,Male,40s,College,Regular
894002,1,238,Female,30s,College,Regular
894102,1,390,Male,40s,College,Regular
894202,1,295,Female,40s,College,Regular
894302,1,270,Male,30s,College,Regular
894502,1,320,Male,40s,High School,Regular
894802,1,350,Male,40s,College,Regular
894902,1,1000,Male,40s,College,Regular
895002,1,220,Female,40s,High School,Non-regular
895102,5,309,Male,30s,College,Regular
895602,1,50,Female,30s,College,Non-regular
895802,1,211,Female,30s,College,Regular
896002,1,370,Male,30s,High School,Regular
897202,1,300,Female,30s,College,Non-regular
897302,1,400,Male,30s,College,Regular
897502,1,380,Female,30s,College,Regular
900302,1,320,Male,40s,College,Regular
900702,1,250,Male,Below 30,High School,Regular
901802,1,220,Male,40s,High School,Regular
902802,1,400,Male,30s,College,Regular
903602,1,400,Female,30s,College,Regular
903802,1,320,Male,30s,College,Regular
903902,1,285,Male,30s,College,Non-regular
904102,1,320,Male,Above 50,College,Regular
904302,1,400,Male,40s,College,Non-regular
904802,1,350,Male,40s,College,Regular
905302,1,380,Male,40s,College,Regular
905402,1,150,Female,30s,College,Regular
906002,1,550,Male,40s,College,Regular
907102,1,500,Male,40s,College,Regular
907202,1,500,Male,40s,College,Regular
907402,1,245,Female,30s,College,Regular
907502,1,600,Male,40s,College,Regular
907602,1,420,Male,40s,College,Regular
907702,1,1080,Male,40s,College,Regular
908102,1,490,Male,40s,College,Regular
908502,1,1000,Male,30s,College,Regular
909102,1,280,Female,30s,College,Regular
909302,1,400,Male,30s,College,Regular
909403,1,380,Male,Above 50,College,Regular
910102,1,220,Female,30s,College,Regular
910402,1,320,Male,Above 50,High School,Regular
910702,1,453,Male,30s,College,Regular
910902,1,758,Male,40s,College,Regular
911202,1,350,Female,30s,College,Regular
911302,1,400,Female,40s,College,Regular
911502,1,500,Male,30s,College,Regular
911602,1,130,Female,40s,College,Non-regular
912002,1,260,Female,30s,College,Regular
912502,1,550,Male,40s,College,Regular
912602,1,300,Female,40s,College,Regular
912902,1,335,Male,40s,College,Regular
913102,1,270,Female,30s,College,Regular
913502,1,1000,Male,40s,College,Regular
914102,5,335,Female,Above 50,High School,Regular
914702,1,270,Female,40s,College,Regular
914802,1,600,Male,40s,College,Regular
914902,1,340,Male,40s,High School,Non-regular
915002,1,400,Male,30s,High School,Regular
915402,1,800,Male,30s,College,Regular
915802,1,600,Male,40s,College,Regular
916102,1,350,Male,30s,College,Regular
916402,5,320,Male,40s,College,Regular
916702,5,60,Female,30s,College,Non-regular
916902,1,650,Male,40s,College,Regular
917502,1,300,Male,40s,College,Regular
917602,1,350,Female,30s,College,Regular
917702,1,480,Male,40s,College,Regular
918302,1,450,Male,30s,College,Regular
919904,1,550,Male,Above 50,High School,Non-regular
920102,1,400,Male,40s,High School,Regular
921402,1,370,Female,40s,College,Regular
921802,1,220,Female,40s,College,Non-regular
922502,1,203,Female,30s,College,Regular
923602,5,80,Female,30s,High School,Non-regular
924002,1,400,Female,30s,College,Regular
924902,5,335,Male,30s,College,Regular
926202,1,400,Male,40s,College,Regular
926702,1,440,Female,30s,College,Regular
927002,1,250,Male,40s,College,Regular
927102,1,450,Male,40s,High School,Regular
927402,1,650,Female,40s,College,Regular
927502,1,500,Male,30s,College,Regular
927702,1,300,Female,30s,College,Regular
928102,1,200,Female,30s,College,Regular
929202,1,480,Male,40s,College,Regular
929402,5,290,Female,Below 30,College,Non-regular
929602,1,380,Male,40s,College,Regular
929702,1,250,Female,30s,College,Regular
930002,1,350,Male,40s,College,Regular
930302,1,240,Male,30s,College,Regular
930402,5,196,Female,40s,College,Non-regular
930702,1,300,Male,30s,College,Regular
931202,5,300,Female,30s,College,Non-regular
932202,1,458,Male,30s,College,Regular
932302,1,650,Male,30s,College,Regular
932402,1,200,Female,30s,College,Non-regular
932902,1,290,Male,40s,College,Regular
933202,1,500,Male,30s,College,Regular
933302,1,450,Male,30s,College,Regular
933602,1,320,Male,40s,College,Regular
934202,5,340,Male,40s,High School,Regular
936702,1,400,Male,40s,College,Regular
937202,1,300,Male,30s,College,Regular
939902,1,340,Male,30s,College,Regular
940102,5,700,Male,30s,College,Regular
943102,1,400,Male,40s,College,Regular
943402,1,500,Male,40s,College,Regular
943502,1,660,Male,30s,College,Regular
944302,5,320,Male,40s,College,Regular
944902,1,280,Female,30s,College,Non-regular
946002,1,300,Male,30s,College,Regular
946102,1,450,Male,40s,College,Regular
946302,1,350,Male,40s,College,Regular
947102,1,100,Female,Below 30,High School,Non-regular
947202,1,438,Male,30s,College,Regular
947503,5,93,Female,30s,College,Non-regular
948102,1,350,Male,30s,High School,Regular
948702,1,520,Female,40s,College,Regular
948802,1,600,Male,30s,College,Regular
949002,1,400,Male,30s,College,Regular
949202,1,380,Male,40s,High School,Regular
949402,1,385,Female,30s,High School,Regular
950002,1,718,Male,30s,High School,Regular
950802,1,530,Female,30s,College,Non-regular
951302,5,300,Male,30s,High School,Non-regular
952002,1,620,Male,40s,College,Regular
952102,1,355,Male,30s,College,Regular
952502,1,380,Male,40s,College,Regular
954402,1,300,Male,30s,High School,Regular
954803,1,360,Female,30s,College,Non-regular
956302,5,250,Female,40s,College,Non-regular
957002,5,400,Male,30s,College,Regular
957702,1,275,Male,30s,College,Regular
957902,1,350,Female,30s,College,Regular
958302,1,250,Male,30s,College,Regular
958904,1,800,Male,40s,College,Regular
959202,1,287,Male,40s,High School,Regular
960702,1,520,Male,30s,College,Regular
960802,1,300,Female,40s,College,Regular
961202,1,500,Male,30s,College,Regular
961302,1,500,Female,30s,College,Regular
961502,1,350,Male,30s,College,Regular
961602,1,300,Female,30s,College,Non-regular
961702,1,50,Female,30s,College,Non-regular
961802,1,350,Male,30s,College,Regular
962002,1,550,Male,30s,College,Regular
962202,1,530,Male,40s,College,Regular
962902,1,411,Male,40s,College,Regular
963002,1,220,Female,30s,College,Regular
963102,1,450,Female,30s,College,Regular
963702,1,350,Female,30s,College,Regular
963902,1,280,Female,40s,College,Non-regular
964302,1,600,Male,30s,College,Regular
964702,1,400,Male,Above 50,College,Regular
964802,1,630,Male,30s,College,Regular
965202,1,400,Male,30s,College,Regular
965502,1,510,Male,40s,High School,Regular
965802,1,500,Female,30s,College,Regular
966002,5,300,Female,30s,College,Regular
966202,1,220,Female,30s,College,Regular
966702,1,280,Female,30s,College,Regular
966802,5,300,Female,Below 30,College,Regular
967102,1,100,Male,40s,College,Regular
967302,1,380,Male,30s,College,Regular
967502,1,380,Female,30s,College,Regular
968702,1,280,Female,Below 30,College,Regular
970102,1,250,Female,30s,College,Regular
971402,1,450,Male,30s,College,Regular
972102,5,280,Female,30s,College,Regular
973102,1,260,Male,40s,High School,Regular
973302,1,220,Female,30s,College,Regular
974102,5,280,Female,30s,College,Regular
974502,1,110,Female,30s,College,Regular
975302,5,450,Male,30s,High School,Regular
975402,1,600,Male,Above 50,College,Regular
977902,1,550,Male,30s,College,Regular
979602,1,200,Female,40s,College,Regular
980002,1,200,Female,30s,College,Regular
980302,1,500,Male,30s,College,Regular
980402,1,280,Male,30s,High School,Regular
980802,5,220,Female,30s,College,Regular
980902,1,230,Female,40s,High School,Regular
981102,1,350,Male,30s,College,Regular
981402,1,350,Male,30s,College,Regular
981502,1,450,Male,30s,High School,Regular
981702,1,500,Female,40s,College,Regular
981902,1,400,Male,30s,College,Regular
982302,5,675,Male,30s,College,Regular
982402,1,550,Male,40s,High School,Non-regular
982802,1,350,Male,30s,College,Regular
982902,1,380,Male,30s,College,Regular
983002,1,230,Female,30s,College,Regular
983402,5,326,Male,30s,High School,Regular
983902,1,290,Female,30s,College,Regular
984602,1,306,Male,30s,College,Regular
985302,5,290,Male,Below 30,College,Regular
985502,1,390,Female,30s,College,Regular
994602,1,220,Male,30s,College,Regular
994802,1,300,Male,30s,College,Regular
995402,1,300,Male,40s,College,Regular
995602,1,300,Female,30s,College,Regular
995902,1,500,Female,30s,College,Regular
996602,1,430,Female,30s,College,Regular
996702,1,390,Male,30s,College,Regular
997002,1,320,Male,30s,College,Regular
997302,1,320,Male,30s,College,Regular
998002,1,930,Male,40s,College,Regular
998102,1,265,Male,30s,High School,Regular
998802,1,400,Male,30s,College,Regular
999102,1,660,Male,30s,College,Regular
999302,1,340,Female,30s,College,Non-regular
999802,1,600,Male,30s,College,Regular
1000402,1,230,Female,30s,High School,Regular
1000502,5,200,Female,30s,College,Regular
1001002,1,400,Male,30s,College,Regular
1001602,1,250,Female,30s,College,Regular
1005002,1,500,Female,30s,College,Regular
1005802,1,261,Female,30s,College,Regular
1007602,1,370,Male,30s,College,Regular
1013002,1,240,Male,30s,College,Regular
1013102,1,380,Male,30s,College,Regular
1013902,1,500,Male,30s,College,Regular
1014502,1,280,Female,30s,College,Regular
1014802,1,350,Female,30s,College,Non-regular
1015402,5,194,Female,30s,High School,Non-regular
1016202,1,300,Female,30s,High School,Regular
1016302,1,290,Male,30s,High School,Regular
1016702,1,203,Female,30s,College,Regular
1016902,1,500,Male,Above 50,College,Regular
1017302,5,333,Female,Below 30,College,Regular
1018202,1,210,Male,40s,College,Non-regular
1018402,1,300,Male,40s,College,Regular
1019702,1,280,Female,Below 30,College,Non-regular
1022002,5,300,Male,40s,College,Regular
1024602,5,400,Male,30s,College,Regular
1029702,5,300,Male,30s,College,Regular
1031102,5,287,Male,30s,High School,Regular
1031602,1,260,Male,30s,College,Regular
1032302,1,260,Male,30s,High School,Regular
1033402,1,380,Male,30s,College,Regular
1033702,1,280,Female,30s,College,Regular
1033802,1,300,Male,30s,College,Regular
1033902,1,410,Female,30s,College,Regular
1034102,1,230,Female,30s,College,Regular
1034502,1,360,Male,30s,College,Regular
1035902,1,410,Male,30s,College,Regular
1036002,5,180,Female,30s,College,Regular
1036802,1,270,Female,Below 30,College,Regular
1037602,1,400,Male,30s,College,Regular
1040002,1,400,Male,30s,College,Regular
1040702,1,445,Male,30s,College,Regular
1045002,5,385,Male,30s,College,Regular
1048302,1,200,Female,30s,College,Regular
1048502,1,400,Male,40s,College,Regular
1049902,1,320,Female,30s,College,Regular
1050002,1,800,Male,30s,College,Regular
1050802,1,240,Male,30s,College,Regular
1051202,1,290,Female,30s,College,Regular
1052202,1,400,Male,30s,College,Regular
1052502,1,300,Male,30s,College,Regular
1053302,5,180,Female,30s,College,Regular
1054502,1,300,Male,30s,College,Regular
1061002,5,315,Female,Below 30,College,Regular
1063202,5,300,Female,30s,College,Regular
1070802,5,280,Male,Below 30,College,Non-regular
1070902,5,310,Male,30s,College,Regular
1073002,5,300,Male,30s,College,Regular
1073202,5,320,Male,30s,College,Regular
1073602,5,290,Female,30s,College,Regular
1073802,5,560,Male,40s,College,Regular
1075202,5,280,Female,Below 30,College,Regular
1075402,5,300,Male,30s,College,Regular
1075702,5,400,Female,Below 30,College,Regular
1075802,5,540,Male,30s,College,Regular
1076002,5,460,Male,30s,College,Regular
1076102,5,160,Female,30s,College,Non-regular
10000203,1,400,Male,40s,College,Regular
10000204,1,305,Female,Above 50,High School,Regular
10000205,1,275,Female,40s,High School,Regular
10000206,1,200,Female,30s,College,Regular
10000207,1,260,Male,Below 30,College,Regular
10000401,1,450,Male,Above 50,College,Regular
10000402,1,260,Female,40s,College,Regular
10000503,1,530,Male,40s,College,Regular
10000504,1,420,Female,40s,College,Regular
10000601,5,350,Male,40s,College,Regular
10000602,1,250,Female,40s,College,Regular
10001101,1,600,Male,40s,College,Regular
10001201,1,330,Male,40s,College,Regular
10001202,1,500,Female,40s,College,Regular
10001603,1,380,Male,Above 50,High School,Non-regular
10001604,5,270,Male,Above 50,High School,Regular
10001701,1,29,Male,Above 50,High School,Non-regular
10001702,1,29,Female,Above 50,High School,Non-regular
10002003,1,300,Male,30s,College,Regular
10002402,1,280,Female,Above 50,High School,Non-regular
10002602,1,210,Female,Below 30,College,Non-regular
10002802,1,300,Male,40s,High School,Non-regular
10003002,1,120,Female,Above 50,High School,Non-regular
10003003,1,250,Male,30s,College,Regular
10003101,1,300,Male,Above 50,College,Regular
10003205,1,250,Male,30s,College,Regular
10003302,1,400,Male,Above 50,College,Regular
10003802,1,38,Female,Above 50,High School,Non-regular
10004001,1,250,Male,Above 50,College,Regular
10004002,5,244,Male,30s,High School,Regular
10004102,1,260,Female,40s,High School,Non-regular
10004201,1,450,Male,Above 50,High School,Regular
10004202,1,200,Female,40s,High School,Non-regular
10004301,1,240,Male,40s,College,Regular
10005101,1,400,Male,Above 50,High School,Non-regular
10005103,1,330,Male,30s,College,Regular
10005301,5,244,Male,Above 50,College,Non-regular
10005302,1,193,Female,Above 50,High School,Non-regular
10005303,1,626,Male,30s,College,Regular
10005304,1,290,Female,30s,College,Regular
10005503,1,367,Female,Above 50,College,Regular
10005505,1,223,Female,Below 30,College,Regular
10005601,1,120,Male,Above 50,High School,Non-regular
10005801,1,29,Female,Above 50,High School,Non-regular
10006001,1,120,Female,Above 50,High School,Non-regular
10007001,1,480,Male,Above 50,College,Regular
10007002,1,240,Female,40s,College,Regular
10007502,1,180,Female,Above 50,High School,Non-regular
10008202,5,29,Female,Above 50,High School,Non-regular
10008301,1,636,Male,40s,College,Regular
10008602,5,27,Female,Above 50,High School,Non-regular
10008603,1,73,Male,Above 50,High School,Non-regular
10008701,1,140,Male,Above 50,High School,Non-regular
10009701,1,250,Female,Above 50,High School,Regular
10009703,1,150,Male,Below 30,College,Non-regular
10010103,1,400,Male,30s,College,Non-regular
10010104,1,333,Female,30s,College,Regular
10010105,1,190,Female,Below 30,College,Regular
10010202,1,185,Female,Above 50,High School,Non-regular
10010203,5,187,Female,30s,College,Non-regular
10010204,5,185,Female,Below 30,College,Non-regular
10010302,1,140,Female,Above 50,High School,Non-regular
10010304,1,225,Female,Below 30,High School,Regular
10011001,1,69,Male,Above 50,High School,Non-regular
10011002,1,69,Female,Above 50,High School,Non-regular
10011003,5,180,Female,40s,High School,Non-regular
10011004,5,215,Female,40s,High School,Non-regular
10011101,1,390,Male,Above 50,High School,Non-regular
10011103,5,365,Male,Below 30,College,Regular
10011104,1,245,Female,Below 30,High School,Regular
10011301,1,210,Male,Above 50,High School,Non-regular
10011503,1,200,Male,Above 50,College,Non-regular
10011504,5,500,Female,30s,College,Regular
10011505,1,200,Male,30s,College,Regular
10011702,1,29,Female,Above 50,High School,Non-regular
10012202,1,200,Female,Above 50,High School,Regular
10012203,1,300,Male,30s,College,Regular
10012503,1,320,Male,Above 50,College,Regular
10013201,1,300,Male,Above 50,High School,Non-regular
10013301,1,370,Male,Above 50,College,Non-regular
10013302,1,250,Female,Above 50,College,Regular
10013304,1,96,Female,Below 30,College,Non-regular
10013401,1,68,Female,Above 50,High School,Non-regular
10013801,5,29,Male,Above 50,High School,Non-regular
10013902,5,170,Female,Above 50,High School,Non-regular
10013903,1,340,Male,40s,High School,Regular
10014001,5,29,Female,Above 50,High School,Non-regular
10014002,1,230,Male,Above 50,High School,Non-regular
10014101,5,300,Male,Above 50,High School,Regular
10014102,1,150,Female,Above 50,High School,Non-regular
10014203,1,330,Male,40s,College,Regular
10014903,1,310,Male,Above 50,College,Regular
10014905,1,400,Male,30s,College,Regular
10015102,1,180,Female,Above 50,High School,Non-regular
10015103,1,240,Female,Below 30,College,Regular
10015104,5,260,Female,Below 30,College,Non-regular
10015501,1,290,Male,40s,College,Regular
10015602,1,290,Female,Above 50,High School,Non-regular
10015604,1,100,Female,30s,High School,Non-regular
10015801,1,320,Male,Above 50,High School,Regular
10015901,1,260,Male,Above 50,High School,Non-regular
10015902,1,250,Female,Above 50,High School,Regular
10015903,1,140,Male,Below 30,High School,Non-regular
10016101,1,1000,Male,Above 50,College,Regular
10016102,1,300,Female,Above 50,College,Regular
10016201,1,800,Male,Above 50,College,Regular
10016204,1,260,Female,Below 30,College,Regular
10016401,1,200,Male,Above 50,College,Regular
10016403,1,330,Male,30s,College,Non-regular
10016404,1,350,Male,30s,College,Regular
10016702,1,220,Male,30s,College,Regular
10016803,1,350,Female,40s,College,Regular
10016804,1,300,Male,40s,College,Regular
10017301,1,200,Male,Above 50,High School,Non-regular
10017401,1,300,Male,Above 50,High School,Regular
10017402,1,550,Female,40s,College,Regular
10017702,1,120,Female,Above 50,High School,Non-regular
10018502,1,40,Female,Above 50,High School,Non-regular
10018603,1,360,Male,Above 50,College,Non-regular
10018702,1,140,Female,Above 50,High School,Non-regular
10018703,1,330,Male,Below 30,College,Regular
10018803,1,380,Male,30s,College,Regular
10018901,1,27,Female,Above 50,High School,Non-regular
10019102,1,29,Female,Above 50,High School,Non-regular
10019301,1,300,Male,Above 50,High School,Regular
10019302,5,100,Female,Above 50,College,Non-regular
10019403,1,320,Female,Below 30,College,Regular
10019803,1,220,Male,Above 50,College,Regular
10020002,1,150,Female,Above 50,High School,Regular
10020103,5,250,Female,Below 30,College,Regular
10020301,5,300,Male,40s,College,Regular
10020601,1,400,Male,40s,High School,Regular
10021501,1,242,Male,Above 50,High School,Regular
10021603,1,460,Male,30s,College,Regular
10022001,1,830,Male,Above 50,College,Regular
10022002,1,500,Female,40s,College,Regular
10022202,1,585,Female,Above 50,High School,Regular
10022203,1,280,Female,30s,College,Regular
10022301,5,215,Female,Above 50,College,Regular
10022501,1,216,Male,Above 50,High School,Regular
10022502,5,210,Female,Above 50,High School,Non-regular
10022701,1,533,Male,Above 50,College,Regular
10022704,1,250,Female,Above 50,High School,Regular
10022902,1,170,Female,Above 50,College,Non-regular
10022903,5,20,Female,Below 30,College,Non-regular
10022904,1,250,Male,Below 30,High School,Non-regular
10023003,1,425,Female,Below 30,College,Regular
10023004,5,220,Female,Below 30,College,Non-regular
10023101,1,27,Female,Above 50,High School,Non-regular
10023201,1,160,Male,Above 50,High School,Non-regular
10023203,1,520,Female,40s,College,Regular
10023504,1,380,Female,30s,College,Non-regular
10024201,1,200,Male,Above 50,High School,Regular
10024302,1,210,Female,Above 50,High School,Regular
10024605,1,240,Male,30s,College,Regular
10025002,1,200,Female,Above 50,High School,Regular
10025403,1,95,Male,Below 30,High School,Non-regular
10025501,1,350,Male,Above 50,College,Regular
10025503,1,330,Male,30s,College,Regular
10025601,5,250,Female,Above 50,High School,Non-regular
10025602,1,450,Male,30s,College,Regular
10025903,1,280,Male,Below 30,College,Regular
10026002,1,160,Female,Above 50,High School,Non-regular
10026003,1,480,Male,40s,College,Regular
10026101,1,270,Male,Above 50,College,Regular
10026102,1,230,Female,40s,High School,Non-regular
10026104,1,95,Female,Below 30,College,Non-regular
10026303,1,350,Male,30s,College,Regular
10026304,1,380,Male,Below 30,College,Regular
10027104,1,204,Female,Above 50,High School,Regular
10027107,1,170,Male,Above 50,High School,Non-regular
10027601,1,500,Male,Above 50,College,Regular
10028101,1,720,Male,Above 50,College,Regular
10028502,1,279,Female,Above 50,High School,Non-regular
10028503,1,410,Male,30s,College,Regular
10028601,1,262,Male,Above 50,High School,Regular
10029102,1,260,Female,Above 50,High School,Regular
10029103,1,280,Male,30s,College,Regular
10029201,1,408,Male,40s,College,Regular
10029202,5,217,Female,40s,High School,Regular
10029402,1,183,Female,Above 50,High School,Non-regular
10029403,5,285,Male,40s,College,Regular
10030002,1,100,Female,Above 50,High School,Non-regular
10030101,1,500,Male,Above 50,High School,Non-regular
10030103,5,290,Male,Below 30,College,Regular
10030104,1,230,Female,Below 30,College,Regular
10030503,1,240,Male,Below 30,College,Regular
10030601,5,75,Female,Above 50,High School,Non-regular
10030603,5,200,Female,30s,College,Regular
10030701,1,480,Male,40s,College,Regular
10030702,5,290,Female,40s,High School,Regular
10030802,1,130,Female,Above 50,High School,Non-regular
10030803,5,250,Female,Below 30,College,Regular
10031401,1,180,Male,Above 50,High School,Non-regular
10031403,5,250,Male,30s,College,Regular
10031701,1,250,Male,Above 50,High School,Non-regular
10031803,1,350,Male,30s,College,Regular
10031804,1,330,Male,Below 30,College,Regular
10032101,1,60,Male,Above 50,High School,Non-regular
10032103,1,40,Male,40s,High School,Non-regular
10032501,1,974,Male,40s,College,Regular
10033101,1,76,Female,Above 50,High School,Non-regular
10033404,1,400,Male,30s,College,Regular
10034203,1,333,Male,30s,College,Regular
10034204,1,230,Male,30s,College,Regular
10034205,1,458,Male,30s,College,Regular
10034206,5,250,Female,Below 30,College,Regular
10035601,1,288,Male,40s,College,Regular
10036002,1,250,Male,Above 50,High School,Non-regular
10037303,1,250,Male,40s,High School,Regular
10038201,5,250,Male,Above 50,High School,Regular
10038301,1,565,Male,Above 50,High School,Regular
10038302,1,228,Female,Above 50,High School,Regular
10038601,1,27,Male,Above 50,High School,Non-regular
10038602,5,190,Female,Above 50,High School,Regular
10038603,1,300,Male,40s,High School,Regular
10038701,1,29,Male,Above 50,High School,Non-regular
10038702,1,29,Female,Above 50,High School,Non-regular
10039202,1,70,Female,Above 50,High School,Non-regular
10039402,1,255,Male,40s,High School,Non-regular
10039403,5,190,Female,Below 30,College,Non-regular
10039501,5,195,Male,Above 50,High School,Non-regular
10040001,1,300,Male,Above 50,High School,Regular
10040301,1,600,Male,Above 50,College,Regular
10040302,1,250,Female,Above 50,College,Regular
10040401,5,280,Female,Above 50,High School,Non-regular
10040402,1,450,Male,Above 50,College,Non-regular
10040501,1,300,Male,Above 50,High School,Non-regular
10040502,1,300,Male,30s,College,Non-regular
10040901,1,350,Male,Above 50,College,Regular
10040902,5,120,Female,Above 50,High School,Non-regular
10040903,5,220,Male,Below 30,College,Regular
10041001,1,300,Male,Above 50,High School,Non-regular
10041004,5,230,Male,Below 30,High School,Regular
10041202,1,300,Male,Above 50,High School,Regular
10041403,1,450,Male,Above 50,College,Regular
10041404,1,230,Female,Above 50,High School,Regular
10042002,1,120,Female,Above 50,High School,Non-regular
10042701,1,233,Male,Above 50,High School,Regular
10042702,1,50,Female,Above 50,High School,Non-regular
10042703,1,440,Female,40s,College,Regular
10042902,1,360,Male,30s,College,Regular
10043503,1,700,Male,Above 50,College,Regular
10043504,1,420,Female,Above 50,College,Regular
10043505,1,100,Male,Below 30,College,Non-regular
10043506,5,185,Female,Below 30,College,Non-regular
10043601,1,240,Male,Above 50,High School,Non-regular
10043602,1,205,Female,Above 50,High School,Regular
10043603,1,350,Male,30s,College,Non-regular
10043604,1,330,Male,30s,College,Regular
10043605,5,260,Male,Below 30,College,Regular
10043802,1,266,Male,40s,College,Regular
10043901,1,340,Male,40s,College,Regular
10044001,5,200,Female,Above 50,High School,Non-regular
10044003,1,300,Male,Above 50,High School,Non-regular
10044201,1,550,Male,Above 50,High School,Regular
10044303,1,708,Male,Above 50,College,Regular
10045201,5,400,Male,Above 50,College,Non-regular
10045401,5,340,Male,Above 50,High School,Regular
10045502,1,198,Female,Above 50,High School,Regular
10045503,1,80,Female,Below 30,College,Non-regular
10045504,5,100,Male,Below 30,College,Non-regular
10045801,5,180,Female,Above 50,High School,Non-regular
10045802,1,315,Male,Above 50,High School,Regular
10045803,1,550,Male,30s,College,Regular
10045901,1,400,Male,Above 50,College,Non-regular
10045902,1,200,Female,Above 50,High School,Non-regular
10046202,1,215,Female,40s,High School,Regular
10046301,1,300,Male,Above 50,High School,Regular
10046302,1,290,Female,Above 50,High School,Regular
10046404,5,235,Female,Below 30,College,Regular
10046702,1,200,Female,Above 50,High School,Non-regular
10046801,1,400,Male,Above 50,College,Regular
10046802,1,100,Female,Above 50,College,Regular
10046804,1,250,Male,Below 30,College,Regular
10047301,1,380,Male,40s,High School,Regular
10047302,1,225,Female,40s,High School,Regular
10047304,5,225,Female,Below 30,High School,Regular
10047501,1,300,Male,Above 50,High School,Non-regular
10047502,1,200,Female,Above 50,High School,Non-regular
10047603,1,250,Male,Above 50,High School,Regular
10047604,5,100,Female,30s,High School,Non-regular
10047902,1,180,Female,Above 50,High School,Regular
10048002,1,260,Female,Above 50,High School,Regular
10048003,1,380,Female,Below 30,College,Regular
10048004,5,270,Female,Below 30,College,Regular
10048805,1,280,Female,30s,High School,Regular
10049001,1,285,Male,Above 50,High School,Non-regular
10049004,5,130,Male,Below 30,High School,Non-regular
10049201,1,180,Male,Above 50,High School,Non-regular
10049204,1,430,Male,40s,College,Regular
10049302,1,29,Female,Above 50,High School,Non-regular
10049303,1,330,Male,40s,High School,Non-regular
10049305,1,250,Male,Below 30,High School,Non-regular
10049306,1,180,Male,Below 30,High School,Non-regular
10049503,1,350,Male,Above 50,High School,Regular
10049504,1,220,Female,30s,High School,Regular
10049602,1,250,Female,Above 50,High School,Non-regular
10049902,1,203,Female,Above 50,High School,Non-regular
10049903,1,203,Female,Below 30,College,Non-regular
10050002,1,300,Female,30s,College,Regular
10050201,1,330,Male,Above 50,High School,Regular
10050202,1,165,Female,40s,High School,Non-regular
10051402,1,300,Female,Above 50,College,Non-regular
10051403,5,250,Female,Below 30,College,Regular
10051501,1,500,Male,40s,College,Regular
10051502,1,500,Female,40s,College,Regular
10051601,1,600,Male,40s,College,Regular
10051602,5,350,Female,40s,College,Regular
10051802,5,155,Female,Above 50,High School,Regular
10052003,5,104,Female,30s,High School,Non-regular
10052004,5,400,Male,30s,High School,Non-regular
10052101,1,160,Male,Above 50,High School,Non-regular
10052102,1,280,Female,Above 50,High School,Non-regular
10052103,1,120,Male,30s,High School,Non-regular
10052302,5,34,Female,Above 50,High School,Non-regular
10052303,1,315,Male,Above 50,High School,Regular
10052304,1,310,Male,Above 50,College,Regular
10052305,1,250,Female,30s,College,Regular
10052401,1,700,Male,Above 50,College,Regular
10052402,1,520,Female,Above 50,High School,Regular
10052404,5,220,Male,Below 30,College,Non-regular
10052503,1,270,Female,30s,College,Regular
10052704,1,200,Male,40s,College,Non-regular
10052903,1,358,Male,40s,College,Regular
10053301,1,250,Male,Above 50,College,Regular
10053302,1,220,Female,Above 50,High School,Non-regular
10053303,1,280,Male,30s,College,Regular
10053402,1,250,Female,Above 50,High School,Regular
10053403,1,500,Male,40s,College,Regular
10053502,1,415,Male,30s,College,Regular
10053503,1,500,Male,30s,College,Regular
10053601,1,192,Female,Above 50,High School,Non-regular
10053703,1,70,Female,40s,High School,Non-regular
10053803,5,230,Female,Above 50,College,Regular
10054401,1,250,Male,Above 50,High School,Non-regular
10054402,1,280,Female,Above 50,College,Non-regular
10054404,1,450,Male,30s,College,Regular
10055003,1,250,Male,30s,College,Non-regular
10055101,1,340,Male,Above 50,High School,Non-regular
10055103,1,260,Male,Below 30,College,Non-regular
10055104,1,180,Female,Below 30,College,Regular
10055201,1,200,Female,Above 50,High School,Non-regular
10055601,5,295,Male,Above 50,High School,Regular
10056301,1,380,Male,40s,College,Regular
10056501,1,150,Female,Above 50,High School,Non-regular
10056503,1,120,Female,30s,High School,Non-regular
10056701,1,350,Male,Above 50,College,Regular
10056703,1,270,Female,30s,College,Regular
10057102,5,200,Female,Above 50,College,Non-regular
10057103,1,500,Male,30s,College,Non-regular
10057502,1,110,Female,Above 50,High School,Non-regular
10057801,1,350,Male,Above 50,High School,Regular
10057802,1,250,Female,Above 50,High School,Regular
10057803,1,320,Male,30s,College,Regular
10059501,1,27,Male,Above 50,High School,Non-regular
10059502,1,110,Female,Above 50,High School,Non-regular
10060101,1,29,Female,Above 50,High School,Non-regular
10060403,1,250,Male,30s,College,Regular
10060404,1,280,Female,Below 30,College,Regular
10060503,1,400,Male,30s,College,Regular
10060601,1,380,Male,40s,College,Regular
10060602,5,175,Female,30s,College,Regular
10060701,5,150,Male,30s,College,Non-regular
10060901,1,230,Female,Above 50,College,Regular
10060902,1,180,Male,Below 30,College,Non-regular
10060903,1,230,Male,Below 30,College,Regular
10061003,1,290,Male,Below 30,High School,Regular
10061004,1,200,Female,Below 30,High School,Non-regular
10061101,1,550,Male,30s,College,Regular
10061301,1,200,Male,Above 50,High School,Non-regular
10061303,1,110,Male,40s,College,Regular
10061401,5,130,Male,Above 50,High School,Non-regular
10061701,1,100,Female,Above 50,High School,Non-regular
10061702,1,300,Male,Below 30,College,Regular
10061801,1,320,Male,Above 50,High School,Regular
10061802,1,160,Female,Above 50,High School,Non-regular
10061803,1,300,Male,30s,College,Regular
10062401,1,84,Female,Above 50,High School,Non-regular
10062403,1,220,Male,30s,College,Non-regular
10062801,1,330,Male,Above 50,College,Regular
10062802,5,245,Female,Below 30,College,Regular
10062901,1,300,Male,Above 50,High School,Non-regular
10062903,1,70,Female,Below 30,High School,Non-regular
10063001,1,70,Female,Above 50,High School,Non-regular
10063002,5,300,Female,40s,High School,Non-regular
10063502,1,200,Female,40s,College,Regular
10063801,1,210,Female,Above 50,High School,Non-regular
10063802,1,500,Male,Above 50,College,Regular
10064101,1,27,Male,Above 50,High School,Non-regular
10064501,1,250,Male,40s,College,Non-regular
10064503,5,100,Female,30s,College,Non-regular
10064602,1,160,Female,Above 50,High School,Non-regular
10064603,1,250,Male,30s,High School,Regular
10065101,1,280,Female,30s,College,Non-regular
10065102,1,320,Male,30s,College,Regular
10065301,1,340,Female,30s,College,Regular
10065403,5,490,Male,30s,College,Regular
10065502,1,200,Female,Above 50,High School,Non-regular
10065703,5,520,Male,40s,College,Regular
10065802,1,30,Female,Above 50,College,Non-regular
10065803,1,294,Female,Below 30,College,Non-regular
10065804,5,250,Male,Below 30,High School,Non-regular
10066102,5,29,Female,Above 50,High School,Non-regular
10066201,1,450,Male,40s,College,Regular
10066302,1,280,Male,40s,High School,Non-regular
10066501,1,360,Female,40s,College,Regular
10067201,5,180,Male,Above 50,High School,Non-regular
10067203,5,500,Male,40s,College,Regular
10067403,1,320,Male,30s,College,Regular
10067701,1,500,Male,40s,High School,Regular
10067702,1,230,Female,40s,College,Regular
10067803,1,265,Female,40s,College,Regular
10067804,1,640,Male,40s,College,Regular
10067902,1,179,Female,40s,High School,Regular
10068004,1,300,Male,Above 50,College,Non-regular
10068301,1,610,Male,40s,College,Regular
10068701,1,30,Male,Above 50,High School,Non-regular
10069101,1,300,Male,Above 50,High School,Non-regular
10069301,1,410,Female,Above 50,College,Regular
10069303,1,60,Female,Below 30,College,Non-regular
10069902,1,150,Female,Above 50,High School,Non-regular
10070201,5,350,Male,40s,High School,Regular
10070603,1,520,Female,40s,College,Regular
10070703,5,400,Male,30s,College,Regular
10070704,1,320,Male,Below 30,College,Regular
10071101,1,280,Male,Above 50,High School,Non-regular
10071102,1,280,Female,Above 50,High School,Regular
10071103,1,200,Female,Below 30,College,Regular
10071104,5,220,Female,Below 30,College,Regular
10071301,1,250,Female,30s,College,Regular
10071304,5,416,Male,30s,College,Regular
10071401,1,800,Male,Above 50,College,Regular
10071402,1,100,Female,Above 50,College,Non-regular
10071501,1,250,Male,Above 50,College,Regular
10071601,1,520,Male,40s,College,Regular
10071701,1,400,Male,Above 50,College,Regular
10071702,1,370,Female,40s,College,Regular
10071801,1,580,Male,40s,College,Regular
10071802,1,70,Female,40s,College,Non-regular
10072404,1,270,Female,30s,College,Regular
10072601,1,250,Male,Above 50,College,Non-regular
10073701,1,300,Male,Above 50,College,Regular
10073702,1,200,Female,30s,High School,Regular
10073802,1,200,Male,Above 50,High School,Non-regular
10074301,1,350,Female,Above 50,High School,Non-regular
10074302,1,290,Male,Above 50,College,Regular
10074603,1,250,Female,Below 30,College,Regular
10074801,5,193,Female,Above 50,College,Non-regular
10074802,1,285,Male,Above 50,College,Regular
10074901,1,230,Female,Above 50,High School,Regular
10074902,1,400,Male,Above 50,High School,Regular
10075101,1,350,Male,Above 50,College,Regular
10075202,1,440,Male,40s,College,Regular
10075501,1,300,Male,Above 50,High School,Non-regular
10075502,1,280,Female,Above 50,High School,Non-regular
10075503,5,350,Male,30s,College,Non-regular
10075802,1,230,Female,Above 50,High School,Non-regular
10075902,1,220,Female,Above 50,High School,Regular
10076804,1,230,Male,40s,High School,Regular
10076901,1,27,Female,Above 50,High School,Non-regular
10076902,5,94,Female,Above 50,High School,Non-regular
10077103,1,220,Male,Above 50,College,Regular
10077104,5,100,Male,Above 50,College,Non-regular
10077302,5,200,Female,Above 50,College,Non-regular
10077303,1,190,Female,Below 30,High School,Non-regular
10077601,1,500,Male,Above 50,College,Regular
10077602,1,100,Female,Above 50,College,Non-regular
10077704,1,700,Male,30s,College,Regular
10078301,1,350,Female,40s,College,Regular
10078501,1,700,Male,Above 50,College,Regular
10078802,5,570,Male,30s,College,Regular
10079201,1,480,Male,Above 50,High School,Non-regular
10079202,1,210,Female,Above 50,High School,Non-regular
10079501,1,200,Female,40s,College,Regular
10079702,1,100,Female,Above 50,High School,Non-regular
10079801,1,610,Male,Above 50,College,Regular
10080001,1,320,Male,Above 50,College,Regular
10080002,1,80,Female,Above 50,College,Non-regular
10080101,1,150,Male,Above 50,High School,Non-regular
10080304,1,126,Male,Above 50,High School,Non-regular
10080501,1,450,Male,40s,High School,Regular
10080901,1,350,Male,Above 50,High School,Regular
10080903,5,220,Female,30s,College,Non-regular
10081103,1,140,Male,Above 50,High School,Non-regular
10081302,5,80,Female,Above 50,High School,Non-regular
10081303,1,220,Female,40s,College,Regular
10081304,1,300,Female,30s,College,Regular
10081702,1,300,Female,Above 50,High School,Regular
10081802,1,350,Male,Above 50,High School,Regular
10081901,1,450,Male,Above 50,High School,Regular
10081902,1,250,Female,Above 50,High School,Non-regular
10081903,1,280,Female,Below 30,High School,Regular
10082001,1,800,Male,40s,High School,Regular
10082002,1,80,Female,40s,College,Non-regular
10082102,1,100,Female,Above 50,High School,Non-regular
10082104,1,220,Male,30s,High School,Regular
10082201,1,250,Male,Above 50,High School,Non-regular
10082202,1,150,Female,Above 50,High School,Non-regular
10082204,1,230,Male,Below 30,High School,Regular
10082401,1,430,Female,Above 50,College,Regular
10082501,1,500,Male,40s,College,Regular
10082502,1,220,Female,40s,College,Non-regular
10082701,1,200,Male,Above 50,College,Regular
10082703,1,380,Male,30s,College,Non-regular
10083101,1,255,Male,Above 50,High School,Non-regular
10083103,1,640,Male,40s,College,Regular
10083201,1,340,Male,Above 50,High School,Regular
10083401,1,310,Male,Above 50,College,Regular
10083602,1,220,Female,Above 50,High School,Regular
10084001,1,600,Male,40s,College,Regular
10084101,1,900,Male,Above 50,College,Regular
10084202,5,225,Female,40s,High School,Regular
10084401,1,650,Male,Above 50,College,Regular
10084901,1,430,Male,Above 50,High School,Regular
10084902,1,700,Female,40s,High School,Regular
10085101,1,390,Male,Above 50,High School,Regular
10085102,5,172,Female,Above 50,High School,Regular
10085302,1,240,Female,40s,High School,Non-regular
10085304,5,130,Female,Below 30,College,Non-regular
10085401,1,160,Male,Above 50,High School,Non-regular
10085402,1,275,Female,Above 50,High School,Regular
10085404,5,382,Male,Below 30,High School,Non-regular
10085601,1,293,Male,Above 50,High School,Non-regular
10085602,1,205,Female,Above 50,College,Non-regular
10085802,1,225,Female,Above 50,High School,Regular
10085803,1,340,Female,30s,College,Regular
10085804,1,240,Male,Below 30,High School,Non-regular
10085901,1,340,Male,Above 50,High School,Non-regular
10085902,1,245,Female,Above 50,High School,Regular
10086002,1,245,Female,Above 50,High School,Regular
10086003,1,380,Male,Below 30,College,Non-regular
10086004,5,245,Female,Below 30,College,Regular
10086102,1,150,Female,Above 50,High School,Non-regular
10086201,1,350,Male,40s,College,Non-regular
10086202,5,195,Female,Above 50,College,Non-regular
10086502,1,550,Female,30s,College,Regular
10086503,1,350,Male,30s,College,Regular
10086604,1,230,Male,30s,College,Non-regular
10086703,1,250,Female,30s,College,Regular
10086704,5,270,Male,Below 30,College,Regular
10086801,1,200,Female,Above 50,High School,Regular
10086802,1,500,Male,30s,College,Regular
10086803,1,350,Male,30s,College,Regular
10087002,1,230,Female,Above 50,High School,Regular
10087103,1,330,Male,Above 50,College,Regular
10087202,1,150,Female,Above 50,High School,Non-regular
10087203,1,250,Female,Below 30,College,Regular
10087301,1,350,Male,40s,College,Regular
10087601,1,220,Male,Above 50,College,Regular
10087602,1,110,Female,Above 50,College,Non-regular
10089105,1,240,Female,30s,College,Regular
10089202,1,300,Female,Above 50,College,Regular
10089302,1,280,Female,Above 50,High School,Regular
10089303,1,300,Male,30s,College,Regular
10089602,1,130,Female,Above 50,College,Non-regular
10089603,5,200,Male,30s,High School,Regular
10089701,1,270,Male,40s,College,Regular
10090003,1,250,Female,Below 30,College,Regular
10090101,1,160,Female,Above 50,High School,Non-regular
10090102,1,360,Male,30s,College,Regular
10090204,1,250,Female,Below 30,College,Regular
10090302,1,218,Female,Above 50,High School,Regular
10090401,1,400,Male,40s,High School,Regular
10090501,1,400,Male,Above 50,High School,Non-regular
10090503,1,550,Male,40s,College,Regular
10090504,1,295,Male,40s,College,Non-regular
10090602,5,29,Female,Above 50,High School,Non-regular
10090804,5,288,Male,Below 30,College,Non-regular
10091001,1,550,Male,30s,College,Regular
10091101,1,370,Male,40s,College,Regular
10091301,1,180,Female,30s,College,Non-regular
10091302,1,270,Male,40s,College,Regular
10091402,1,230,Female,Above 50,High School,Non-regular
10091403,1,356,Male,30s,College,Regular
10091404,5,193,Female,30s,High School,Non-regular
10091601,1,580,Male,40s,High School,Regular
10091602,1,138,Female,Above 50,High School,Regular
10091603,5,135,Female,Below 30,College,Non-regular
10091801,1,225,Female,Above 50,High School,Non-regular
10091802,1,430,Male,Above 50,High School,Non-regular
10091803,5,138,Female,Below 30,College,Non-regular
10091901,1,370,Female,Above 50,College,Regular
10092001,1,130,Female,Above 50,High School,Non-regular
10092002,1,460,Male,Above 50,High School,Non-regular
10092403,1,270,Male,30s,College,Regular
10092502,1,250,Female,Above 50,College,Non-regular
10092503,1,540,Female,30s,College,Regular
10092601,1,450,Male,Above 50,High School,Regular
10092602,1,250,Female,40s,High School,Regular
10092701,1,400,Male,Above 50,College,Regular
10092702,1,270,Female,Above 50,College,Non-regular
10092703,5,290,Female,Below 30,College,Regular
10093001,1,250,Male,Above 50,High School,Non-regular
10093202,1,120,Female,Above 50,High School,Non-regular
10093203,1,350,Male,40s,College,Regular
10093401,1,300,Male,40s,College,Regular
10094302,1,210,Female,Above 50,High School,Non-regular
10094401,1,490,Female,40s,High School,Regular
10094501,1,250,Female,Above 50,High School,Regular
10094503,5,156,Male,Below 30,College,Non-regular
10094504,1,370,Male,Above 50,High School,Non-regular
10094801,1,27,Male,Above 50,High School,Non-regular
10095301,1,190,Female,Above 50,High School,Non-regular
10095402,5,215,Female,Above 50,High School,Non-regular
10095702,1,240,Female,Above 50,High School,Regular
10095802,5,29,Female,Above 50,High School,Non-regular
10096101,1,280,Male,Above 50,College,Non-regular
10096402,5,70,Female,Above 50,High School,Non-regular
10096501,1,300,Male,Above 50,College,Regular
10096502,1,250,Female,Above 50,College,Regular
10096601,1,382,Male,Above 50,High School,Regular
10096803,1,193,Male,40s,High School,Non-regular
10097002,1,29,Female,Above 50,High School,Non-regular
10097003,1,280,Female,Above 50,High School,Regular
10097201,1,29,Male,Above 50,High School,Non-regular
10097302,1,212,Female,Above 50,College,Regular
10097303,5,240,Male,Below 30,College,Regular
10097501,1,240,Male,Above 50,High School,Non-regular
10097503,1,212,Male,Below 30,High School,Regular
10097504,1,212,Male,Below 30,High School,Non-regular
10097601,1,180,Female,Above 50,High School,Non-regular
10098201,1,380,Male,Above 50,College,Regular
10098205,1,240,Male,Below 30,High School,Regular
10098302,5,239,Male,Above 50,College,Regular
10098401,1,320,Male,Above 50,High School,Non-regular
10098402,1,200,Female,Above 50,High School,Non-regular
10098403,1,245,Male,Below 30,College,Regular
10098501,1,420,Female,40s,College,Regular
10098502,1,600,Male,Above 50,College,Regular
10098503,5,60,Female,Below 30,College,Non-regular
10098504,5,40,Male,Below 30,College,Non-regular
10098602,1,400,Male,Above 50,High School,Non-regular
10098603,1,323,Female,Below 30,College,Regular
10098801,1,710,Male,40s,College,Regular
10098802,1,520,Female,40s,College,Regular
10099201,1,84,Male,Above 50,High School,Non-regular
10099303,1,440,Male,Above 50,High School,Non-regular
10099401,5,288,Male,Above 50,High School,Non-regular
10099403,1,230,Male,40s,College,Regular
10100102,1,200,Female,Above 50,High School,Non-regular
10100103,5,260,Female,30s,College,Regular
10100104,1,300,Male,30s,College,Regular
10101102,1,180,Female,30s,College,Non-regular
10101402,1,140,Female,Above 50,High School,Non-regular
10101403,1,370,Male,40s,College,Regular
10101701,1,250,Male,Above 50,High School,Regular
10101702,1,80,Female,Above 50,High School,Non-regular
10101803,5,250,Male,Below 30,College,Regular
10101902,1,200,Male,Above 50,High School,Non-regular
10101903,1,300,Female,30s,College,Regular
10101904,1,260,Male,30s,College,Regular
10102002,1,350,Male,Above 50,College,Regular
10102102,5,160,Female,40s,College,Non-regular
10102202,5,156,Female,Above 50,High School,Non-regular
10102203,1,270,Female,30s,College,Regular
10102401,1,380,Female,30s,College,Regular
10102601,1,350,Male,30s,College,Regular
10102701,5,190,Female,Above 50,High School,Non-regular
10102901,1,900,Male,Above 50,High School,Non-regular
10103003,1,600,Male,30s,College,Non-regular
10103302,1,180,Female,Above 50,High School,Non-regular
10103304,1,300,Female,30s,College,Regular
10103402,1,200,Female,Above 50,High School,Non-regular
10103403,1,270,Male,30s,College,Regular
10103405,5,300,Female,Above 50,High School,Regular
10103701,1,750,Male,Above 50,High School,Regular
10103702,1,210,Female,Above 50,High School,Regular
10103703,1,380,Male,30s,College,Regular
10104002,1,130,Female,Above 50,College,Regular
10104104,5,200,Female,30s,College,Non-regular
10104202,5,140,Female,Above 50,High School,Non-regular
10104401,1,250,Male,Above 50,High School,Non-regular
10104402,5,180,Female,Above 50,High School,Non-regular
10104403,5,280,Male,30s,College,Non-regular
10104701,5,360,Male,40s,College,Regular
10104702,5,230,Female,40s,College,Non-regular
10105202,1,100,Female,Above 50,College,Non-regular
10105401,1,400,Male,Above 50,College,Regular
10105602,1,105,Female,Above 50,High School,Non-regular
10105604,5,670,Male,Above 50,College,Regular
10105701,1,350,Male,40s,College,Regular
10105801,1,240,Male,40s,High School,Non-regular
10106001,1,380,Male,40s,High School,Regular
10106002,1,300,Female,40s,College,Regular
10106102,1,380,Female,Above 50,High School,Regular
10106201,1,530,Male,Above 50,College,Regular
10106204,1,180,Male,Below 30,College,Regular
10106903,1,250,Female,Below 30,High School,Regular
10107001,1,355,Male,Above 50,High School,Regular
10107003,1,540,Female,30s,College,Regular
10107004,5,233,Female,Below 30,College,Non-regular
10107005,1,225,Male,Below 30,High School,Regular
10107302,1,230,Female,Above 50,High School,Regular
10107501,1,500,Male,40s,College,Regular
10108102,1,72,Female,Above 50,High School,Non-regular
10108202,1,27,Female,Above 50,High School,Non-regular
10109002,1,180,Male,Above 50,College,Regular
10109003,1,300,Male,Above 50,College,Regular
10109201,1,350,Male,Above 50,High School,Non-regular
10109202,1,180,Female,Above 50,High School,Non-regular
10110803,1,260,Female,40s,College,Non-regular
10110902,5,130,Female,40s,College,Non-regular
10111202,1,190,Female,Above 50,High School,Non-regular
10111203,1,250,Male,30s,College,Regular
10111204,1,300,Female,30s,College,Regular
10111601,1,29,Male,Above 50,High School,Non-regular
10111602,1,29,Female,Above 50,High School,Non-regular
10112003,1,315,Female,40s,College,Regular
10112101,1,120,Male,Above 50,High School,Non-regular
10112102,5,140,Male,30s,College,Non-regular
10112402,1,280,Female,Above 50,College,Regular
10112903,5,250,Male,Below 30,College,Regular
10112904,1,300,Female,Below 30,College,Regular
10112905,1,180,Male,Below 30,High School,Non-regular
10113101,1,285,Female,40s,College,Regular
10113103,5,70,Female,Above 50,High School,Non-regular
10113303,1,120,Male,30s,College,Non-regular
10113501,1,630,Male,Above 50,High School,Non-regular
10113502,1,285,Female,Above 50,High School,Regular
10113503,5,250,Female,30s,College,Regular
10113801,1,250,Male,Above 50,High School,Regular
10113803,1,191,Female,30s,College,Non-regular
10113804,1,490,Male,30s,College,Regular
10114401,5,29,Male,Above 50,High School,Non-regular
10114402,1,86,Female,Above 50,College,Non-regular
10114602,1,315,Female,Above 50,High School,Regular
10114903,1,400,Female,30s,College,Regular
10114904,5,250,Male,Below 30,College,Regular
10114905,1,62,Female,Below 30,College,Non-regular
10115001,1,420,Male,Above 50,College,Regular
10115002,1,540,Female,Above 50,College,Regular
10115501,1,300,Male,Above 50,High School,Regular
10115504,1,300,Male,30s,High School,Non-regular
10115602,1,133,Female,40s,College,Non-regular
10115802,1,350,Male,40s,College,Regular
10116101,1,400,Male,30s,College,Regular
10116302,1,29,Female,Above 50,High School,Non-regular
10116803,1,380,Male,30s,College,Regular
10117002,1,160,Female,Above 50,College,Non-regular
10117101,5,29,Female,Above 50,High School,Non-regular
10117104,1,250,Male,Above 50,College,Non-regular
10117403,1,120,Male,Below 30,College,Non-regular
10117504,1,500,Male,30s,College,Regular
10117505,1,320,Female,30s,College,Regular
10117705,5,268,Male,30s,College,Regular
10118001,1,200,Female,Above 50,High School,Regular
10118101,1,280,Male,40s,College,Regular
10118102,1,160,Female,40s,College,Regular
10118403,1,330,Male,30s,College,Regular
10118701,1,370,Male,Above 50,High School,Regular
10118702,1,580,Female,Above 50,High School,Regular
10118703,5,300,Male,Below 30,College,Regular
10118704,1,150,Male,Below 30,High School,Non-regular
10118705,1,220,Female,Below 30,High School,Regular
10118901,1,750,Male,Above 50,High School,Regular
10118902,1,280,Female,Above 50,High School,Regular
10118903,1,270,Male,Below 30,College,Regular
10119401,1,300,Male,40s,College,Regular
10119402,1,400,Female,40s,College,Regular
10119602,1,250,Female,Above 50,High School,Non-regular
10119603,1,300,Female,40s,College,Regular
10119901,1,400,Male,40s,College,Regular
10119902,1,230,Female,40s,College,Non-regular
10120203,1,450,Male,40s,College,Regular
10120602,1,500,Female,Above 50,College,Regular
10120604,5,230,Male,Below 30,College,Regular
10120901,1,320,Male,40s,High School,Regular
10120902,5,250,Female,40s,High School,Regular
10121001,1,480,Male,40s,College,Regular
10121002,5,110,Female,40s,College,Non-regular
10121101,1,500,Male,Above 50,College,Regular
10121301,1,500,Female,40s,College,Regular
10121302,1,350,Male,40s,College,Regular
10121602,1,280,Female,40s,College,Regular
10121802,5,30,Female,Above 50,High School,Non-regular
10122001,1,29,Female,Above 50,High School,Non-regular
10122302,1,250,Male,Above 50,College,Regular
10122501,1,90,Female,Above 50,High School,Regular
10122601,1,300,Male,Above 50,High School,Non-regular
10122702,1,205,Female,Above 50,High School,Non-regular
10122901,1,600,Male,30s,College,Regular
10123001,1,250,Female,Above 50,High School,Regular
10123002,5,320,Male,30s,College,Regular
10123302,5,200,Female,40s,College,Non-regular
10123703,1,300,Male,Below 30,College,Regular
10124003,1,480,Male,30s,College,Regular
10124101,1,300,Male,40s,College,Regular
10124201,1,500,Male,Above 50,College,Regular
10124202,1,150,Female,Above 50,College,Non-regular
10124501,1,475,Male,Above 50,High School,Regular
10124503,1,240,Female,Below 30,High School,Non-regular
10124504,5,212,Female,Below 30,College,Regular
10124601,1,450,Male,Above 50,High School,Regular
10124602,1,245,Female,Above 50,High School,Regular
10125103,1,200,Male,40s,High School,Non-regular
10125501,1,190,Male,Above 50,High School,Regular
10125502,1,230,Female,Above 50,High School,Regular
10125701,1,400,Male,Above 50,High School,Regular
10125702,1,280,Female,Above 50,High School,Regular
10125801,1,75,Male,Above 50,College,Non-regular
10126202,1,150,Female,Above 50,High School,Non-regular
10126204,1,300,Female,30s,College,Regular
10126301,1,29,Female,Above 50,High School,Non-regular
10126502,1,350,Female,Above 50,High School,Regular
10126601,1,258,Male,Above 50,High School,Regular
10126602,1,193,Female,Above 50,High School,Regular
10126604,5,165,Female,Below 30,College,Non-regular
10126703,1,260,Male,40s,College,Regular
10126901,1,195,Male,Above 50,College,Non-regular
10126902,1,135,Female,Above 50,College,Non-regular
10127103,1,280,Female,30s,College,Regular
10127104,1,280,Female,30s,College,Regular
10127201,5,98,Female,Above 50,High School,Non-regular
10127203,1,250,Male,30s,High School,Non-regular
10127301,1,550,Male,40s,College,Regular
10127401,1,550,Male,Above 50,High School,Regular
10127403,1,250,Female,30s,College,Regular
10127501,1,500,Male,40s,College,Regular
10127702,1,320,Male,Above 50,High School,Regular
10128102,5,100,Female,Above 50,High School,Non-regular
10128302,1,300,Male,Above 50,High School,Regular
10128401,1,200,Female,Above 50,High School,Regular
10128501,1,100,Female,Above 50,High School,Non-regular
10128601,1,200,Male,Above 50,High School,Regular
10128604,1,100,Female,30s,College,Regular
10128605,1,280,Female,Below 30,College,Regular
10128701,1,250,Male,40s,College,Non-regular
10128903,5,192,Female,30s,College,Regular
10129201,1,500,Male,40s,College,Regular
10129301,1,260,Female,30s,College,Regular
10129303,1,360,Male,30s,College,Regular
10129602,1,150,Female,Above 50,High School,Non-regular
10129603,1,270,Male,30s,College,Regular
10129604,1,440,Female,30s,College,Regular
10129701,1,150,Male,Above 50,College,Non-regular
10129702,1,680,Female,Above 50,College,Regular
10129901,1,480,Male,Above 50,High School,Regular
10130001,1,300,Male,40s,High School,Non-regular
10130003,1,380,Female,40s,College,Regular
10130301,1,500,Male,Above 50,College,Regular
10130302,1,370,Female,Above 50,College,Regular
10130403,1,800,Male,30s,College,Regular
10130404,5,350,Male,30s,College,Regular
10130503,1,120,Female,40s,College,Regular
10130504,1,530,Male,30s,College,Regular
10130505,1,300,Female,30s,College,Regular
10130803,1,220,Male,40s,College,Regular
10130804,1,380,Male,30s,College,Non-regular
10131001,1,160,Male,Above 50,High School,Non-regular
10131003,1,465,Male,40s,High School,Regular
10131501,1,360,Male,30s,College,Regular
10131502,1,260,Female,30s,College,Regular
10131603,1,500,Male,30s,College,Regular
10131702,1,29,Male,Below 30,High School,Non-regular
10131902,1,80,Female,Above 50,High School,Non-regular
10131903,1,89,Female,40s,College,Regular
10131904,1,450,Male,30s,College,Regular
10132501,1,200,Female,Above 50,High School,Regular
10132502,1,250,Male,30s,College,Regular
10132701,1,27,Male,Above 50,High School,Non-regular
10132702,1,500,Male,Above 50,High School,Regular
10132802,1,27,Female,Above 50,High School,Non-regular
10132901,1,27,Male,Above 50,High School,Non-regular
10132902,1,27,Female,Above 50,High School,Non-regular
10133002,1,160,Female,Above 50,High School,Regular
10133003,1,450,Male,40s,College,Regular
10133005,1,360,Female,40s,College,Regular
10133201,1,750,Male,Above 50,College,Regular
10133603,1,200,Female,30s,College,Regular
10133604,1,200,Male,Below 30,College,Regular
10133803,1,320,Male,40s,College,Regular
10135101,1,240,Female,Above 50,College,Regular
10135102,1,250,Female,Below 30,College,Regular
10135103,5,250,Female,Below 30,College,Regular
10135104,5,250,Male,Below 30,College,Regular
10135201,1,3000,Male,Above 50,College,Regular
10135401,1,225,Male,Above 50,High School,Regular
10135402,1,200,Female,Above 50,High School,Non-regular
10135403,1,300,Female,Below 30,College,Regular
10135801,1,550,Male,Above 50,College,Regular
10136101,1,240,Female,Above 50,High School,Non-regular
10136102,5,300,Male,Above 50,High School,Regular
10136201,5,300,Male,Above 50,College,Non-regular
10136203,1,250,Female,30s,College,Regular
10136204,1,250,Female,Below 30,College,Regular
10136302,1,300,Male,Above 50,College,Regular
10136402,1,450,Male,40s,College,Regular
10136404,1,400,Female,40s,College,Regular
10136502,1,200,Male,40s,College,Non-regular
10136902,1,60,Female,Above 50,High School,Non-regular
10137003,5,250,Male,40s,College,Regular
10137004,5,250,Female,40s,College,Regular
10137401,1,280,Male,Above 50,High School,Regular
10137402,1,260,Female,Above 50,High School,Regular
10137403,1,280,Male,30s,High School,Non-regular
10137404,5,250,Female,Below 30,College,Regular
10137502,1,160,Female,Above 50,High School,Non-regular
10137503,1,540,Male,40s,College,Regular
10137801,5,29,Female,Above 50,High School,Non-regular
10137901,5,27,Female,Above 50,High School,Non-regular
10138003,1,350,Male,30s,College,Non-regular
10138101,1,250,Male,Above 50,High School,Regular
10138102,1,200,Female,Above 50,High School,Regular
10138105,1,197,Female,Below 30,College,Regular
10138204,1,260,Male,Below 30,College,Non-regular
10138301,1,300,Male,Above 50,High School,Non-regular
10138601,1,400,Male,Above 50,College,Non-regular
10138803,1,220,Male,40s,High School,Regular
10138805,1,400,Female,40s,High School,Non-regular
10139101,1,370,Male,Above 50,College,Non-regular
10139102,1,800,Female,Above 50,College,Regular
10139201,1,220,Male,Above 50,College,Non-regular
10139301,1,800,Male,40s,College,Regular
10139603,1,60,Male,Above 50,High School,Non-regular
10139804,1,650,Male,30s,High School,Regular
10140102,1,60,Female,Above 50,High School,Non-regular
10140103,1,234,Female,Above 50,College,Non-regular
10140403,1,500,Female,40s,College,Regular
10140603,1,630,Male,40s,College,Regular
10140604,1,450,Male,40s,College,Regular
10140702,1,160,Female,Above 50,High School,Non-regular
10140703,1,180,Female,Below 30,High School,Regular
10140704,1,210,Female,Below 30,College,Regular
10141003,1,300,Male,30s,College,Regular
11000104,5,285,Male,Above 50,College,Regular
11000303,1,350,Male,40s,High School,Regular
11000502,1,375,Male,40s,College,Regular
11000902,1,370,Female,40s,High School,Regular
11001503,1,380,Female,40s,College,Regular
11001602,5,275,Female,40s,College,Regular
11001802,1,352,Male,40s,College,Regular
11001902,1,245,Female,Below 30,College,Regular
11002802,1,400,Male,40s,College,Regular
11002902,1,400,Female,40s,College,Regular
11004902,1,350,Female,40s,College,Regular
11005502,1,200,Male,Above 50,College,Non-regular
11005702,1,750,Male,40s,College,Regular
11005902,1,330,Male,30s,College,Regular
11006102,1,550,Male,40s,College,Regular
11006202,1,350,Female,30s,College,Regular
11006402,1,470,Male,40s,High School,Non-regular
11006602,1,500,Male,40s,College,Regular
11007102,1,300,Male,30s,College,Regular
11007302,1,160,Female,40s,College,Non-regular
11008102,5,220,Female,30s,College,Non-regular
11008502,1,350,Male,40s,High School,Regular
11009202,1,340,Male,40s,High School,Regular
11009502,1,450,Male,40s,College,Regular
11010202,1,430,Male,30s,High School,Regular
11010302,1,350,Male,40s,College,Regular
11011602,1,230,Female,30s,College,Non-regular
11012202,5,300,Male,40s,High School,Regular
11012402,1,480,Male,40s,College,Regular
11012902,1,400,Male,40s,College,Regular
11013002,1,770,Male,Above 50,College,Regular
11013204,1,215,Female,Above 50,High School,Non-regular
11013602,1,450,Male,40s,College,Regular
11014002,1,450,Male,40s,College,Regular
11014402,1,440,Male,30s,College,Regular
11014502,5,238,Female,40s,College,Regular
11015102,1,650,Male,40s,College,Regular
11015802,5,250,Male,40s,College,Regular
11016802,1,340,Male,40s,College,Non-regular
11017002,5,365,Male,40s,College,Regular
11017302,1,450,Male,30s,College,Regular
11018102,1,200,Female,30s,High School,Non-regular
11018502,1,400,Male,30s,College,Regular
11019002,5,220,Male,40s,College,Regular
11020702,1,240,Male,30s,College,Non-regular
11021002,1,400,Male,30s,College,Non-regular
11021202,1,270,Female,30s,College,Regular
11021302,1,300,Male,40s,College,Regular
11023202,1,170,Female,Above 50,High School,Non-regular
11024402,1,200,Female,Above 50,College,Regular
11025302,1,240,Female,30s,College,Regular
11025402,1,600,Male,40s,College,Regular
11026502,5,320,Male,30s,College,Regular
11027002,5,230,Male,30s,College,Non-regular
11028002,1,430,Male,30s,College,Regular
11029702,5,500,Male,30s,College,Regular
11030202,1,350,Female,30s,High School,Non-regular
11031202,1,300,Male,30s,College,Regular
11031402,1,400,Male,30s,High School,Non-regular
11035302,1,225,Female,30s,College,Regular
11035602,1,350,Male,40s,College,Non-regular
11035702,5,285,Male,30s,College,Regular
11036002,1,310,Female,30s,College,Non-regular
11036202,1,250,Female,30s,College,Regular
11040302,1,1500,Male,30s,College,Regular
11040902,5,313,Male,30s,High School,Regular
11041402,1,480,Male,30s,College,Regular
11041603,1,300,Male,Above 50,High School,Regular
11041802,1,400,Male,30s,College,Regular
11043602,1,320,Male,30s,College,Regular
11044202,5,290,Male,30s,College,Non-regular
11044302,1,300,Female,30s,College,Regular
11045302,5,600,Male,40s,College,Regular
11045602,1,333,Male,30s,High School,Regular
11048402,5,300,Female,30s,College,Regular
20000101,1,300,Male,30s,College,Regular
20000503,1,80,Female,Above 50,High School,Non-regular
20000505,1,200,Male,Below 30,High School,Regular
20000801,1,75,Female,Above 50,High School,Non-regular
20001403,5,250,Male,Below 30,College,Regular
20001501,1,360,Male,40s,College,Regular
20001601,1,220,Female,Above 50,College,Regular
20002005,1,200,Male,30s,College,Non-regular
20002201,1,186,Female,Above 50,High School,Regular
20002602,1,180,Female,Above 50,High School,Regular
20003002,1,200,Male,Above 50,High School,Non-regular
20003203,1,260,Male,Above 50,High School,Regular
20003302,1,78,Female,Above 50,High School,Non-regular
20003902,1,300,Male,Above 50,College,Regular
20004303,1,280,Male,30s,College,Regular
20004304,1,280,Male,30s,College,Regular
20004501,1,112,Male,Above 50,High School,Non-regular
20004801,1,400,Male,Above 50,High School,Regular
20004901,1,120,Female,Above 50,High School,Non-regular
20004902,1,100,Male,Above 50,High School,Regular
20005101,1,70,Female,Above 50,High School,Regular
20005102,1,150,Male,Above 50,High School,Non-regular
20005301,1,150,Female,Above 50,High School,Regular
20005601,1,250,Female,40s,College,Regular
20005904,1,270,Female,Below 30,College,Regular
20006001,1,200,Female,30s,College,Regular
20006301,1,350,Male,Above 50,High School,Regular
20006304,1,170,Female,Below 30,College,Regular
20006401,1,500,Male,40s,College,Regular
20006402,1,420,Female,40s,College,Regular
20006602,1,27,Female,Above 50,High School,Non-regular
20006801,1,600,Male,Above 50,College,Regular
20006902,1,300,Female,Above 50,College,Regular
20006904,1,245,Female,Below 30,College,Regular
20007401,1,300,Female,Above 50,College,Regular
20007403,1,27,Female,Above 50,High School,Non-regular
20007801,1,200,Male,Above 50,High School,Non-regular
20007802,1,230,Female,Above 50,High School,Non-regular
20007803,1,300,Male,30s,College,Non-regular
20008001,1,160,Female,Above 50,High School,Non-regular
20008002,1,190,Male,Below 30,High School,Non-regular
20008203,1,200,Female,30s,High School,Regular
20008204,1,220,Female,30s,College,Regular
20008205,1,270,Male,Below 30,College,Regular
20008301,1,300,Male,Above 50,High School,Non-regular
20008404,1,185,Male,40s,College,Non-regular
20008501,5,27,Male,Above 50,High School,Non-regular
20008602,1,60,Female,Above 50,High School,Non-regular
20008603,1,130,Female,30s,College,Regular
20008604,1,300,Male,30s,College,Regular
20009202,5,29,Female,Above 50,High School,Non-regular
20009402,5,68,Female,Above 50,High School,Non-regular
20009501,1,263,Male,Above 50,High School,Regular
20009502,1,240,Female,Above 50,High School,Non-regular
20009503,1,200,Female,Below 30,College,Regular
20009903,1,230,Female,30s,College,Regular
20011101,1,108,Male,Above 50,College,Non-regular
20011102,5,40,Female,Above 50,College,Non-regular
20012202,1,200,Male,30s,High School,Non-regular
20012203,1,190,Male,Below 30,College,Regular
20012204,1,150,Female,Below 30,High School,Non-regular
20012502,5,35,Female,Above 50,High School,Non-regular
20012603,1,500,Male,30s,College,Regular
20013301,1,180,Male,Above 50,High School,Non-regular
20013303,1,200,Female,Below 30,College,Regular
20014002,1,180,Female,Above 50,High School,Non-regular
20015101,1,27,Female,Above 50,High School,Non-regular
20015501,1,27,Female,Above 50,High School,Non-regular
20015704,1,70,Female,30s,College,Regular
20016303,1,130,Female,30s,High School,Non-regular
20016601,5,200,Male,Above 50,College,Regular
20016701,5,330,Male,Above 50,College,Non-regular
20016703,1,541,Male,Below 30,College,Regular
20016802,5,29,Female,Above 50,High School,Non-regular
20016901,1,470,Male,40s,College,Regular
20016902,1,250,Female,40s,College,Non-regular
20017001,1,250,Male,Above 50,High School,Regular
20017101,1,500,Male,40s,High School,Regular
20017102,5,200,Female,40s,College,Regular
20018001,1,57,Male,Above 50,High School,Non-regular
20018101,1,408,Male,40s,College,Regular
20018301,1,195,Male,Above 50,High School,Non-regular
20018402,5,105,Female,40s,High School,Non-regular
20018801,1,294,Male,Above 50,High School,Non-regular
20018802,1,352,Female,Above 50,High School,Regular
20019201,1,29,Female,Above 50,High School,Non-regular
20019302,1,29,Female,Above 50,High School,Non-regular
20019602,5,58,Female,Above 50,High School,Non-regular
20020402,1,27,Female,Above 50,High School,Non-regular
20020701,1,250,Male,Above 50,High School,Regular
20020704,1,450,Male,40s,College,Regular
20020801,1,700,Male,40s,College,Regular
20020802,1,80,Female,40s,College,Non-regular
20021002,1,300,Male,Above 50,College,Regular
20021201,1,380,Male,Above 50,College,Regular
20021203,1,250,Female,30s,College,Regular
20021301,1,350,Male,Above 50,College,Regular
20021303,1,290,Female,30s,College,Regular
20021304,1,300,Male,30s,College,Regular
20021601,5,304,Male,Above 50,College,Regular
20021603,1,220,Male,30s,College,Regular
20022102,1,170,Female,Above 50,High School,Non-regular
20022202,1,150,Female,Above 50,High School,Non-regular
20022301,1,395,Male,40s,College,Regular
20022401,5,230,Male,Above 50,High School,Non-regular
20022501,1,29,Female,Above 50,High School,Non-regular
20023202,1,250,Male,Above 50,College,Regular
20023401,1,29,Female,Above 50,High School,Non-regular
20023803,1,185,Male,30s,College,Non-regular
20023804,1,300,Female,30s,College,Regular
20024001,1,230,Male,Above 50,College,Non-regular
20024003,1,400,Female,40s,College,Regular
20024401,5,600,Male,40s,College,Regular
20024402,5,100,Female,40s,College,Regular
20024601,1,495,Male,40s,College,Regular
20024602,1,310,Female,30s,College,Regular
20024701,1,270,Male,Above 50,High School,Regular
20024702,1,300,Female,Above 50,High School,Regular
20025301,1,142,Male,Above 50,High School,Non-regular
20025901,1,200,Male,Above 50,High School,Non-regular
20025903,1,250,Male,40s,High School,Non-regular
20026503,1,200,Male,Above 50,High School,Non-regular
20026504,1,149,Female,30s,High School,Non-regular
20026601,1,200,Male,Above 50,College,Non-regular
20026901,1,400,Male,Above 50,High School,Regular
20027101,1,80,Male,Above 50,High School,Non-regular
20027102,1,205,Female,Above 50,High School,Regular
20027501,1,150,Male,Above 50,High School,Regular
20027502,1,175,Female,Above 50,High School,Regular
20027902,1,230,Male,30s,College,Regular
20028102,5,500,Female,Above 50,College,Non-regular
20028501,1,435,Male,Above 50,College,Regular
20028502,1,330,Female,Above 50,College,Regular
20028503,5,240,Female,Below 30,College,Regular
20028601,1,391,Male,Above 50,College,Regular
20028602,1,225,Female,40s,College,Regular
20028701,1,250,Male,40s,College,Regular
20028702,1,90,Female,40s,High School,Non-regular
20029002,1,29,Female,Above 50,High School,Non-regular
20029301,1,250,Male,Above 50,High School,Regular
20029401,1,200,Male,Above 50,High School,Non-regular
20029502,1,80,Female,Above 50,High School,Non-regular
20029601,1,230,Male,Above 50,High School,Non-regular
20029701,1,200,Male,Above 50,College,Regular
20029901,1,160,Female,Above 50,High School,Regular
20030101,5,29,Female,Above 50,High School,Non-regular
20030102,1,225,Male,Above 50,College,Regular
20030201,1,381,Male,Above 50,High School,Regular
20030401,1,29,Female,Above 50,High School,Non-regular
20030602,1,400,Male,Above 50,High School,Regular
20030701,1,554,Male,30s,High School,Regular
20030801,1,142,Female,Above 50,High School,Non-regular
20030803,5,420,Male,40s,College,Regular
20030901,1,400,Male,40s,High School,Regular
20031201,1,50,Female,Above 50,High School,Non-regular
20031301,1,127,Female,40s,High School,Non-regular
20031303,1,189,Male,Below 30,High School,Regular
20031401,1,80,Male,Above 50,College,Non-regular
20031402,1,180,Female,Above 50,High School,Non-regular
20031601,5,29,Female,Above 50,High School,Non-regular
20031701,5,29,Female,Above 50,High School,Non-regular
20031801,5,29,Female,Above 50,High School,Non-regular
20032001,5,29,Female,Above 50,High School,Non-regular
20032301,1,220,Male,Above 50,High School,Non-regular
20032401,1,200,Male,Above 50,High School,Non-regular
20032601,1,240,Male,30s,College,Non-regular
20032602,1,170,Female,30s,College,Non-regular
20032801,1,150,Male,Above 50,High School,Non-regular
20032901,1,100,Male,Above 50,High School,Non-regular
20033101,1,190,Male,Above 50,High School,Non-regular
20033102,1,29,Female,Above 50,High School,Non-regular
20033201,1,200,Male,Above 50,High School,Non-regular
20033203,1,300,Male,30s,College,Regular
20033204,1,300,Male,Below 30,College,Regular
20034004,5,225,Male,30s,College,Non-regular
20034201,1,200,Male,Above 50,High School,Non-regular
20034301,1,620,Male,Above 50,College,Regular
20034302,1,310,Female,Above 50,College,Regular
20034303,1,280,Male,Below 30,College,Regular
20034703,1,350,Female,40s,College,Regular
20034803,1,300,Female,Below 30,High School,Regular
20034804,1,200,Female,Below 30,High School,Non-regular
20035101,5,29,Female,Above 50,High School,Non-regular
20035103,5,195,Female,Above 50,High School,Non-regular
20035404,1,350,Male,Below 30,High School,Regular
20035601,1,380,Male,40s,College,Regular
20036102,1,310,Male,40s,College,Regular
20036202,1,200,Female,40s,High School,Non-regular
20036401,1,180,Female,40s,College,Non-regular
20036402,1,420,Male,40s,College,Regular
20036801,1,400,Male,40s,College,Regular
20037102,1,200,Female,Above 50,High School,Regular
20037401,1,300,Male,Above 50,College,Non-regular
20037601,1,75,Male,Above 50,High School,Non-regular
20037901,1,350,Male,Above 50,High School,Regular
20037902,1,200,Female,Above 50,College,Non-regular
20038101,1,300,Male,Above 50,College,Non-regular
20038102,5,300,Female,Above 50,College,Non-regular
20038201,1,500,Male,40s,College,Regular
20038301,1,29,Male,Above 50,High School,Non-regular
20038601,5,430,Female,30s,College,Regular
20038701,1,29,Female,Above 50,High School,Non-regular
20038901,1,900,Male,Above 50,College,Regular
20038902,1,60,Female,Above 50,College,Non-regular
20039103,1,250,Male,30s,College,Regular
20039201,1,200,Male,Above 50,High School,Non-regular
20039601,1,29,Male,Above 50,High School,Non-regular
20040002,1,330,Male,Above 50,High School,Regular
20040004,1,265,Male,Below 30,College,Regular
20040102,1,250,Female,Above 50,College,Regular
20040201,1,800,Male,Above 50,College,Regular
20040202,1,250,Female,Above 50,High School,Regular
20040203,1,320,Male,30s,College,Regular
20040302,1,500,Male,Above 50,College,Regular
20040303,1,238,Male,Below 30,College,Regular
20040304,5,250,Male,Below 30,High School,Regular
20040602,1,220,Female,Above 50,High School,Regular
20040801,1,100,Male,Above 50,College,Non-regular
20041001,5,500,Male,Above 50,High School,Non-regular
20041003,1,266,Male,30s,College,Regular
20041004,1,280,Male,30s,College,Regular
20041101,1,80,Female,Above 50,High School,Non-regular
20041302,1,80,Female,Above 50,High School,Non-regular
20041702,1,300,Male,40s,High School,Regular
20041802,5,200,Female,Above 50,High School,Non-regular
20042004,5,270,Male,30s,College,Regular
20043001,1,300,Male,Above 50,High School,Regular
20043702,1,29,Female,Above 50,High School,Non-regular
20043801,1,230,Female,40s,College,Regular
20043902,1,400,Male,40s,College,Regular
20044002,1,148,Female,30s,College,Non-regular
20044501,1,27,Male,Above 50,High School,Non-regular
20044502,1,27,Female,Above 50,High School,Non-regular
20044701,1,27,Female,Above 50,High School,Non-regular
20045101,1,300,Male,40s,College,Non-regular
20045201,1,370,Male,40s,College,Regular
20045301,1,180,Male,Above 50,High School,Non-regular
20045303,1,320,Male,30s,High School,Regular
20045402,1,190,Female,Above 50,College,Non-regular
20046901,1,580,Male,Above 50,High School,Non-regular
20046902,1,105,Female,Above 50,High School,Non-regular
20047301,1,51,Male,Above 50,High School,Non-regular
20047601,1,136,Female,Above 50,High School,Non-regular
20047602,5,100,Male,30s,High School,Non-regular
20048101,5,330,Male,40s,High School,Regular
20048102,1,300,Female,40s,College,Regular
20048201,1,138,Female,Above 50,High School,Non-regular
20048301,1,335,Male,Above 50,College,Regular
20048401,1,475,Male,Above 50,College,Regular
20048603,1,200,Female,40s,College,Non-regular
20049001,1,27,Male,Above 50,High School,Non-regular
20049501,1,180,Female,40s,High School,Non-regular
20049801,5,330,Male,Above 50,High School,Regular
20049802,1,500,Female,Above 50,High School,Non-regular
20049803,5,217,Female,Below 30,College,Non-regular
20050002,1,29,Female,Above 50,High School,Non-regular
20050201,1,150,Male,Above 50,High School,Non-regular
20050403,1,326,Male,40s,College,Regular
20050801,1,200,Female,Above 50,High School,Non-regular
20051201,1,120,Male,Above 50,High School,Non-regular
20051401,1,162,Female,Above 50,High School,Non-regular
20051801,1,337,Male,40s,High School,Regular
20052001,1,200,Male,Above 50,High School,Non-regular
20052302,1,250,Male,40s,High School,Regular
20052401,1,210,Female,Above 50,High School,Regular
20052402,5,290,Male,Above 50,High School,Regular
20052502,1,29,Female,Above 50,High School,Non-regular
20052703,1,350,Female,40s,College,Regular
20053001,1,27,Female,Above 50,High School,Non-regular
20053502,1,150,Female,Above 50,High School,Non-regular
20053503,5,230,Male,Below 30,College,Regular
20053701,1,350,Male,40s,College,Regular
20054002,1,130,Female,Above 50,High School,Non-regular
20054201,1,390,Male,40s,College,Regular
20054202,5,220,Female,40s,College,Regular
20054301,1,230,Male,Above 50,High School,Regular
20054303,1,320,Female,40s,College,Regular
20055001,1,160,Male,Above 50,High School,Non-regular
20055301,1,570,Male,Above 50,High School,Regular
20055802,5,200,Female,Above 50,High School,Non-regular
20055901,1,450,Male,Above 50,High School,Regular
20057301,1,400,Male,40s,College,Regular
20057302,1,120,Female,40s,College,Non-regular
20057401,5,200,Male,Above 50,High School,Non-regular
20057902,1,243,Male,40s,College,Regular
20058001,1,580,Male,Above 50,College,Regular
20058201,1,29,Female,Above 50,High School,Non-regular
20058901,1,100,Female,Above 50,High School,Non-regular
20059701,5,29,Male,Above 50,High School,Non-regular
20059801,1,250,Male,Above 50,High School,Regular
20060901,1,200,Male,Above 50,College,Regular
20060902,1,550,Female,Above 50,College,Regular
20061002,5,150,Female,Above 50,College,Non-regular
20061101,1,350,Male,40s,College,Non-regular
20061102,5,200,Female,40s,College,Regular
20061602,1,300,Female,Above 50,High School,Non-regular
20061603,1,300,Female,30s,College,Regular
20061604,1,320,Male,30s,College,Regular
20062201,1,200,Male,Above 50,College,Regular
20062202,1,200,Female,Above 50,College,Regular
20062302,5,70,Female,Above 50,High School,Non-regular
20062501,1,220,Female,40s,High School,Regular
20062601,1,400,Male,Above 50,High School,Non-regular
20062604,5,195,Female,Below 30,College,Non-regular
20062701,1,250,Male,Above 50,High School,Non-regular
20062903,5,250,Female,Below 30,High School,Regular
20063202,1,80,Female,Above 50,High School,Non-regular
20063301,1,29,Female,Above 50,High School,Non-regular
20064402,1,280,Male,30s,College,Regular
20065001,1,27,Male,Above 50,High School,Non-regular
20065101,1,250,Male,Above 50,High School,Regular
20065102,1,240,Female,Above 50,High School,Regular
20065103,1,47,Female,Below 30,College,Non-regular
20065104,1,200,Female,Below 30,College,Regular
20065201,1,27,Female,Above 50,High School,Non-regular
20065602,1,72,Female,Above 50,High School,Non-regular
20065603,1,300,Male,30s,College,Regular
20065701,5,220,Male,40s,High School,Regular
20065801,1,50,Male,Above 50,High School,Non-regular
20065802,1,29,Female,Above 50,High School,Non-regular
20066003,1,400,Male,30s,College,Regular
20066204,1,270,Female,30s,College,Regular
20066301,5,110,Male,Above 50,College,Non-regular
20066302,1,60,Female,Above 50,High School,Non-regular
20066603,1,80,Female,Above 50,High School,Non-regular
20066901,1,200,Male,Above 50,College,Non-regular
20067201,1,185,Male,Above 50,High School,Regular
20068801,5,29,Male,Above 50,College,Non-regular
20069501,5,29,Female,Above 50,High School,Non-regular
20069701,1,1400,Male,Above 50,High School,Regular
20069703,1,233,Female,30s,College,Regular
20069704,1,230,Male,Below 30,College,Non-regular
20070501,1,550,Male,30s,College,Regular
20070601,5,350,Male,30s,College,Regular
20071101,5,104,Male,Above 50,High School,Non-regular
20071603,1,220,Female,Below 30,College,Regular
20071901,1,29,Female,Above 50,High School,Non-regular
20072501,1,350,Male,Above 50,College,Regular
20072503,5,250,Male,30s,College,Regular
20072601,1,600,Male,Above 50,High School,Regular
20072801,1,400,Male,Above 50,College,Regular
20073003,1,250,Female,30s,College,Regular
20073004,1,300,Male,Below 30,College,Regular
20073101,1,750,Male,Above 50,College,Regular
20073104,1,280,Female,30s,College,Regular
20073201,1,350,Male,Above 50,College,Regular
20073202,1,100,Female,40s,College,Non-regular
20073401,1,570,Male,40s,College,Regular
20073402,1,100,Female,40s,High School,Non-regular
20073801,1,800,Female,40s,College,Regular
20073802,1,800,Male,40s,College,Regular
20073901,1,430,Male,30s,College,Regular
20074201,5,320,Male,Above 50,College,Non-regular
20074202,1,260,Female,Above 50,High School,Regular
20074402,5,100,Female,Above 50,High School,Non-regular
20074601,1,400,Male,40s,College,Regular
20074802,5,140,Female,Above 50,High School,Non-regular
20074902,1,70,Female,Above 50,High School,Non-regular
20075201,1,400,Male,Above 50,High School,Regular
20075203,5,310,Female,Below 30,College,Regular
20075402,1,200,Female,Above 50,High School,Non-regular
20075403,1,250,Female,30s,College,Regular
20075602,1,40,Female,Above 50,High School,Non-regular
20075901,1,350,Male,40s,College,Regular
20076201,1,700,Male,Above 50,College,Regular
20076301,1,330,Male,Above 50,High School,Regular
20076302,1,280,Female,40s,High School,Regular
20076303,1,280,Female,Below 30,College,Regular
20076401,1,250,Female,Above 50,High School,Regular
20076402,1,300,Male,Above 50,College,Regular
20076501,5,70,Male,Above 50,High School,Non-regular
20076503,1,500,Male,40s,College,Regular
20076701,1,380,Male,30s,College,Regular
20076702,5,220,Female,30s,College,Regular
20077001,1,400,Male,30s,College,Regular
20077102,1,250,Female,Above 50,High School,Regular
20077103,5,300,Male,Below 30,College,Regular
20077202,1,380,Male,40s,High School,Regular
20077203,1,220,Female,40s,College,Regular
20077401,1,350,Male,Above 50,High School,Regular
20077403,5,350,Male,30s,High School,Regular
20077801,1,100,Male,Above 50,College,Non-regular
20077902,5,120,Female,Above 50,High School,Non-regular
20078301,1,300,Male,Above 50,High School,Non-regular
20078302,1,150,Female,Above 50,High School,Non-regular
20078501,1,260,Male,Above 50,High School,Regular
20078601,1,300,Male,Above 50,College,Regular
20078603,1,260,Female,30s,College,Non-regular
20078802,1,180,Male,Above 50,High School,Non-regular
20078902,1,100,Female,Above 50,High School,Non-regular
20079501,1,29,Female,Above 50,High School,Non-regular
20080101,1,400,Male,Above 50,College,Regular
20080103,1,150,Female,Below 30,College,Non-regular
20080104,1,300,Male,Below 30,College,Regular
20080204,1,250,Male,30s,College,Non-regular
20080702,1,200,Female,Above 50,High School,Non-regular
20080802,1,320,Female,40s,High School,Regular
20081001,1,420,Male,40s,High School,Non-regular
20081003,5,190,Female,Below 30,High School,Non-regular
20081101,1,300,Male,Above 50,College,Regular
20081103,1,315,Male,30s,College,Regular
20081201,1,540,Male,Above 50,High School,Regular
20081202,1,185,Female,Above 50,High School,Regular
20081303,1,270,Male,30s,College,Regular
20081401,1,550,Male,Above 50,High School,Regular
20081402,5,143,Female,40s,College,Regular
20081501,1,330,Male,Above 50,College,Regular
20081502,1,260,Female,Above 50,High School,Regular
20081601,1,1350,Male,Above 50,College,Regular
20081603,5,256,Female,Below 30,College,Regular
20081702,1,400,Male,30s,College,Regular
20082003,1,300,Female,30s,College,Regular
20082101,1,400,Male,40s,College,Regular
20082102,1,370,Female,40s,College,Regular
20082201,1,260,Male,30s,College,Regular
20082202,1,160,Female,30s,College,Regular
20082301,1,320,Male,30s,College,Regular
20082701,1,80,Male,Above 50,High School,Non-regular
20083301,1,273,Male,Above 50,High School,Regular
20083302,1,215,Female,Above 50,High School,Regular
20083401,1,268,Male,Above 50,High School,Regular
20083502,1,120,Female,Above 50,High School,Non-regular
20083603,1,350,Male,40s,College,Regular
20084101,1,360,Male,40s,College,Regular
20084201,1,560,Male,Above 50,College,Regular
20084302,1,150,Female,Above 50,High School,Non-regular
20084601,1,200,Male,Above 50,High School,Regular
20084602,1,200,Female,Above 50,High School,Non-regular
20085001,1,360,Male,Above 50,College,Regular
20085002,1,80,Female,40s,College,Non-regular
20085201,1,340,Male,40s,College,Regular
20085301,1,500,Male,40s,College,Regular
20085401,1,420,Male,Above 50,College,Regular
20085403,1,250,Female,30s,College,Regular
20085702,1,250,Female,40s,College,Non-regular
20085901,1,400,Male,Above 50,College,Regular
20085902,1,400,Female,40s,College,Regular
20086201,1,335,Male,Above 50,High School,Regular
20086203,1,285,Male,30s,College,Regular
20086303,1,243,Female,40s,College,Non-regular
20086304,5,200,Male,30s,College,Regular
20086305,1,250,Female,30s,College,Regular
20086501,1,240,Male,Above 50,College,Non-regular
20086602,1,350,Female,30s,College,Regular
20086701,1,550,Male,40s,College,Regular
20086901,1,360,Male,Above 50,College,Regular
20087102,1,194,Female,Above 50,High School,Non-regular
20087201,1,285,Male,Above 50,High School,Non-regular
20087202,1,184,Female,Above 50,High School,Regular
20087302,5,146,Male,Below 30,College,Regular
20087303,5,146,Female,Below 30,College,Non-regular
20087401,1,240,Male,Above 50,High School,Non-regular
20087501,1,50,Female,Above 50,High School,Non-regular
20087601,1,241,Male,Above 50,High School,Regular
20087602,1,190,Female,Above 50,High School,Non-regular
20087604,1,203,Male,30s,High School,Regular
20087605,5,203,Male,Below 30,High School,Non-regular
20087701,1,204,Male,Above 50,College,Non-regular
20087901,1,360,Male,40s,College,Regular
20088101,1,96,Male,Above 50,High School,Non-regular
20088201,1,360,Male,40s,College,Regular
20088202,5,80,Female,40s,College,Non-regular
20088301,1,200,Male,Above 50,High School,Non-regular
20088302,1,80,Female,Above 50,High School,Non-regular
20088303,1,130,Male,30s,College,Non-regular
20088501,1,230,Male,Above 50,High School,Regular
20088601,1,28,Female,Above 50,High School,Non-regular
20088801,1,430,Male,40s,High School,Regular
20088802,1,240,Female,40s,High School,Regular
20088901,1,410,Male,40s,College,Regular
20088902,1,370,Female,30s,College,Regular
20089001,1,380,Male,Above 50,College,Regular
20089002,5,215,Female,40s,College,Regular
20089101,1,360,Male,30s,College,Regular
20089201,1,400,Male,40s,College,Regular
20089701,1,215,Female,Above 50,High School,Regular
20089901,5,218,Male,40s,High School,Regular
20089902,1,240,Female,40s,College,Regular
20090001,1,410,Male,40s,High School,Non-regular
20091001,1,250,Male,Above 50,High School,Non-regular
20091102,1,600,Male,Above 50,High School,Regular
20091103,1,370,Male,30s,College,Regular
20091201,1,300,Male,Above 50,College,Regular
20091301,1,200,Male,Above 50,College,Regular
20091401,1,1000,Male,Above 50,High School,Regular
20091503,1,300,Female,30s,College,Non-regular
20091702,1,40,Female,Above 50,High School,Non-regular
20091901,1,250,Male,Above 50,High School,Regular
20092003,1,180,Female,40s,College,Regular
20092102,5,300,Female,Above 50,High School,Regular
20092302,1,150,Female,Above 50,High School,Non-regular
20092303,1,400,Male,40s,College,Regular
20092304,1,250,Female,30s,College,Regular
20092402,1,200,Female,Above 50,High School,Non-regular
20092501,1,220,Male,Above 50,High School,Non-regular
20092601,1,760,Male,Above 50,College,Regular
20092602,1,120,Female,Above 50,College,Non-regular
20092603,1,300,Male,30s,College,Non-regular
20092701,1,550,Male,40s,College,Regular
20092702,1,240,Female,40s,College,Regular
20092801,1,340,Male,40s,College,Regular
20092802,1,100,Female,40s,College,Non-regular
20093202,1,110,Female,Above 50,High School,Non-regular
20093303,1,276,Female,30s,College,Non-regular
20093304,1,272,Male,30s,College,Non-regular
20093501,5,29,Female,Above 50,High School,Non-regular
20093601,1,29,Male,Above 50,High School,Non-regular
20093701,1,20,Male,Above 50,High School,Non-regular
20093802,1,130,Female,Above 50,High School,Non-regular
20093803,1,270,Male,40s,College,Regular
20093901,5,300,Male,40s,College,Regular
20094001,1,360,Male,40s,College,Regular
20094101,1,340,Male,Above 50,College,Regular
20094202,1,230,Female,40s,College,Regular
20094401,5,250,Male,Above 50,High School,Non-regular
20094402,5,200,Female,40s,High School,Non-regular
20094701,1,750,Male,40s,College,Regular
20094702,1,150,Female,40s,College,Non-regular
20095001,1,450,Male,40s,College,Regular
20095201,1,400,Male,40s,College,Non-regular
20095202,1,300,Female,40s,College,Regular
20095403,5,120,Female,40s,High School,Non-regular
20095603,1,250,Male,30s,College,Regular
20095604,1,300,Male,30s,College,Regular
20095701,1,400,Male,Above 50,College,Non-regular
20096001,1,350,Male,Above 50,College,Regular
20096201,1,250,Male,Above 50,High School,Non-regular
20096301,1,220,Female,Above 50,High School,Non-regular
20096402,1,260,Female,Above 50,College,Regular
20096404,5,290,Male,Below 30,College,Regular
20096501,1,400,Male,Below 30,College,Non-regular
20096601,1,75,Male,Above 50,High School,Non-regular
20096701,1,830,Male,30s,College,Regular
20096901,1,460,Male,40s,College,Regular
20097001,5,201,Female,Above 50,High School,Regular
20097002,5,205,Female,30s,College,Regular
20097102,1,285,Male,40s,College,Regular
20097103,1,285,Male,30s,College,Regular
20097201,1,565,Male,40s,College,Regular
20097702,1,73,Female,Above 50,High School,Non-regular
20097802,1,470,Female,40s,College,Regular
20097902,1,150,Female,Above 50,High School,Non-regular
20098002,1,260,Female,40s,High School,Regular
20098101,1,330,Male,Above 50,High School,Regular
20098201,1,650,Male,30s,College,Regular
20098301,1,230,Male,Above 50,High School,Non-regular
20098302,1,220,Female,Above 50,High School,Non-regular
20098501,1,80,Male,Above 50,High School,Non-regular
20098504,1,280,Female,30s,College,Regular
20098601,1,60,Male,Above 50,High School,Non-regular
20098801,1,288,Male,40s,College,Regular
20098901,1,300,Male,30s,College,Regular
20099001,1,216,Male,Above 50,High School,Non-regular
20099201,1,300,Male,Above 50,High School,Regular
20099203,1,300,Male,Below 30,High School,Regular
20099601,1,150,Female,Above 50,High School,Non-regular
20099602,1,400,Male,40s,College,Non-regular
20099701,1,400,Female,30s,College,Regular
20099702,1,1500,Male,40s,College,Regular
20099801,1,445,Male,30s,High School,Non-regular
20099802,1,480,Female,40s,High School,Regular
20100001,1,500,Male,40s,College,Regular
20100002,1,500,Female,40s,College,Regular
20100101,1,950,Male,Above 50,College,Regular
20100102,1,100,Female,40s,College,Non-regular
20100201,1,790,Female,40s,High School,Regular
20100301,1,400,Male,40s,College,Regular
20100302,1,390,Female,30s,High School,Regular
20100501,1,800,Male,40s,College,Regular
20100601,1,380,Male,40s,College,Regular
20100801,1,194,Male,Above 50,High School,Regular
20100804,1,194,Female,30s,High School,Regular
20100901,1,475,Male,Above 50,High School,Non-regular
20100902,1,194,Female,Above 50,High School,Regular
20100903,5,203,Male,Below 30,College,Regular
20100904,5,203,Female,Below 30,College,Regular
20101501,1,185,Male,Above 50,High School,Non-regular
20101701,5,30,Female,Above 50,High School,Non-regular
20102001,1,30,Male,Above 50,High School,Non-regular
20102003,1,210,Male,Below 30,High School,Regular
20102101,1,280,Male,Above 50,High School,Regular
20102102,1,230,Female,Above 50,High School,Regular
20102201,1,30,Male,Above 50,High School,Non-regular
20102301,1,60,Female,Above 50,High School,Non-regular
20102403,1,260,Male,Below 30,College,Regular
20102503,1,300,Female,30s,College,Regular
20102601,1,300,Male,40s,High School,Regular
20102801,5,120,Male,Above 50,High School,Non-regular
20102901,1,220,Male,Above 50,High School,Non-regular
20103601,1,280,Male,Above 50,High School,Regular
20103801,5,150,Male,Above 50,College,Non-regular
20103802,1,80,Female,Above 50,High School,Non-regular
20103803,5,250,Male,30s,College,Non-regular
20103901,1,350,Male,Above 50,College,Regular
20103902,1,300,Female,Above 50,College,Non-regular
20104103,1,350,Male,Below 30,College,Regular
20104302,1,200,Female,Above 50,High School,Regular
20104501,1,500,Male,Above 50,College,Regular
20104502,1,60,Female,40s,College,Non-regular
20104601,1,450,Male,Above 50,College,Regular
20104801,1,29,Male,Above 50,High School,Non-regular
20104803,1,200,Female,40s,High School,Non-regular
20105002,1,120,Female,Above 50,High School,Non-regular
20105102,1,200,Female,Above 50,High School,Regular
20105103,1,300,Male,30s,College,Regular
20105104,1,300,Male,30s,College,Regular
20105203,1,230,Female,30s,College,Regular
20105701,1,380,Male,40s,College,Regular
20105901,1,700,Male,40s,College,Regular
20106402,1,210,Female,Above 50,High School,Non-regular
20106502,1,280,Male,30s,College,Regular
20106801,1,500,Male,40s,College,Regular
20106802,1,380,Female,40s,College,Regular
20107101,1,40,Male,Above 50,High School,Non-regular
20107303,5,360,Male,Below 30,College,Regular
20107401,1,593,Male,Above 50,College,Regular
20107403,5,205,Male,Below 30,College,Regular
20107601,5,400,Male,30s,High School,Regular
20107901,5,480,Male,40s,High School,Non-regular
20108001,1,215,Female,Above 50,College,Non-regular
20108101,5,154,Male,Above 50,High School,Non-regular
20108102,5,154,Female,Above 50,High School,Non-regular
20108201,1,680,Male,Above 50,College,Non-regular
20108202,5,100,Female,40s,High School,Regular
20108301,1,120,Male,Above 50,High School,Non-regular
20108302,1,60,Female,Above 50,High School,Non-regular
20108501,1,97,Male,30s,High School,Non-regular
20108701,1,80,Male,Above 50,High School,Non-regular
20108702,5,238,Female,Above 50,High School,Non-regular
20108801,1,230,Male,Above 50,High School,Non-regular
20108802,1,243,Female,Above 50,High School,Regular
20109204,1,110,Female,40s,College,Non-regular
20109302,5,150,Female,40s,College,Non-regular
20109403,1,500,Male,40s,College,Regular
20109404,1,450,Female,40s,College,Regular
20109501,1,350,Male,Above 50,High School,Regular
20109503,1,210,Female,Below 30,College,Non-regular
20109703,1,230,Female,30s,College,Regular
20109801,1,150,Male,Above 50,High School,Non-regular
20109901,1,250,Male,Above 50,High School,Regular
20110002,1,180,Female,40s,High School,Non-regular
20110101,1,230,Male,Above 50,College,Regular
20110102,1,80,Female,Above 50,High School,Non-regular
20110201,1,260,Male,Above 50,High School,Regular
20110202,1,170,Female,Above 50,High School,Non-regular
20110402,1,180,Female,Above 50,High School,Non-regular
20110404,1,400,Male,30s,College,Regular
20110503,1,200,Male,30s,College,Non-regular
20110504,1,400,Male,30s,High School,Non-regular
20110505,1,220,Female,Below 30,College,Regular
20111101,1,420,Male,40s,College,Regular
20111301,1,380,Male,40s,High School,Regular
20111401,1,300,Female,30s,High School,Regular
20111402,1,300,Male,30s,College,Regular
20111501,1,280,Male,Above 50,High School,Non-regular
20111502,5,280,Female,Above 50,College,Non-regular
20111701,1,410,Male,Above 50,High School,Regular
20111802,1,177,Female,Above 50,High School,Non-regular
20111901,1,500,Male,30s,High School,Regular
20111902,5,70,Female,40s,College,Non-regular
20112002,1,29,Female,Above 50,High School,Non-regular
20112401,1,120,Female,Above 50,High School,Non-regular
20113801,5,250,Male,Above 50,High School,Regular
20113901,5,29,Male,Above 50,High School,Non-regular
20114102,1,29,Female,Above 50,High School,Non-regular
20114201,1,300,Male,Above 50,High School,Non-regular
20114202,1,135,Female,Above 50,High School,Non-regular
20114302,1,29,Female,Above 50,High School,Non-regular
20114601,1,29,Female,Above 50,High School,Non-regular
20114701,1,27,Male,Above 50,High School,Non-regular
20114801,1,295,Female,Above 50,High School,Non-regular
20114802,1,195,Female,30s,College,Regular
20115001,1,443,Male,40s,College,Regular
20115002,1,77,Female,40s,College,Non-regular
20115102,5,30,Female,40s,College,Non-regular
20115201,1,193,Male,Above 50,High School,Non-regular
20115203,1,253,Male,30s,College,Regular
20115401,1,280,Female,30s,College,Regular
20115402,5,180,Male,30s,College,Non-regular
20115601,1,400,Male,Above 50,College,Regular
20115901,1,500,Male,Above 50,High School,Regular
20115902,5,245,Female,Above 50,College,Regular
20116103,1,290,Female,Below 30,College,Regular
20116201,1,240,Male,Above 50,High School,Non-regular
20116202,1,210,Female,Above 50,High School,Regular
20116203,1,230,Female,Below 30,College,Regular
20116401,1,70,Female,Above 50,High School,Non-regular
20116501,5,200,Male,Above 50,High School,Regular
20116502,1,200,Female,Above 50,High School,Regular
20116601,1,500,Male,40s,College,Regular
20116801,1,300,Male,40s,College,Regular
20116802,1,200,Female,40s,College,Regular
20117001,1,27,Female,Above 50,High School,Non-regular
20117201,1,340,Male,40s,College,Regular
20117202,1,350,Female,40s,College,Non-regular
20117401,1,250,Male,40s,College,Non-regular
20117501,1,25,Male,Above 50,High School,Regular
20117503,1,250,Male,40s,High School,Non-regular
20117601,1,230,Male,Above 50,College,Non-regular
20117604,1,200,Male,30s,College,Non-regular
20118401,5,356,Male,30s,College,Regular
20118402,5,240,Female,30s,College,Regular
20118601,5,250,Female,Below 30,College,Regular
20118901,1,30,Female,Above 50,High School,Non-regular
20119201,5,27,Male,Above 50,High School,Non-regular
20119703,1,500,Female,Above 50,College,Regular
20120601,1,300,Male,Above 50,High School,Non-regular
20120701,1,380,Male,40s,High School,Regular
20120801,1,350,Male,Above 50,High School,Regular
20121001,1,200,Female,Above 50,High School,Non-regular
20121101,1,538,Male,Above 50,High School,Regular
20121103,5,200,Male,Below 30,College,Regular
20121301,1,500,Male,40s,College,Regular
20121302,1,330,Female,40s,College,Regular
20121401,5,600,Male,Above 50,College,Regular
20121402,1,260,Female,Above 50,High School,Regular
20121501,1,300,Male,Above 50,College,Non-regular
20121503,1,390,Male,30s,College,Regular
20121902,1,400,Male,40s,College,Regular
20122001,1,500,Male,40s,College,Regular
20122002,1,220,Female,30s,College,Regular
20122101,5,250,Male,Above 50,High School,Non-regular
20122103,1,300,Male,30s,College,Regular
20122202,1,180,Female,Above 50,High School,Regular
20122203,1,300,Female,Below 30,College,Regular
20122204,1,300,Female,Below 30,College,Regular
20122301,1,150,Female,Above 50,High School,Non-regular
20122501,1,115,Male,Above 50,High School,Non-regular
20122601,1,300,Male,Above 50,High School,Non-regular
20122602,5,442,Female,Above 50,High School,Non-regular
20122801,1,320,Male,40s,High School,Non-regular
20122802,1,200,Female,40s,College,Regular
20122901,1,560,Male,40s,College,Regular
20123102,1,540,Male,40s,College,Regular
20123103,1,500,Female,40s,College,Regular
20123302,5,250,Female,30s,College,Regular
20123303,1,280,Female,30s,College,Regular
20123403,5,250,Male,Below 30,College,Regular
20123501,1,400,Male,30s,High School,Non-regular
20123502,1,100,Female,30s,College,Non-regular
20123901,1,320,Male,40s,College,Regular
20124003,1,300,Male,30s,College,Regular
20124102,1,150,Female,Above 50,High School,Non-regular
20124201,1,400,Male,40s,College,Regular
20124202,5,150,Female,40s,College,Non-regular
20124501,1,500,Male,40s,College,Regular
20124502,1,350,Female,40s,College,Non-regular
20125501,1,500,Male,40s,College,Regular
20125502,1,250,Female,40s,College,Regular
20125601,1,600,Male,30s,College,Regular
20125701,1,900,Male,Above 50,College,Regular
20125801,1,800,Male,40s,College,Regular
20125802,1,700,Female,40s,College,Regular
20125901,1,600,Male,30s,College,Regular
20126001,1,650,Male,40s,College,Regular
20126101,1,600,Male,40s,College,Regular
20126102,1,300,Female,40s,College,Regular
20126201,1,600,Male,30s,College,Regular
20126202,1,250,Female,30s,College,Regular
20126501,1,150,Male,Above 50,College,Non-regular
20126601,1,500,Male,Above 50,College,Regular
20126602,1,300,Female,40s,College,Regular
20126703,1,350,Female,30s,College,Regular
20126903,1,300,Male,Above 50,College,Regular
20127401,1,500,Male,Above 50,High School,Regular
20127801,5,250,Female,30s,High School,Regular
20127901,1,400,Male,Above 50,College,Regular
20128003,1,200,Female,30s,College,Regular
20128101,5,300,Female,40s,College,Regular
20128102,1,500,Male,40s,College,Regular
20128601,1,400,Male,40s,High School,Regular
20128701,1,480,Male,Above 50,College,Regular
20128801,1,400,Male,Above 50,College,Regular
20128802,1,230,Female,Above 50,High School,Non-regular
20128804,1,64,Female,Below 30,College,Non-regular
20129701,1,350,Male,40s,College,Regular
20129803,5,250,Male,40s,College,Regular
20129901,1,350,Male,40s,College,Regular
20130101,1,195,Male,Above 50,High School,Non-regular
20130102,1,220,Female,Above 50,High School,Non-regular
20130301,1,27,Female,Above 50,High School,Non-regular
20130303,1,250,Male,Below 30,College,Regular
20130501,1,500,Male,Above 50,College,Non-regular
20131002,1,29,Female,Above 50,High School,Non-regular
20131601,1,29,Female,Above 50,High School,Non-regular
20131702,5,107,Female,Above 50,High School,Non-regular
20131802,5,190,Female,Above 50,High School,Regular
20131901,1,320,Female,30s,College,Regular
20131902,5,300,Male,30s,College,Regular
20132201,1,450,Male,40s,College,Regular
20132202,5,220,Female,40s,College,Regular
20132601,1,260,Male,Above 50,High School,Non-regular
20132602,1,82,Female,Above 50,High School,Non-regular
20132701,1,470,Male,Above 50,High School,Regular
20132901,1,330,Male,40s,High School,Regular
20132902,1,79,Female,40s,High School,Non-regular
20133003,1,315,Male,Below 30,High School,Regular
20133101,1,750,Male,40s,College,Regular
20133302,1,100,Female,40s,College,Non-regular
20133401,1,150,Male,Above 50,High School,Non-regular
20133403,1,330,Male,30s,High School,Regular
20133601,1,575,Male,40s,High School,Regular
20133702,1,250,Female,40s,College,Regular
20133801,1,622,Male,40s,College,Regular
20133802,1,513,Female,40s,College,Regular
20133902,1,810,Female,30s,College,Regular
20134101,1,320,Male,40s,High School,Regular
20134201,5,250,Male,Above 50,High School,Regular
20134301,1,720,Male,Above 50,High School,Regular
20134401,1,224,Female,Below 30,College,Non-regular
20134501,1,27,Female,Above 50,High School,Non-regular
20134502,1,220,Male,Above 50,High School,Non-regular
20134503,1,315,Male,Below 30,College,Regular
20134602,1,60,Female,Above 50,College,Non-regular
20134701,1,380,Male,30s,High School,Regular
20134802,1,235,Female,Above 50,College,Regular
20134804,5,185,Female,Below 30,College,Non-regular
20134901,1,1100,Male,40s,College,Regular
20135002,1,105,Female,40s,High School,Regular
20135301,1,300,Male,40s,College,Regular
20135302,1,500,Female,30s,College,Non-regular
20135402,1,450,Female,40s,College,Regular
20135502,1,250,Female,40s,College,Regular
20135601,1,300,Male,Above 50,College,Regular
20135802,1,220,Female,40s,College,Non-regular
20135902,1,300,Female,40s,College,Regular
20136301,1,118,Female,Above 50,College,Non-regular
20136501,1,550,Male,Above 50,High School,Regular
20136502,1,200,Female,40s,High School,Non-regular
20136802,1,300,Female,Above 50,High School,Non-regular
20136803,5,200,Male,Below 30,College,Non-regular
20137601,1,300,Male,40s,College,Regular
20137701,1,220,Female,Above 50,High School,Regular
20137801,1,200,Female,Above 50,High School,Regular
20138002,1,320,Female,Above 50,College,Regular
20138003,5,180,Female,30s,College,Non-regular
20138101,1,400,Male,40s,College,Non-regular
20138401,1,300,Male,Above 50,College,Regular
20138403,1,300,Female,30s,College,Regular
20138501,1,400,Male,Above 50,College,Regular
20138601,1,500,Male,Above 50,High School,Regular
20138602,1,300,Female,Above 50,High School,Regular
20138802,1,200,Female,30s,High School,Non-regular
20138903,1,250,Female,30s,College,Regular
20139201,1,220,Male,Above 50,High School,Non-regular
20140201,1,29,Female,Above 50,High School,Non-regular
20141001,1,200,Male,Above 50,High School,Non-regular
20141302,5,188,Female,30s,High School,Regular
20141401,1,226,Male,Above 50,High School,Regular
20141501,1,250,Female,30s,College,Regular
20141502,5,152,Male,Below 30,College,Non-regular
20141601,1,420,Male,Above 50,College,Regular
20141602,1,260,Female,40s,College,Non-regular
20141701,1,870,Male,Above 50,High School,Regular
20141901,5,60,Male,Above 50,High School,Non-regular
20141902,1,225,Female,Above 50,High School,Regular
20142001,1,330,Male,30s,College,Regular
20142002,1,228,Female,30s,College,Regular
20142101,1,245,Female,Above 50,High School,Non-regular
20142103,1,225,Male,Below 30,College,Non-regular
20142203,1,340,Male,Below 30,College,Regular
20142301,1,870,Male,30s,College,Regular
20142404,1,235,Female,Below 30,College,Non-regular
20142501,1,340,Male,Above 50,College,Non-regular
20142502,5,480,Female,Below 30,College,Non-regular
20142503,1,340,Male,Below 30,College,Regular
20142902,1,250,Male,Above 50,High School,Regular
20143002,1,225,Female,Above 50,High School,Regular
20143003,1,370,Male,30s,College,Regular
20143201,1,400,Female,Above 50,High School,Regular
20143401,1,160,Male,Above 50,College,Regular
20143603,5,230,Female,Below 30,College,Regular
20143702,1,240,Female,Above 50,High School,Regular
20143703,1,280,Male,Below 30,College,Regular
20144001,1,150,Male,Above 50,High School,Non-regular
20144101,5,380,Male,40s,College,Regular
20144201,1,120,Female,Above 50,High School,Non-regular
20144302,5,190,Female,40s,College,Regular
20144401,1,180,Female,Above 50,College,Regular
20144501,1,1000,Female,Above 50,High School,Non-regular
20144601,5,110,Female,Above 50,High School,Non-regular
20144802,1,120,Female,Above 50,High School,Non-regular
20144804,1,140,Female,40s,High School,Non-regular
20144902,1,120,Female,Above 50,High School,Non-regular
20145101,1,240,Male,Above 50,High School,Non-regular
20145103,1,300,Male,30s,High School,Regular
20145603,1,210,Female,30s,College,Regular
20146201,1,500,Male,Above 50,College,Regular
20146301,1,800,Male,40s,College,Regular
20146402,1,300,Female,40s,College,Regular
20146501,1,200,Male,Above 50,College,Non-regular
20146502,1,450,Female,Above 50,College,Regular
20146602,1,200,Female,30s,College,Regular
20147101,1,370,Male,40s,College,Regular
20147102,5,140,Female,40s,College,Regular
20147201,1,29,Male,Above 50,High School,Non-regular
20147401,1,168,Female,Above 50,High School,Non-regular
20147402,1,300,Male,40s,High School,Regular
20147501,5,48,Male,Above 50,College,Non-regular
20147502,5,223,Female,Above 50,High School,Regular
20147503,5,250,Male,30s,College,Non-regular
20147603,5,200,Male,30s,College,Non-regular
20147801,1,250,Male,40s,College,Regular
20147802,1,250,Female,40s,College,Regular
20148002,1,70,Female,Above 50,High School,Non-regular
20148003,1,200,Male,30s,College,Regular
20148201,1,700,Male,40s,High School,Regular
20148401,1,250,Male,Above 50,High School,Non-regular
20148402,1,96,Female,Above 50,High School,Non-regular
20148601,1,260,Female,Above 50,High School,Regular
20148801,1,400,Male,Above 50,College,Regular
20148802,1,350,Female,Below 30,College,Regular
20149001,1,48,Female,Above 50,High School,Non-regular
20149302,1,350,Male,Above 50,College,Non-regular
20149303,1,400,Male,30s,College,Regular
20149502,1,150,Female,Above 50,High School,Non-regular
20149801,1,400,Male,Above 50,High School,Non-regular
20149802,5,180,Female,Above 50,High School,Non-regular
20149901,1,250,Male,Above 50,High School,Non-regular
20150001,1,255,Female,Above 50,High School,Non-regular
20150102,1,29,Female,Above 50,High School,Non-regular
20150103,1,280,Male,Above 50,High School,Regular
20150203,1,120,Female,Above 50,College,Non-regular
20150204,5,150,Female,Below 30,College,Non-regular
20150301,1,300,Male,Above 50,College,Non-regular
20150502,1,100,Female,Above 50,High School,Non-regular
20150601,1,240,Male,Above 50,High School,Regular
20150701,1,500,Male,Above 50,College,Regular
20150901,1,220,Male,Above 50,High School,Non-regular
20150902,1,156,Female,Above 50,High School,Non-regular
20151101,1,70,Female,Above 50,High School,Regular
20151503,1,330,Male,30s,College,Regular
20151701,1,200,Male,Above 50,High School,Non-regular
20151703,1,220,Female,30s,College,Non-regular
20151901,1,380,Male,Above 50,High School,Regular
20151902,1,190,Female,Above 50,High School,Regular
20151903,1,330,Male,30s,College,Regular
20152501,5,120,Male,Above 50,High School,Non-regular
20152702,1,49,Female,Above 50,High School,Non-regular
20153201,5,140,Female,Above 50,High School,Non-regular
20153502,1,80,Female,40s,High School,Non-regular
20153602,1,650,Male,Above 50,College,Regular
20153603,1,145,Female,Above 50,College,Regular
20153604,5,290,Female,Below 30,College,Regular
20153702,1,190,Female,40s,College,Regular
20154701,1,100,Male,Above 50,High School,Non-regular
20155801,1,300,Male,30s,High School,Regular
20155802,1,200,Female,30s,College,Regular
20156001,1,320,Male,Above 50,High School,Regular
20156002,1,220,Female,Above 50,High School,Regular
20156203,1,250,Female,Below 30,College,Regular
20156401,1,340,Male,40s,College,Regular
20156502,1,350,Male,Above 50,High School,Regular
20156801,1,350,Male,40s,College,Regular
20156802,1,190,Female,40s,High School,Regular
20157201,1,350,Male,40s,High School,Regular
20157301,1,430,Male,Above 50,College,Regular
20157501,1,400,Male,40s,College,Regular
20157502,1,210,Female,40s,College,Regular
20157604,1,250,Female,Below 30,College,Regular
20157701,1,350,Male,Above 50,College,Regular
20157803,5,700,Male,Below 30,College,Regular
20157902,5,70,Female,Above 50,College,Non-regular
20158101,1,29,Male,Above 50,High School,Non-regular
20158201,5,300,Male,Above 50,College,Non-regular
20158204,1,300,Male,30s,College,Regular
20158501,1,230,Female,40s,High School,Regular
20158702,1,300,Female,40s,High School,Non-regular
20158703,5,270,Female,Below 30,High School,Regular
20158901,1,370,Male,Above 50,High School,Regular
20158902,1,260,Female,Above 50,High School,Regular
20159101,1,450,Male,40s,College,Regular
20159303,1,180,Female,Above 50,College,Regular
20159403,5,220,Male,Below 30,College,Regular
20159601,1,600,Male,Above 50,College,Regular
20160401,1,200,Female,Above 50,High School,Non-regular
20160701,1,300,Male,Above 50,High School,Regular
20160703,1,300,Male,Above 50,High School,Regular
20161001,1,370,Male,40s,College,Regular
20161201,1,300,Male,Above 50,College,Non-regular
20161301,1,250,Male,Above 50,High School,Non-regular
20161401,1,600,Male,40s,College,Regular
20161402,1,360,Female,30s,College,Regular
20161501,1,250,Male,Above 50,High School,Non-regular
20161801,5,50,Male,Above 50,College,Non-regular
20161802,1,50,Female,Above 50,College,Non-regular
20161803,1,360,Male,30s,College,Regular
20161804,1,250,Male,Below 30,College,Regular
20162401,1,225,Male,Above 50,High School,Regular
20162501,1,300,Male,Above 50,High School,Regular
20162503,1,300,Male,Below 30,High School,Regular
20162601,1,900,Male,Above 50,College,Regular
20162603,1,300,Female,30s,College,Regular
20162701,1,400,Male,Above 50,College,Regular
20162704,1,400,Male,30s,College,Regular
20162902,5,60,Male,Above 50,High School,Non-regular
20163301,5,29,Female,Above 50,High School,Non-regular
20163603,5,250,Female,Below 30,College,Regular
20164301,1,27,Female,Above 50,High School,Non-regular
20164601,5,55,Female,Below 30,College,Non-regular
20164701,1,240,Male,Above 50,High School,Non-regular
20164703,1,220,Male,30s,College,Non-regular
20164802,5,29,Female,Above 50,High School,Non-regular
20164901,1,450,Male,Above 50,College,Regular
20165101,1,600,Male,40s,College,Regular
20165102,1,180,Female,30s,College,Non-regular
20165701,1,29,Female,Above 50,High School,Non-regular
20165702,1,220,Male,40s,College,Non-regular
20166101,1,130,Male,Above 50,High School,Non-regular
20166102,1,100,Female,Above 50,High School,Non-regular
20166202,1,68,Female,Below 30,College,Non-regular
20166702,1,250,Female,40s,College,Regular
20167102,1,125,Female,Above 50,High School,Non-regular
20167103,1,290,Female,40s,College,Regular
20167104,1,300,Male,Above 50,College,Regular
20167203,1,200,Male,Below 30,College,Non-regular
20167204,1,100,Male,Below 30,High School,Non-regular
20167301,1,900,Male,40s,College,Regular
20167302,1,600,Female,40s,College,Regular
20167601,1,29,Female,Above 50,High School,Non-regular
20167805,5,390,Male,30s,College,Regular
20168701,1,29,Male,Above 50,High School,Non-regular
20169401,1,29,Female,Above 50,High School,Non-regular
20169501,1,29,Male,Above 50,High School,Non-regular
20169502,5,29,Female,Above 50,High School,Non-regular
20170201,5,130,Female,Above 50,High School,Non-regular
20170602,1,250,Female,40s,College,Non-regular
20171501,1,300,Male,Above 50,High School,Non-regular
20171502,1,200,Female,30s,College,Non-regular
20171601,1,27,Male,Above 50,High School,Non-regular
20171602,1,27,Female,Above 50,High School,Non-regular
20172101,1,260,Male,30s,College,Regular
20172203,5,360,Male,30s,College,Regular
20172401,1,300,Male,Above 50,High School,Regular
20172402,1,300,Female,40s,College,Regular
20172601,1,350,Male,30s,College,Regular
20172602,1,325,Female,40s,College,Regular
20172901,1,400,Female,30s,College,Regular
20173301,1,340,Male,40s,High School,Regular
20173601,1,200,Male,Above 50,High School,Non-regular
20173801,1,400,Male,40s,College,Regular
20174001,1,70,Female,40s,High School,Non-regular
20174002,1,230,Male,Above 50,High School,Non-regular
20174003,1,200,Female,Below 30,College,Regular
20174004,5,63,Male,Below 30,High School,Non-regular
20174101,1,250,Male,30s,College,Regular
20174102,1,230,Female,30s,College,Regular
20174201,1,480,Male,Above 50,College,Regular
20174205,5,250,Female,Below 30,College,Non-regular
20174301,5,29,Female,Above 50,High School,Non-regular
20174601,1,200,Female,Above 50,High School,Non-regular
20174701,1,200,Male,Above 50,College,Regular
20174702,1,180,Female,Above 50,High School,Regular
20174703,1,230,Female,30s,College,Regular
20174801,1,380,Male,Above 50,High School,Regular
20175201,1,29,Male,Above 50,High School,Non-regular
20175302,1,200,Male,Above 50,College,Regular
20175801,1,490,Male,Above 50,College,Regular
20175802,1,669,Female,Above 50,College,Regular
20176501,1,290,Male,Above 50,High School,Regular
20176601,1,155,Female,Above 50,College,Non-regular
20177001,1,564,Male,40s,College,Regular
20177002,5,100,Female,40s,College,Non-regular
20177201,1,96,Male,Above 50,High School,Non-regular
20177204,1,255,Female,30s,College,Non-regular
20177301,1,360,Male,30s,College,Regular
20177302,5,167,Female,Above 50,High School,Non-regular
20177501,1,390,Male,Above 50,High School,Non-regular
20177502,1,89,Female,Above 50,High School,Non-regular
20177601,1,100,Female,Above 50,High School,Non-regular
20177901,1,690,Male,Above 50,College,Regular
20178001,1,600,Male,40s,College,Regular
20178002,1,340,Female,40s,College,Regular
20178201,1,850,Male,Above 50,College,Regular
20178301,1,265,Male,40s,College,Regular
20178602,1,280,Female,Above 50,College,Regular
20178903,1,390,Male,30s,College,Regular
20179001,5,280,Male,Below 30,College,Regular
20179002,5,250,Male,Below 30,College,Regular
20179101,5,56,Female,Above 50,High School,Non-regular
20179102,1,390,Female,30s,College,Regular
20179401,1,520,Male,Above 50,High School,Regular
20179403,1,280,Female,Below 30,College,Regular
20179503,1,250,Female,Below 30,College,Regular
20179601,1,400,Male,40s,College,Regular
20179701,1,27,Female,Above 50,High School,Non-regular
20179901,1,650,Male,Above 50,College,Regular
20180602,5,29,Female,Above 50,High School,Non-regular
20180903,1,310,Male,Above 50,High School,Regular
20181002,5,180,Female,Above 50,High School,Non-regular
20181003,5,300,Male,30s,College,Non-regular
20181401,1,200,Male,30s,College,Regular
20181402,1,195,Female,30s,College,Regular
20181501,1,520,Male,40s,College,Regular
20181502,1,275,Female,40s,College,Non-regular
20181802,1,200,Female,Above 50,High School,Non-regular
20181902,1,220,Female,Above 50,High School,Non-regular
20182901,1,320,Male,30s,College,Regular
20183401,1,120,Female,Above 50,High School,Non-regular
20183402,5,170,Male,Above 50,High School,Non-regular
20183501,5,29,Male,Above 50,High School,Non-regular
20183502,1,150,Female,Above 50,High School,Non-regular
20183601,1,500,Male,40s,College,Regular
20183902,1,310,Female,40s,College,Non-regular
20184002,5,100,Female,Above 50,College,Non-regular
20184003,5,30,Male,Below 30,College,Non-regular
20184202,1,220,Female,Above 50,High School,Regular
20184204,1,186,Female,Below 30,College,Regular
20184801,1,310,Male,Above 50,College,Regular
20184902,1,300,Female,Above 50,High School,Regular
20184904,1,450,Female,Below 30,College,Regular
20184906,5,195,Male,Below 30,High School,Non-regular
20185002,1,80,Female,Above 50,High School,Non-regular
20185201,1,460,Male,40s,College,Regular
20185202,5,200,Female,40s,College,Regular
20185301,1,115,Female,Above 50,High School,Non-regular
20185304,5,340,Male,40s,College,Regular
20185401,1,500,Male,Above 50,High School,Non-regular
20185501,1,470,Male,Above 50,High School,Regular
20185502,1,200,Female,40s,High School,Regular
20185601,1,270,Female,Above 50,High School,Regular
20185801,1,400,Male,Above 50,High School,Regular
20186001,1,220,Male,Above 50,High School,Non-regular
20186003,1,300,Male,40s,High School,Regular
20186004,1,230,Female,40s,High School,Regular
20186101,1,335,Male,40s,High School,Regular
20186102,1,190,Female,40s,High School,Regular
20186201,1,200,Male,Above 50,High School,Regular
20186301,1,400,Male,40s,College,Regular
20186302,1,670,Female,40s,College,Regular
20186501,1,550,Male,Above 50,College,Regular
20186701,1,360,Male,Above 50,High School,Regular
20186704,1,200,Male,30s,High School,Non-regular
20187002,1,130,Female,Above 50,High School,Non-regular
20187201,5,27,Female,Above 50,High School,Non-regular
20187401,1,430,Male,40s,College,Regular
20187501,1,400,Male,40s,College,Non-regular
20187601,1,500,Male,30s,College,Regular
20187602,1,230,Female,30s,College,Regular
20187801,1,450,Male,40s,College,Regular
20187802,1,350,Female,40s,College,Regular
20187902,1,400,Male,30s,College,Regular
20188301,1,350,Male,40s,College,Regular
20188302,1,220,Female,40s,College,Regular
20188401,1,420,Male,Above 50,High School,Regular
20188801,1,400,Male,40s,College,Regular
20189201,1,600,Male,40s,College,Regular
20189402,1,400,Female,40s,College,Regular
20189501,1,1000,Male,40s,College,Regular
20189601,1,510,Male,30s,College,Regular
20189602,1,400,Female,30s,College,Regular
20189802,1,290,Male,40s,College,Non-regular
20189901,1,790,Male,40s,High School,Regular
20190602,1,180,Female,Above 50,High School,Non-regular
20190604,1,270,Male,30s,College,Regular
20190701,5,250,Male,30s,College,Regular
20190801,1,250,Male,Above 50,High School,Non-regular
20190802,5,174,Female,Above 50,High School,Non-regular
20191104,5,225,Male,Below 30,College,Regular
20191501,1,217,Female,Above 50,College,Regular
20191601,1,300,Male,40s,High School,Regular
20191602,1,250,Female,40s,High School,Regular
20191603,5,100,Male,Below 30,College,Non-regular
20191703,1,230,Female,30s,High School,Regular
20191801,1,27,Male,Above 50,High School,Non-regular
20191902,5,480,Female,30s,College,Regular
20192101,1,280,Male,Above 50,High School,Regular
20192201,1,250,Male,Above 50,High School,Non-regular
20192202,1,190,Female,Above 50,College,Regular
20193102,1,64,Female,Above 50,High School,Non-regular
20193201,1,300,Male,40s,High School,Non-regular
20193203,1,57,Female,Above 50,High School,Non-regular
20193204,1,450,Male,40s,College,Regular
20193301,1,27,Female,Above 50,High School,Non-regular
20193601,1,400,Male,Above 50,High School,Regular
20193602,1,300,Female,40s,High School,Regular
20193702,1,500,Male,Above 50,High School,Non-regular
20193901,1,240,Female,Above 50,High School,Non-regular
20193902,1,300,Male,Above 50,College,Regular
20193903,5,240,Female,Below 30,College,Regular
20194202,5,240,Female,30s,College,Regular
20194302,1,300,Female,30s,High School,Regular
20194501,1,260,Female,Above 50,College,Non-regular
20194903,1,255,Male,Below 30,College,Regular
20195101,1,500,Male,30s,College,Regular
20195201,1,350,Male,30s,College,Regular
20195601,1,300,Male,Above 50,High School,Non-regular
20195701,1,240,Female,Above 50,High School,Non-regular
20195702,5,120,Female,Below 30,College,Non-regular
20195801,1,600,Male,40s,High School,Regular
20195902,1,150,Female,Above 50,High School,Non-regular
20196002,1,27,Female,Above 50,High School,Non-regular
20196102,1,416,Female,40s,College,Regular
20196501,1,29,Female,Above 50,High School,Non-regular
20196601,1,29,Female,Above 50,High School,Non-regular
20197101,5,29,Male,Above 50,High School,Non-regular
20197102,1,29,Female,Above 50,High School,Non-regular
20197202,1,190,Female,Above 50,High School,Regular
20197401,1,450,Male,40s,College,Regular
20197601,1,300,Male,40s,College,Regular
20197602,1,80,Female,40s,College,Non-regular
20197901,1,300,Male,Above 50,College,Regular
20197902,1,240,Female,Above 50,College,Regular
20198101,1,280,Female,40s,College,Regular
20199502,1,65,Female,Above 50,High School,Non-regular
20199601,5,150,Male,Above 50,College,Non-regular
20199602,1,72,Female,Above 50,College,Non-regular
20199901,1,250,Male,30s,College,Regular
20200201,1,29,Female,Above 50,High School,Non-regular
20200301,1,300,Female,Above 50,High School,Non-regular
20200901,1,32,Male,Above 50,High School,Non-regular
20201001,1,300,Male,30s,College,Regular
20201002,1,300,Female,30s,College,Regular
20201101,1,395,Male,40s,College,Regular
20201102,1,197,Female,40s,High School,Regular
20201301,1,760,Male,30s,College,Regular
20201302,1,150,Female,30s,College,Regular
20201401,1,630,Male,30s,College,Regular
20201501,1,450,Male,40s,College,Regular
20201601,5,250,Male,Above 50,College,Non-regular
20201602,1,130,Female,Above 50,High School,Non-regular
20201701,1,230,Male,Above 50,College,Regular
20201702,1,80,Female,Above 50,High School,Non-regular
20201703,1,380,Male,30s,College,Regular
20202201,1,375,Male,30s,College,Non-regular
20202601,1,280,Female,30s,College,Regular
20202901,1,220,Female,Above 50,High School,Regular
20202902,1,290,Male,30s,College,Regular
20202903,1,260,Female,Below 30,College,Regular
20203001,1,535,Male,40s,High School,Regular
20203101,1,650,Male,Above 50,College,Regular
20203102,1,315,Female,Above 50,High School,Regular
20203201,1,600,Male,Above 50,College,Regular
20203203,1,280,Female,Below 30,College,Regular
20203204,5,250,Male,Below 30,College,Regular
20203301,1,250,Female,Above 50,High School,Non-regular
20203401,1,500,Male,Above 50,College,Regular
20203602,1,160,Female,Above 50,High School,Non-regular
20203604,1,170,Male,Below 30,College,Non-regular
20204301,1,40,Female,Above 50,High School,Non-regular
20204302,1,300,Female,30s,College,Regular
20204303,1,230,Male,30s,High School,Regular
20204402,1,170,Male,Above 50,High School,Regular
20204501,1,650,Male,Above 50,College,Regular
20204603,1,100,Female,Below 30,College,Non-regular
20204801,1,600,Male,Above 50,College,Regular
20204803,1,180,Male,Below 30,High School,Regular
20205101,1,600,Male,40s,College,Regular
20205202,1,270,Female,Above 50,College,Non-regular
20205203,1,230,Male,Below 30,College,Regular
20205401,1,27,Male,Above 50,High School,Non-regular
20205502,1,70,Female,Above 50,High School,Non-regular
20205604,1,200,Male,30s,College,Non-regular
20206001,1,400,Male,30s,College,Regular
20206101,1,29,Male,Above 50,High School,Non-regular
20206601,1,100,Female,Above 50,High School,Non-regular
20206903,1,340,Male,Below 30,College,Non-regular
20207202,1,29,Female,Above 50,High School,Non-regular
20207302,1,150,Female,Above 50,High School,Non-regular
20207602,5,210,Female,40s,High School,Regular
20207903,1,288,Male,30s,College,Regular
20208201,1,29,Female,Above 50,High School,Non-regular
20208301,1,50,Female,Above 50,High School,Non-regular
20208502,1,100,Female,Above 50,High School,Non-regular
20208602,1,300,Female,Above 50,High School,Regular
20208801,1,60,Female,Above 50,High School,Non-regular
20209302,1,140,Female,Above 50,High School,Non-regular
20209501,1,250,Male,Above 50,College,Regular
20209502,1,300,Female,Above 50,High School,Regular
20210201,1,250,Male,Above 50,College,Regular
20210202,1,300,Female,Above 50,High School,Regular
20210701,1,190,Female,Above 50,High School,Non-regular
20210801,1,190,Male,Above 50,High School,Non-regular
20211103,1,470,Female,30s,College,Regular
20211301,1,560,Male,40s,College,Regular
20211302,5,220,Female,40s,College,Regular
20211401,1,600,Male,40s,College,Regular
20211402,5,80,Female,40s,College,Non-regular
20211501,1,830,Male,40s,College,Regular
20211601,1,440,Male,30s,College,Regular
20212001,1,27,Female,Above 50,High School,Non-regular
20212401,1,520,Male,40s,College,Regular
20212901,1,270,Male,Above 50,High School,Regular
20213201,5,206,Male,Above 50,High School,Non-regular
20213202,1,201,Female,Above 50,High School,Regular
20213302,1,144,Female,Above 50,High School,Non-regular
20213802,1,75,Female,Above 50,High School,Non-regular
20213902,1,29,Female,Above 50,High School,Non-regular
20214002,1,85,Female,Above 50,High School,Non-regular
20214101,1,200,Male,40s,College,Regular
20215401,1,340,Male,Above 50,High School,Non-regular
20215402,1,180,Female,Above 50,High School,Non-regular
20215403,1,320,Female,30s,College,Regular
20215404,1,380,Male,30s,College,Regular
20215502,1,320,Female,Above 50,High School,Regular
20216801,1,250,Male,Above 50,High School,Non-regular
20217401,1,240,Male,40s,High School,Non-regular
20217501,1,80,Male,Above 50,High School,Non-regular
20217801,1,350,Male,Above 50,High School,Regular
20217901,5,132,Female,40s,High School,Non-regular
20217902,1,300,Male,40s,College,Regular
20218001,1,190,Female,30s,High School,Regular
20218002,1,370,Male,30s,College,Regular
20218301,1,370,Male,30s,College,Regular
20218302,1,250,Male,30s,College,Regular
20218303,1,250,Female,30s,College,Regular
20218401,1,550,Male,Above 50,High School,Regular
20218402,1,230,Female,Above 50,College,Regular
20218502,1,230,Female,Above 50,College,Regular
20218503,1,330,Male,Below 30,College,Regular
20218504,1,250,Female,Below 30,College,Regular
20218601,1,130,Male,Above 50,High School,Non-regular
20218703,1,400,Male,40s,College,Non-regular
20218902,1,260,Female,Above 50,High School,Non-regular
20219001,1,500,Male,Above 50,College,Regular
20219301,1,450,Male,40s,College,Regular
20219401,1,410,Male,Above 50,High School,Regular
20219402,1,300,Female,Above 50,High School,Non-regular
20219403,1,350,Male,30s,College,Regular
20219602,1,29,Female,Above 50,High School,Non-regular
20220101,1,200,Female,40s,High School,Non-regular
20220202,5,80,Female,Below 30,College,Non-regular
20220203,5,260,Male,Below 30,College,Regular
20220501,5,29,Female,Above 50,High School,Non-regular
20220701,1,582,Male,Above 50,College,Regular
20220702,1,260,Female,Above 50,College,Regular
20220703,1,275,Male,30s,College,Regular
20221602,1,300,Female,Above 50,High School,Regular
20221603,1,255,Male,40s,College,Regular
20221801,1,230,Male,40s,College,Regular
20221901,1,260,Male,40s,College,Regular
20222102,1,280,Female,Above 50,High School,Regular
20222302,1,120,Female,Above 50,High School,Non-regular
20222502,5,148,Female,Above 50,High School,Non-regular
20222503,1,250,Female,30s,College,Regular
20222703,1,250,Male,40s,College,Regular
20223101,5,200,Female,Above 50,High School,Regular
20223104,5,300,Female,Below 30,High School,Non-regular
20223201,1,250,Male,Above 50,High School,Non-regular
20223702,1,200,Female,Above 50,High School,Regular
20223801,1,330,Male,40s,High School,Regular
20224002,1,177,Female,Above 50,High School,Non-regular
20224203,1,250,Male,Below 30,College,Non-regular
20224204,1,250,Female,Below 30,College,Regular
20224301,1,100,Female,Above 50,High School,Non-regular
20224401,1,650,Male,Above 50,College,Regular
20224404,5,70,Female,Below 30,College,Non-regular
20224502,5,29,Female,Above 50,High School,Non-regular
20224901,1,100,Female,Above 50,High School,Non-regular
20225002,1,200,Female,Above 50,High School,Regular
20225003,1,290,Female,Below 30,College,Regular
20225104,1,230,Male,Below 30,College,Regular
20225301,1,520,Male,40s,College,Regular
20225401,1,380,Male,Above 50,College,Regular
20225602,1,300,Female,Above 50,College,Regular
20225801,1,620,Male,40s,College,Regular
20225901,1,150,Male,Above 50,College,Non-regular
20225903,5,240,Female,30s,College,Non-regular
20226001,5,1000,Male,Above 50,College,Regular
20226202,1,580,Female,40s,College,Non-regular
20226404,1,280,Female,Below 30,College,Regular
20226602,1,300,Female,Above 50,College,Non-regular
20226701,1,330,Male,40s,High School,Regular
20226801,5,380,Male,Above 50,College,Regular
20226802,1,300,Female,Above 50,College,Non-regular
20226902,1,180,Female,Above 50,High School,Non-regular
20226903,1,300,Female,30s,College,Regular
20227001,1,250,Female,Above 50,High School,Non-regular
20227201,1,30,Male,Above 50,High School,Non-regular
20227202,1,30,Female,Above 50,High School,Non-regular
20227502,1,450,Female,Above 50,College,Regular
20227801,1,500,Male,Above 50,College,Regular
20227802,1,500,Female,Above 50,College,Regular
20228003,1,520,Female,40s,High School,Regular
20228401,1,440,Male,Above 50,College,Regular
20228402,5,100,Female,Above 50,College,Non-regular
20228701,1,400,Male,Above 50,High School,Regular
20228702,1,270,Female,Above 50,College,Non-regular
20228801,1,135,Male,Above 50,High School,Regular
20228802,5,48,Female,Above 50,High School,Non-regular
20228901,1,283,Male,Above 50,High School,Non-regular
20229001,1,320,Male,30s,High School,Regular
20229301,1,560,Male,30s,College,Regular
20230001,5,450,Male,30s,College,Regular
20230101,1,560,Male,Above 50,High School,Non-regular
20230201,1,200,Male,Above 50,High School,Regular
20230501,1,200,Male,Above 50,High School,Non-regular
20230702,1,200,Female,Above 50,High School,Regular
20230903,1,250,Male,Below 30,College,Regular
20231001,1,400,Male,30s,College,Regular
20231701,1,200,Male,Above 50,High School,Non-regular
20232102,1,200,Female,Above 50,High School,Non-regular
20232401,1,90,Male,Above 50,College,Regular
20232402,1,50,Female,Above 50,High School,Non-regular
20232602,5,150,Female,Above 50,High School,Non-regular
20232902,1,125,Male,Above 50,High School,Non-regular
20233201,1,260,Male,Above 50,College,Regular
20233404,5,230,Female,30s,College,Non-regular
20233501,1,190,Female,Above 50,High School,Non-regular
20233502,5,280,Male,40s,High School,Non-regular
20233601,1,200,Male,Above 50,High School,Non-regular
20233602,1,75,Female,Above 50,High School,Non-regular
20233701,1,250,Male,40s,College,Regular
20233702,1,300,Female,40s,College,Regular
20233803,1,140,Male,Below 30,High School,Non-regular
20233804,5,280,Male,Below 30,High School,Regular
20233901,1,250,Male,40s,High School,Regular
20234403,1,80,Female,Above 50,High School,Non-regular
20234701,1,225,Female,Above 50,College,Regular
20234703,1,300,Male,Below 30,College,Regular
20235103,1,135,Male,Below 30,College,Non-regular
20235501,1,230,Male,Above 50,High School,Regular
20235601,1,450,Male,40s,College,Regular
20235602,1,450,Female,30s,College,Regular
20236002,1,235,Female,Above 50,College,Regular
20236102,1,170,Female,Above 50,High School,Regular
20236201,1,100,Male,Above 50,College,Regular
20236401,1,750,Male,40s,College,Regular
20236502,1,300,Female,40s,College,Regular
20236701,1,420,Male,40s,College,Regular
20236801,1,300,Male,40s,College,Regular
20236901,1,500,Male,40s,College,Regular
20237001,1,370,Male,40s,High School,Regular
20237002,1,200,Female,30s,College,Regular
20237101,1,343,Male,40s,College,Regular
20237102,1,250,Female,30s,College,Regular
20237601,1,350,Male,Above 50,College,Regular
20237603,1,350,Male,30s,College,Regular
20238101,1,288,Male,40s,College,Regular
20238102,1,288,Female,40s,College,Regular
20238301,1,330,Male,40s,College,Regular
20238602,1,240,Male,40s,High School,Regular
20238801,1,460,Male,Above 50,High School,Regular
20238803,1,203,Female,Below 30,College,Regular
20238901,1,240,Male,Above 50,High School,Regular
20238903,1,194,Male,Below 30,High School,Non-regular
20239003,1,200,Male,30s,College,Regular
20239101,1,380,Male,Above 50,College,Regular
20239102,1,203,Female,Above 50,High School,Regular
20239103,1,204,Female,Below 30,High School,Regular
20239104,1,204,Female,Below 30,High School,Non-regular
20239203,1,260,Male,30s,College,Regular
20239301,1,145,Male,Above 50,College,Non-regular
20239403,1,265,Male,30s,College,Regular
20239601,5,170,Male,Above 50,College,Non-regular
20239901,1,240,Male,Above 50,High School,Non-regular
20240001,1,29,Female,Above 50,High School,Non-regular
20240201,1,530,Male,Above 50,College,Non-regular
20240204,1,280,Female,Below 30,College,Non-regular
20240401,1,330,Female,30s,College,Regular
20241101,1,460,Female,30s,College,Regular
20241201,1,400,Female,30s,College,Regular
20241301,1,360,Female,30s,College,Regular
20241402,1,220,Female,Above 50,High School,Non-regular
20241602,1,500,Female,40s,College,Regular
20241701,1,250,Female,Above 50,High School,Non-regular
20241903,1,580,Female,30s,College,Regular
20242101,1,380,Male,Above 50,College,Non-regular
20242102,1,140,Female,Above 50,College,Non-regular
20242103,1,380,Female,30s,College,Regular
20242104,5,6900,Male,30s,College,Regular
20242301,1,217,Male,Above 50,High School,Non-regular
20242701,1,213,Male,Above 50,High School,Non-regular
20242702,1,150,Female,Above 50,High School,Non-regular
20242802,1,240,Female,Above 50,High School,Regular
20243103,1,285,Male,Above 50,College,Regular
20243201,1,290,Male,40s,College,Regular
20243202,1,87,Female,Above 50,College,Non-regular
20243203,1,485,Male,40s,College,Regular
20243204,1,213,Female,40s,College,Regular
20243301,1,200,Male,Above 50,High School,Non-regular
20243303,1,440,Male,40s,College,Regular
20243401,1,720,Male,40s,High School,Regular
20243501,1,210,Male,Above 50,High School,Non-regular
20243601,1,300,Female,Above 50,College,Regular
20244101,1,220,Male,Above 50,College,Non-regular
20244103,1,250,Female,Below 30,High School,Regular
20244602,1,300,Female,Above 50,High School,Regular
20245001,1,420,Male,Above 50,College,Regular
20245002,1,220,Female,40s,College,Non-regular
20245601,1,350,Male,40s,College,Regular
20245702,1,360,Male,40s,College,Regular
20246801,1,240,Male,Above 50,High School,Regular
20246903,1,250,Female,Above 50,College,Regular
20247003,1,230,Female,30s,College,Regular
20247102,1,450,Male,40s,College,Regular
20247302,1,210,Female,Above 50,High School,Regular
20247303,5,190,Male,Below 30,College,Regular
20247601,1,500,Male,Above 50,College,Regular
20247602,1,450,Female,Above 50,College,Regular
20247703,1,180,Female,40s,College,Regular
20247704,1,300,Male,40s,College,Regular
20247705,1,300,Female,40s,College,Regular
20247804,1,280,Male,40s,High School,Regular
20248002,1,260,Male,Above 50,High School,Regular
20248401,1,380,Male,Above 50,High School,Regular
20248404,1,200,Female,Below 30,College,Regular
20248901,5,130,Male,Above 50,High School,Non-regular
20249701,1,300,Male,Above 50,College,Regular
20249702,5,200,Female,Above 50,High School,Regular
20249801,1,280,Male,Above 50,High School,Regular
20249802,1,230,Female,Above 50,High School,Regular
20249902,1,230,Female,Above 50,College,Regular
20250001,1,380,Male,Above 50,College,Regular
20250005,1,320,Female,Below 30,College,Regular
20250102,1,150,Female,Above 50,High School,Non-regular
20250202,1,260,Female,Above 50,High School,Regular
20250301,1,450,Male,Above 50,College,Regular
20250302,1,290,Female,Above 50,College,Regular
20250401,1,280,Male,40s,High School,Regular
20251001,1,400,Male,Above 50,High School,Regular
20251002,1,180,Female,Above 50,High School,Non-regular
20251101,1,100,Male,Above 50,High School,Non-regular
20251302,1,100,Female,Above 50,High School,Regular
20251401,1,200,Male,Above 50,High School,Non-regular
20251502,1,203,Female,40s,High School,Non-regular
20251601,1,390,Male,40s,College,Regular
20251602,1,190,Female,40s,College,Regular
20252002,1,200,Female,Above 50,College,Non-regular
20252403,1,850,Male,30s,College,Regular
20252405,1,180,Female,30s,College,Regular
20252901,1,280,Male,30s,College,Regular
20252902,1,200,Female,40s,College,Regular
20253201,1,140,Female,Above 50,High School,Non-regular
20254101,1,552,Male,Above 50,College,Regular
20254102,1,232,Female,Above 50,College,Non-regular
20254401,1,600,Male,Above 50,College,Regular
20254402,1,250,Female,40s,College,Regular
20254502,1,250,Female,Above 50,High School,Regular
20254503,1,330,Male,Below 30,College,Regular
20254601,1,250,Female,Above 50,College,Regular
20254602,1,40,Female,Below 30,College,Non-regular
20254801,1,120,Male,Above 50,High School,Non-regular
20254802,5,80,Female,Above 50,High School,Non-regular
20255001,1,150,Female,40s,High School,Non-regular
20255002,1,160,Male,Below 30,High School,Regular
20255201,1,27,Female,Above 50,High School,Non-regular
20255401,1,186,Male,Above 50,High School,Regular
20255503,1,300,Male,30s,College,Regular
20255504,1,250,Female,Below 30,College,Regular
20255601,1,700,Male,40s,College,Regular
20255602,5,330,Female,40s,College,Regular
20255801,1,400,Male,Below 30,College,Non-regular
20255901,5,200,Female,40s,High School,Regular
20256202,1,96,Female,Above 50,College,Non-regular
20256401,1,700,Male,Above 50,High School,Regular
20256403,1,300,Male,Below 30,College,Regular
20256504,1,300,Female,Above 50,College,Non-regular
20256601,1,250,Female,40s,College,Non-regular
20256701,1,600,Male,Above 50,College,Regular
20256702,1,350,Female,40s,College,Regular
20257001,1,750,Male,Above 50,College,Regular
20257002,1,250,Female,Above 50,College,Regular
20257104,1,200,Female,30s,High School,Regular
20257403,1,300,Male,30s,College,Regular
20257404,1,300,Male,30s,College,Regular
20257501,1,660,Male,40s,College,Regular
20257601,1,250,Male,Above 50,College,Regular
20257903,1,300,Male,30s,High School,Regular
20258001,1,300,Male,Above 50,High School,Non-regular
20258401,1,270,Female,Above 50,High School,Non-regular
20258403,1,310,Male,Below 30,College,Regular
20258602,1,29,Female,Above 50,High School,Non-regular
20258701,1,560,Male,Above 50,High School,Regular
20258704,1,260,Male,Below 30,College,Regular
20258801,1,490,Male,40s,College,Regular
20258901,1,330,Male,40s,College,Regular
20258902,1,200,Female,30s,College,Regular
20259001,1,430,Male,40s,College,Regular
20259002,1,280,Female,30s,College,Non-regular
20259003,5,72,Female,Above 50,High School,Non-regular
20259101,1,200,Female,30s,College,Regular
20259102,1,450,Male,40s,College,Regular
20259201,1,350,Male,40s,College,Regular
20259202,1,350,Female,40s,College,Regular
20259401,1,450,Female,Above 50,College,Regular
20259402,1,360,Male,Above 50,College,Regular
20259601,1,220,Female,Above 50,High School,Non-regular
20259602,1,250,Male,30s,College,Regular
20259603,1,250,Female,Below 30,College,Regular
20259604,1,360,Male,Above 50,College,Regular
20259702,5,100,Female,Above 50,High School,Non-regular
20260101,1,220,Female,40s,High School,Non-regular
20260102,1,250,Male,30s,High School,Regular
20260302,1,120,Female,Above 50,High School,Non-regular
20260601,1,380,Male,30s,College,Regular
20260602,1,340,Female,30s,High School,Regular
20261101,1,300,Female,Above 50,High School,Non-regular
20261102,1,500,Male,Above 50,College,Regular
20261103,5,50,Male,Below 30,College,Non-regular
20261201,1,280,Male,Above 50,High School,Non-regular
20261302,5,100,Female,40s,College,Non-regular
20261701,5,450,Male,Above 50,High School,Regular
20261702,5,250,Female,40s,High School,Regular
20262001,1,300,Male,40s,College,Regular
20262002,1,230,Female,40s,College,Non-regular
20262601,1,80,Male,Above 50,High School,Non-regular
20262702,1,540,Male,40s,College,Regular
20263201,1,300,Male,Above 50,College,Regular
20263301,1,300,Female,30s,College,Regular
20263302,5,280,Male,40s,College,Regular
20263401,1,400,Male,Above 50,College,Regular
20263403,1,200,Female,Below 30,College,Regular
20263501,1,440,Female,30s,College,Regular
20263502,1,550,Male,40s,College,Regular
20263803,1,300,Female,40s,College,Regular
20263804,1,300,Female,40s,High School,Regular
20263805,1,320,Male,30s,High School,Regular
20264001,5,270,Male,40s,High School,Non-regular
20264201,1,160,Male,Above 50,High School,Non-regular
20264802,1,95,Female,Above 50,High School,Non-regular
20264902,1,215,Female,Above 50,College,Regular
20265102,1,250,Female,Above 50,College,Regular
20265103,1,280,Female,30s,College,Non-regular
20265401,1,300,Male,Above 50,High School,Regular
20265402,1,60,Female,Above 50,High School,Non-regular
20265501,1,29,Female,Above 50,High School,Non-regular
20265702,1,200,Female,Above 50,High School,Non-regular
20265801,1,340,Male,40s,College,Regular
20265902,1,100,Female,Above 50,College,Non-regular
20265903,1,250,Female,30s,College,Regular
20266602,1,140,Female,Above 50,High School,Regular
20266901,5,29,Female,Above 50,High School,Non-regular
20267001,1,45,Female,Above 50,High School,Non-regular
20267101,1,650,Male,40s,College,Regular
20267102,1,400,Female,40s,College,Regular
20267301,5,250,Male,Above 50,High School,Regular
20267403,1,370,Female,40s,College,Regular
20267502,1,570,Female,Above 50,College,Regular
20268403,1,220,Male,30s,College,Regular
20268404,1,220,Female,Below 30,College,Regular
20268802,1,75,Female,Above 50,High School,Non-regular
20269401,5,100,Female,Above 50,High School,Non-regular
20269701,1,250,Male,Above 50,College,Regular
20269902,1,195,Female,Above 50,High School,Regular
20269904,1,40,Female,Below 30,College,Non-regular
20270201,1,350,Male,Above 50,High School,Non-regular
20270301,1,250,Female,Above 50,College,Regular
20270302,1,260,Male,30s,College,Regular
20270601,1,700,Male,Above 50,High School,Regular
20271002,1,260,Male,40s,High School,Non-regular
20271202,1,240,Female,40s,College,Non-regular
20271501,1,350,Male,40s,High School,Regular
20271801,1,300,Male,Above 50,High School,Regular
20272001,5,370,Male,Above 50,High School,Regular
20272401,1,300,Male,Above 50,High School,Non-regular
20272403,1,220,Female,30s,High School,Regular
20272502,1,300,Female,40s,High School,Regular
20272701,1,370,Male,40s,College,Non-regular
20272702,1,155,Female,40s,High School,Non-regular
20272802,5,225,Female,40s,High School,Regular
20272901,1,300,Male,Above 50,High School,Non-regular
20272902,1,300,Female,Above 50,High School,Regular
20273301,1,270,Male,Above 50,High School,Non-regular
20273701,1,150,Male,40s,High School,Non-regular
20274301,5,72,Male,Above 50,High School,Non-regular
20275001,1,350,Male,Above 50,High School,Regular
20275002,1,250,Female,Above 50,College,Non-regular
20275003,5,250,Female,Below 30,College,Regular
20275201,1,350,Male,Above 50,High School,Regular
20275401,1,105,Male,Above 50,High School,Non-regular
20275602,1,390,Male,Above 50,College,Regular
20275801,1,368,Male,40s,College,Regular
20275802,5,225,Female,40s,College,Non-regular
20276001,1,420,Male,40s,College,Regular
20276002,1,180,Female,40s,College,Non-regular
20276101,1,500,Male,40s,College,Regular
20276202,1,50,Female,Above 50,High School,Non-regular
20276401,1,160,Male,Above 50,High School,Non-regular
20276601,1,240,Male,Above 50,High School,Non-regular
20276602,1,100,Female,Above 50,High School,Non-regular
20276603,5,250,Male,30s,College,Regular
20276902,1,320,Female,40s,High School,Regular
20277001,1,220,Male,Above 50,High School,Non-regular
20277002,1,150,Female,Above 50,High School,Non-regular
20277101,1,240,Male,Above 50,High School,Non-regular
20277102,1,180,Female,Above 50,High School,Non-regular
20277103,1,250,Male,30s,College,Regular
20277104,1,250,Male,30s,High School,Non-regular
20277201,1,500,Male,40s,College,Regular
20277301,1,170,Female,Above 50,High School,Non-regular
20277702,1,320,Female,40s,High School,Regular
20277801,1,80,Male,Above 50,High School,Non-regular
20277901,1,250,Male,Above 50,High School,Regular
20277902,1,70,Female,Above 50,High School,Non-regular
20277903,1,210,Male,30s,College,Regular
20278001,5,70,Female,Above 50,High School,Non-regular
20278201,1,100,Female,30s,College,Non-regular
20278503,5,220,Male,Below 30,College,Regular
20278601,1,600,Male,40s,College,Regular
20278702,1,350,Female,40s,High School,Regular
20278801,1,350,Male,40s,College,Regular
20278802,1,230,Female,40s,College,Regular
20278901,1,300,Female,30s,College,Regular
20279001,1,450,Male,40s,College,Regular
20279101,1,1000,Female,30s,College,Regular
20279201,1,430,Male,40s,College,Regular
20279202,1,400,Female,40s,College,Regular
20279401,1,330,Male,Above 50,High School,Non-regular
20279402,1,80,Female,Above 50,High School,Non-regular
20279403,1,235,Female,Below 30,High School,Regular
20279404,1,235,Female,Below 30,College,Regular
20279601,1,30,Female,Above 50,College,Non-regular
20279701,1,450,Male,Above 50,High School,Regular
20279703,5,60,Female,Below 30,High School,Non-regular
20279802,1,225,Female,40s,College,Regular
20280001,1,27,Female,Above 50,High School,Non-regular
20280301,1,120,Female,Above 50,College,Non-regular
20280401,5,30,Male,Above 50,High School,Non-regular
20280803,1,180,Male,40s,High School,Non-regular
20280901,1,600,Male,40s,College,Regular
20281001,1,300,Male,40s,College,Non-regular
20281102,5,78,Female,Above 50,High School,Non-regular
20281501,5,450,Male,Above 50,College,Regular
20281502,5,60,Female,Above 50,High School,Non-regular
20281503,5,68,Male,Below 30,College,Non-regular
20281803,1,480,Female,30s,College,Regular
20281804,1,430,Male,30s,College,Regular
20281901,1,900,Male,Above 50,College,Regular
20282001,5,450,Male,Above 50,College,Regular
20282103,1,550,Male,30s,College,Regular
20282302,5,60,Female,Above 50,High School,Regular
20282401,1,680,Male,Above 50,College,Regular
20282501,1,350,Male,40s,College,Regular
20282601,5,310,Female,30s,College,Regular
20282801,1,250,Female,Below 30,College,Regular
20282901,1,100,Female,Below 30,College,Non-regular
20283201,1,265,Female,Below 30,College,Regular
20283501,1,320,Female,Below 30,College,Regular
20283601,1,320,Female,Below 30,College,Non-regular
20283701,1,250,Female,Above 50,High School,Non-regular
20283702,1,100,Male,Below 30,College,Non-regular
20283703,1,200,Female,Below 30,High School,Regular
20283901,1,400,Male,40s,College,Non-regular
20283902,5,200,Female,30s,College,Regular
20284001,1,100,Female,Above 50,High School,Non-regular
20284602,5,280,Female,40s,High School,Non-regular
20284702,1,430,Female,40s,College,Regular
20285101,1,190,Male,Above 50,High School,Non-regular
20285201,1,370,Male,Above 50,College,Regular
20285301,5,240,Male,Above 50,College,Non-regular
20285401,5,300,Male,Above 50,High School,Regular
20285501,1,150,Female,Above 50,High School,Non-regular
20285902,1,150,Female,Above 50,High School,Non-regular
20286601,1,730,Male,40s,College,Regular
20287001,1,203,Female,40s,High School,Regular
20287306,1,265,Male,30s,College,Non-regular
20287601,1,400,Male,40s,College,Regular
20287602,5,300,Female,40s,College,Non-regular
20288302,1,150,Female,Above 50,High School,Non-regular
20288401,1,25,Female,Above 50,High School,Non-regular
20288802,1,300,Female,40s,College,Non-regular
20288902,1,120,Male,Above 50,High School,Non-regular
20289001,1,270,Female,40s,College,Regular
20289002,1,300,Male,Above 50,High School,Regular
20289101,1,29,Male,Above 50,High School,Non-regular
20289201,1,300,Male,40s,High School,Regular
20289401,1,400,Male,40s,College,Regular
20289501,1,150,Male,Above 50,High School,Non-regular
20289504,1,320,Male,30s,College,Regular
20289601,5,100,Male,Above 50,High School,Non-regular
20289602,1,200,Female,Above 50,High School,Non-regular
20289704,5,30,Female,Below 30,College,Non-regular
20289801,1,570,Male,40s,College,Regular
20290101,1,550,Male,Above 50,College,Regular
20290102,1,50,Female,Above 50,College,Non-regular
20290201,1,600,Male,Above 50,College,Regular
20290202,1,180,Female,40s,College,Regular
20290501,1,250,Male,Above 50,High School,Non-regular
20290502,1,120,Female,Below 30,High School,Regular
20291002,1,300,Female,Above 50,High School,Regular
20291401,1,520,Male,40s,College,Regular
20291901,1,200,Male,Above 50,High School,Non-regular
20292101,1,600,Male,40s,College,Regular
20292401,1,220,Male,Above 50,High School,Non-regular
20292702,1,180,Female,Above 50,High School,Non-regular
20293001,1,360,Female,Above 50,College,Regular
20293201,1,195,Female,Above 50,College,Non-regular
20293502,1,78,Female,Above 50,High School,Non-regular
20293901,1,270,Male,Above 50,College,Regular
20294801,1,230,Female,30s,College,Non-regular
20294802,1,380,Male,30s,College,Non-regular
20294901,1,308,Male,Above 50,College,Non-regular
20294902,1,260,Male,30s,College,Regular
20295001,1,308,Male,30s,College,Regular
20295301,1,308,Male,40s,College,Regular
20295501,1,320,Male,40s,High School,Regular
20295601,1,187,Male,Above 50,High School,Non-regular
20295602,1,100,Female,Above 50,High School,Non-regular
20295701,1,430,Male,40s,College,Regular
20296001,5,220,Female,Above 50,High School,Non-regular
20296101,1,150,Male,Above 50,High School,Non-regular
20296501,1,360,Male,Above 50,High School,Regular
20296502,1,59,Female,Above 50,High School,Non-regular
20296601,1,900,Male,Above 50,College,Regular
20296902,1,195,Female,40s,High School,Regular
20297003,1,480,Male,30s,College,Regular
20297101,5,147,Female,Above 50,High School,Non-regular
20297703,1,270,Male,30s,College,Regular
20298201,1,29,Female,Above 50,High School,Non-regular
20298202,1,220,Male,40s,College,Regular
20298502,1,28,Female,Above 50,High School,Non-regular
20298701,5,150,Female,30s,College,Non-regular
20298702,5,215,Female,30s,College,Regular
20298901,1,200,Male,30s,College,Non-regular
20299302,1,410,Male,40s,College,Regular
20299801,1,250,Male,Above 50,College,Regular
20299903,1,300,Male,30s,College,Regular
20300001,1,700,Male,40s,College,Regular
20300002,5,60,Female,40s,College,Non-regular
20300101,1,1000,Male,30s,College,Regular
20300102,1,420,Female,30s,College,Regular
20300502,1,130,Female,Above 50,High School,Non-regular
20300702,1,100,Female,Above 50,College,Non-regular
20300804,1,300,Female,30s,High School,Regular
20300901,1,210,Male,Above 50,High School,Regular
20300904,1,105,Male,Below 30,High School,Non-regular
20301001,1,590,Male,40s,College,Regular
20301301,1,680,Male,Above 50,High School,Regular
20301302,1,240,Female,Above 50,High School,Non-regular
20301304,5,230,Female,Below 30,College,Regular
20301401,1,1300,Male,Above 50,College,Regular
20301404,1,390,Male,30s,College,Regular
20301701,1,430,Male,Above 50,College,Non-regular
20301702,1,80,Female,Above 50,High School,Non-regular
20301703,5,215,Female,Below 30,College,Regular
20301801,1,360,Male,Above 50,College,Regular
20301803,5,230,Male,30s,College,Regular
20301901,1,600,Male,40s,College,Regular
20302001,1,400,Male,40s,College,Regular
20302101,1,165,Male,Above 50,High School,Non-regular
20302301,5,200,Male,Above 50,High School,Regular
20302701,1,27,Male,Above 50,College,Non-regular
20302901,1,27,Male,Above 50,College,Non-regular
20303002,5,350,Male,Above 50,College,Regular
20303101,1,330,Male,30s,College,Regular
20303401,1,830,Male,40s,College,Regular
20303402,1,330,Female,30s,College,Regular
20303501,1,900,Male,Above 50,College,Regular
20303702,1,320,Male,Above 50,College,Regular
20304101,5,230,Male,Above 50,High School,Non-regular
20304201,1,170,Female,Above 50,High School,Non-regular
20304302,1,400,Male,30s,High School,Non-regular
20304401,1,500,Female,40s,College,Regular
20304501,1,1000,Male,Above 50,College,Regular
20304502,1,500,Female,Above 50,College,Regular
20304601,1,1250,Male,Above 50,College,Regular
20304704,1,450,Female,Above 50,High School,Regular
20305002,1,250,Female,Above 50,High School,Regular
20305004,1,250,Female,30s,College,Regular
20305402,1,200,Female,Above 50,High School,Regular
20305503,1,250,Female,Below 30,College,Regular
20305601,1,1040,Male,40s,College,Regular
20305602,1,540,Female,40s,College,Regular
20305701,1,620,Male,Above 50,College,Regular
20305702,1,500,Female,Above 50,High School,Regular
20305704,5,240,Male,Below 30,College,Regular
20305901,1,200,Male,Above 50,High School,Non-regular
20305903,1,760,Male,30s,College,Regular
20305904,1,290,Female,30s,College,Regular
20306001,1,300,Male,Above 50,College,Regular
20306002,1,300,Female,Above 50,College,Regular
20306004,1,250,Female,Below 30,College,Regular
20306101,1,400,Male,40s,College,Regular
20306102,1,250,Female,40s,College,Regular
20306201,1,540,Male,Above 50,College,Regular
20306301,1,120,Female,Above 50,High School,Non-regular
20306502,1,300,Male,30s,College,Regular
20306504,1,200,Male,30s,High School,Non-regular
20306601,1,150,Female,Above 50,High School,Non-regular
20306802,1,200,Female,Above 50,High School,Non-regular
20306901,1,400,Male,Above 50,High School,Regular
20306902,1,400,Female,40s,High School,Non-regular
20307001,5,29,Female,Above 50,High School,Non-regular
20307101,1,600,Male,Above 50,College,Regular
20307102,1,200,Female,40s,High School,Regular
20307301,1,350,Male,Above 50,High School,Regular
20307302,1,250,Female,Above 50,High School,Regular
20307701,1,500,Male,Above 50,High School,Regular
20307801,1,350,Male,Above 50,College,Regular
20307803,1,280,Male,30s,High School,Regular
20307901,1,152,Male,Above 50,High School,Regular
20308102,1,250,Male,40s,College,Non-regular
20308303,1,300,Male,40s,College,Regular
20308304,1,300,Male,40s,College,Regular
20308501,1,300,Female,30s,College,Non-regular
20308502,1,400,Male,30s,College,Regular
20308801,1,300,Female,Above 50,College,Regular
20308902,1,300,Male,Above 50,High School,Regular
20309101,1,700,Male,40s,College,Regular
20309102,1,700,Female,40s,College,Regular
20309401,1,400,Male,Above 50,High School,Regular
20309402,1,150,Female,Above 50,High School,Non-regular
20309501,1,300,Male,Above 50,High School,Regular
20309503,1,250,Male,Below 30,College,Regular
20309701,1,100,Male,Above 50,High School,Non-regular
20309702,1,240,Female,Above 50,High School,Regular
20309703,1,250,Female,30s,College,Regular
20309801,1,790,Male,30s,College,Regular
20309901,1,400,Male,40s,College,Regular
20309902,1,300,Female,40s,High School,Regular
20310001,1,500,Male,40s,College,Regular
20310201,1,600,Male,Above 50,High School,Regular
20310202,1,200,Female,Above 50,High School,Regular
20310203,5,350,Female,Below 30,College,Regular
20310601,1,200,Male,Above 50,High School,Regular
20311001,1,250,Male,40s,High School,Regular
20311002,1,200,Female,Above 50,High School,Regular
20311103,1,300,Male,30s,College,Regular
20311104,1,300,Male,Below 30,College,Regular
20311201,1,400,Male,40s,High School,Regular
20311202,1,300,Female,40s,High School,Regular
20311301,1,1000,Male,Above 50,High School,Regular
20311501,1,500,Male,Above 50,College,Regular
20311601,1,910,Male,Above 50,College,Regular
20311701,1,980,Male,40s,College,Regular
20311702,1,147,Female,40s,High School,Non-regular
20311801,1,900,Male,40s,College,Regular
20312001,1,1000,Male,40s,College,Regular
20312101,1,1000,Male,40s,High School,Regular
20312301,1,910,Male,40s,College,Regular
20312401,1,300,Female,Above 50,College,Non-regular
20312701,1,500,Male,40s,High School,Regular
20312702,5,100,Female,40s,College,Non-regular
20312801,1,1000,Male,40s,College,Regular
20312902,5,140,Female,Above 50,High School,Non-regular
20313201,1,360,Male,40s,College,Regular
20313202,1,250,Female,40s,High School,Non-regular
20313301,1,300,Male,Above 50,College,Regular
20313303,1,200,Female,Below 30,College,Non-regular
20313502,1,450,Male,40s,College,Regular
20313701,1,364,Male,Above 50,High School,Regular
20313702,1,277,Female,Above 50,College,Regular
20314101,1,335,Male,40s,High School,Non-regular
20314201,1,270,Male,40s,College,Regular
20314202,1,173,Female,40s,College,Non-regular
20315001,1,270,Male,Above 50,High School,Regular
20315301,5,73,Female,Above 50,College,Non-regular
20315402,1,200,Female,Above 50,College,Non-regular
20315602,1,220,Female,40s,College,Regular
20315801,1,550,Male,40s,College,Regular
20316204,5,250,Male,30s,College,Regular
20316502,1,230,Female,Above 50,High School,Regular
20316602,1,200,Female,Above 50,High School,Non-regular
20316801,1,150,Female,Above 50,High School,Non-regular
20317401,1,250,Male,Above 50,College,Regular
20317402,1,170,Female,Above 50,High School,Regular
20317501,1,450,Male,Above 50,College,Regular
20317502,5,107,Female,Above 50,College,Non-regular
20317601,1,480,Male,40s,College,Regular
20317701,1,420,Male,40s,High School,Regular
20318001,1,280,Male,Above 50,High School,Regular
20318203,1,33,Female,Above 50,High School,Non-regular
20318701,1,150,Female,Above 50,High School,Non-regular
20318801,1,500,Male,40s,College,Regular
20318802,1,400,Female,40s,College,Regular
20318901,5,370,Male,40s,High School,Regular
20318902,1,370,Female,30s,College,Regular
20319101,1,530,Male,40s,College,Regular
20319501,1,236,Male,Above 50,High School,Non-regular
20319602,1,338,Male,30s,College,Regular
20319802,1,68,Female,Above 50,High School,Non-regular
20319803,1,220,Male,Below 30,College,Regular
20319804,5,177,Female,Below 30,High School,Regular
20320001,1,215,Female,Above 50,High School,Regular
20320002,1,205,Female,Below 30,High School,Regular
20320101,1,300,Male,30s,College,Regular
20320102,1,385,Female,40s,College,Regular
20320201,1,320,Male,Above 50,College,Regular
20320301,1,292,Male,Above 50,High School,Non-regular
20320302,1,197,Female,40s,College,Regular
20320303,5,210,Female,Below 30,College,Regular
20320502,1,210,Female,Above 50,High School,Non-regular
20320503,1,370,Male,30s,College,Regular
20320504,1,270,Female,30s,College,Regular
20320801,1,287,Female,Above 50,College,Regular
20321001,5,245,Male,30s,College,Regular
20321002,1,230,Female,30s,College,Regular
20321101,1,300,Male,Above 50,College,Non-regular
20321102,1,380,Female,Above 50,High School,Non-regular
20321103,1,490,Male,30s,College,Regular
20321201,1,250,Male,Above 50,College,Regular
20321205,1,230,Female,Below 30,College,Non-regular
20321301,5,205,Female,40s,College,Non-regular
20321305,1,230,Male,40s,College,Regular
20321601,1,155,Female,Above 50,High School,Regular
20321702,1,71,Female,Above 50,High School,Non-regular
20322001,5,260,Male,Above 50,College,Non-regular
20322101,1,160,Female,Above 50,High School,Non-regular
20322201,1,470,Female,Above 50,College,Regular
20322301,5,252,Female,Above 50,College,Regular
20322303,5,231,Female,Below 30,College,Regular
20322601,1,100,Female,40s,High School,Non-regular
20322701,1,300,Male,40s,College,Regular
20322802,1,80,Female,Above 50,High School,Non-regular
20323001,1,300,Male,30s,College,Regular
20323103,1,220,Female,40s,College,Non-regular
20323501,1,80,Male,Above 50,High School,Non-regular
20324302,1,56,Female,Above 50,High School,Non-regular
20324303,1,280,Male,40s,College,Non-regular
20324601,1,400,Female,Above 50,College,Regular
20325103,1,300,Female,Below 30,College,Regular
20325104,5,305,Female,Below 30,College,Regular
20325701,1,210,Male,Above 50,High School,Non-regular
20326701,1,110,Male,Above 50,High School,Non-regular
20326901,1,400,Male,Above 50,College,Regular
20327201,1,400,Male,40s,College,Regular
20327202,1,150,Female,40s,High School,Non-regular
20327602,1,40,Female,Above 50,High School,Non-regular
20328002,1,210,Female,40s,College,Regular
20328101,1,450,Male,Above 50,College,Regular
20328102,1,410,Female,40s,College,Regular
20328301,1,350,Female,Above 50,College,Regular
20328502,5,60,Female,40s,College,Non-regular
20330101,1,260,Male,Above 50,College,Regular
20330202,1,340,Female,Above 50,College,Non-regular
20330501,1,180,Female,Above 50,High School,Non-regular
20330701,1,272,Male,Above 50,High School,Non-regular
20331002,1,80,Female,40s,High School,Non-regular
20331501,1,230,Male,30s,College,Regular
20331901,1,500,Male,30s,College,Regular
20332102,1,200,Female,30s,High School,Non-regular
20332201,1,500,Male,Above 50,College,Regular
20332401,1,300,Male,Above 50,High School,Non-regular
20332502,1,180,Female,Above 50,High School,Regular
20332601,1,550,Male,Above 50,College,Regular
20332701,1,450,Male,40s,College,Regular
20332901,1,460,Male,Above 50,College,Regular
20332902,1,500,Female,Above 50,High School,Regular
20332903,1,220,Female,Below 30,College,Non-regular
20333002,1,380,Female,Above 50,College,Regular
20333601,5,97,Male,Above 50,High School,Non-regular
20333602,1,100,Female,Above 50,High School,Non-regular
20333801,1,210,Female,Above 50,High School,Non-regular
20334002,1,150,Female,Above 50,High School,Non-regular
20334102,1,200,Female,Above 50,High School,Non-regular
20334201,1,400,Male,30s,College,Regular
20334301,1,260,Male,40s,College,Regular
20334501,5,205,Male,Above 50,High School,Non-regular
20334801,1,29,Female,Above 50,High School,Non-regular
20335101,1,200,Female,Above 50,High School,Non-regular
20335503,1,251,Male,Above 50,College,Regular
20335701,1,130,Male,Above 50,High School,Non-regular
20335702,1,95,Female,Above 50,High School,Non-regular
20335801,1,430,Male,40s,High School,Regular
20335802,1,220,Female,40s,High School,Regular
20335901,5,210,Male,Above 50,High School,Non-regular
20336002,1,200,Male,30s,High School,Non-regular
20336301,1,210,Male,Above 50,High School,Non-regular
20336303,1,250,Male,40s,College,Regular
20336501,1,300,Male,Above 50,High School,Regular
20336503,5,100,Male,Below 30,High School,Non-regular
20336901,1,280,Female,30s,College,Regular
20336902,1,340,Male,30s,College,Regular
20337201,1,360,Male,Above 50,High School,Non-regular
20337501,1,600,Male,Above 50,High School,Regular
20337503,1,250,Female,30s,College,Regular
20337801,5,29,Male,Above 50,College,Non-regular
20337802,1,29,Female,Above 50,High School,Non-regular
20338201,1,200,Female,Above 50,High School,Regular
20338501,1,600,Male,40s,College,Regular
20338601,1,250,Male,Above 50,College,Regular
20338602,1,200,Female,Above 50,College,Regular
20338702,1,330,Female,40s,College,Regular
20339301,1,260,Male,Above 50,High School,Regular
20339302,5,120,Female,Above 50,College,Non-regular
20339401,1,600,Male,40s,College,Regular
20339801,1,680,Male,30s,College,Regular
20339802,1,380,Female,40s,College,Regular
20339901,1,390,Male,40s,High School,Regular
20339902,1,390,Female,40s,College,Regular
20340202,5,118,Female,Above 50,College,Non-regular
20340501,5,200,Female,Above 50,High School,Regular
20340503,1,310,Male,Below 30,College,Regular
20340601,1,75,Female,Above 50,High School,Non-regular
20340702,5,275,Female,Above 50,College,Regular
20340802,5,98,Female,Above 50,High School,Non-regular
20341001,1,300,Female,Above 50,High School,Regular
20341002,1,195,Male,30s,High School,Non-regular
20341201,1,520,Male,40s,College,Regular
20341301,1,165,Female,Above 50,High School,Non-regular
20341401,1,93,Female,Above 50,High School,Non-regular
20341402,5,29,Male,Above 50,High School,Non-regular
20341601,1,480,Male,Above 50,High School,Non-regular
20341603,1,270,Male,Below 30,High School,Regular
20341801,1,350,Male,Above 50,High School,Non-regular
20341804,1,245,Male,40s,College,Regular
20341901,1,300,Male,Above 50,High School,Non-regular
20342101,1,440,Male,40s,College,Regular
20342204,1,300,Female,30s,College,Regular
20342401,1,212,Male,Above 50,High School,Non-regular
20342502,5,78,Female,Above 50,High School,Non-regular
20342601,1,187,Male,Above 50,High School,Non-regular
20342701,1,450,Male,40s,College,Regular
20342801,5,450,Male,Above 50,College,Regular
20342901,1,290,Male,Above 50,High School,Regular
20342902,5,215,Female,Above 50,High School,Non-regular
20343002,5,245,Female,Above 50,High School,Non-regular
20343004,1,255,Male,30s,College,Non-regular
20343101,1,290,Male,Above 50,High School,Regular
20343102,5,290,Female,Above 50,High School,Regular
20343103,1,340,Male,30s,College,Regular
20343201,1,300,Male,Above 50,High School,Non-regular
20343203,1,210,Female,Below 30,College,Non-regular
20343204,1,390,Female,Below 30,College,Regular
20343301,1,290,Male,Above 50,High School,Regular
20343302,1,250,Female,Above 50,High School,Non-regular
20343303,5,225,Female,30s,College,Regular
20343401,1,530,Male,40s,College,Regular
20343502,1,29,Female,Above 50,High School,Non-regular
20343901,1,29,Female,Above 50,High School,Non-regular
20344001,1,435,Male,Above 50,High School,Non-regular
20344002,1,120,Female,Above 50,High School,Non-regular
20344101,1,320,Male,Above 50,College,Regular
20344102,1,115,Female,Above 50,High School,Non-regular
20344104,5,215,Female,Below 30,College,Regular
20344204,1,250,Male,30s,College,Regular
20344401,1,250,Male,Above 50,College,Non-regular
20344601,5,73,Female,Above 50,High School,Non-regular
20344602,5,350,Male,Above 50,High School,Non-regular
20344801,1,600,Male,40s,High School,Non-regular
20344802,1,200,Female,40s,College,Non-regular
20345002,1,300,Male,40s,College,Regular
20345201,1,450,Male,Above 50,High School,Regular
20345401,1,400,Male,40s,High School,Regular
20345402,5,64,Female,40s,College,Non-regular
20345601,1,500,Male,40s,College,Regular
20345701,5,280,Male,Above 50,High School,Regular
20345703,5,170,Male,Below 30,College,Non-regular
20346003,1,280,Female,Above 50,College,Regular
20346004,1,300,Male,Below 30,College,Regular
20346301,1,29,Female,Above 50,High School,Non-regular
20346901,1,400,Male,Above 50,High School,Non-regular
20346903,1,220,Female,30s,College,Regular
20347102,5,120,Female,Above 50,High School,Non-regular
20347401,5,80,Female,Above 50,High School,Non-regular
20347502,1,29,Female,Above 50,High School,Non-regular
20347902,5,150,Female,30s,High School,Non-regular
20348203,1,240,Male,30s,College,Regular
20348204,1,250,Female,Below 30,College,Regular
20348501,1,250,Female,Above 50,High School,Non-regular
20348702,1,250,Male,Below 30,High School,Regular
20348902,1,350,Male,40s,High School,Non-regular
20348903,1,250,Female,40s,High School,Regular
20349101,1,300,Female,30s,College,Regular
20350001,1,833,Male,40s,College,Regular
20350002,1,280,Female,30s,College,Regular
20350203,5,100,Female,Below 30,High School,Non-regular
20350301,1,1800,Male,40s,College,Regular
20350701,1,100,Male,40s,College,Regular
20351101,1,27,Female,Above 50,High School,Non-regular
20351201,1,120,Female,Above 50,High School,Non-regular
20351302,1,220,Female,30s,College,Non-regular
20351401,1,230,Male,Above 50,High School,Regular
20351402,1,95,Female,Above 50,High School,Non-regular
20351802,1,96,Female,Above 50,High School,Non-regular
20352001,1,328,Male,Above 50,High School,Regular
20352101,1,400,Male,40s,College,Regular
20352102,1,260,Female,40s,College,Regular
20352302,1,200,Male,40s,College,Non-regular
20352701,1,380,Male,40s,High School,Regular
20352702,1,211,Female,40s,College,Non-regular
20352801,1,335,Male,40s,College,Regular
20353001,5,198,Female,Above 50,High School,Non-regular
20353301,1,288,Male,40s,High School,Non-regular
20353501,5,460,Male,Above 50,College,Regular
20353502,1,210,Female,Above 50,College,Regular
20353702,1,225,Female,Above 50,College,Regular
20353801,1,590,Male,40s,College,Regular
20354201,1,288,Male,Above 50,High School,Non-regular
20354202,1,193,Female,Above 50,High School,Non-regular
20354401,1,29,Male,Above 50,High School,Non-regular
20354402,5,29,Female,Above 50,High School,Non-regular
20354501,1,288,Male,40s,College,Regular
20354601,1,220,Male,Above 50,High School,Non-regular
20354602,5,230,Male,40s,High School,Non-regular
20354801,1,564,Male,40s,College,Regular
20354901,1,380,Male,40s,College,Regular
20354902,1,125,Female,40s,College,Non-regular
20355301,5,29,Male,Above 50,High School,Non-regular
20355502,1,287,Female,40s,College,Regular
20355701,1,570,Male,Above 50,College,Non-regular
20355801,1,335,Male,40s,College,Regular
20355802,1,203,Female,30s,College,Non-regular
20356102,1,230,Female,Above 50,College,Regular
20356601,1,221,Female,Above 50,College,Regular
20356801,1,240,Male,Above 50,High School,Non-regular
20356802,5,194,Female,Above 50,High School,Non-regular
20356901,1,240,Male,Above 50,High School,Non-regular
20356902,1,203,Female,40s,High School,Non-regular
20357101,1,240,Female,40s,High School,Regular
20357201,1,240,Male,Above 50,College,Regular
20357203,1,203,Male,Below 30,College,Non-regular
20357901,1,128,Female,Above 50,High School,Non-regular
20358002,1,95,Female,Above 50,High School,Non-regular
20358301,1,210,Female,Above 50,High School,Non-regular
20358302,1,215,Male,Above 50,High School,Non-regular
20358303,1,285,Male,30s,College,Regular
20358401,1,150,Male,Above 50,High School,Non-regular
20358402,5,190,Female,Above 50,High School,Non-regular
20358502,1,70,Female,Above 50,High School,Non-regular
20358605,1,550,Male,30s,High School,Non-regular
20358701,1,280,Male,Above 50,High School,Non-regular
20358703,5,250,Male,30s,College,Regular
20358704,5,270,Male,30s,College,Non-regular
20358803,5,60,Female,Below 30,College,Non-regular
20358804,1,80,Male,Below 30,College,Non-regular
20358901,1,240,Male,Above 50,High School,Non-regular
20358902,1,200,Female,Above 50,High School,Non-regular
20359002,1,145,Female,Above 50,High School,Non-regular
20359101,1,285,Male,Above 50,College,Non-regular
20359201,1,204,Male,Above 50,High School,Non-regular
20359301,1,320,Male,Above 50,High School,Non-regular
20359303,1,340,Female,Below 30,College,Non-regular
20359401,1,480,Male,Above 50,High School,Non-regular
20359403,1,320,Male,30s,College,Regular
20359404,5,225,Female,Below 30,College,Regular
20359602,1,180,Female,Above 50,High School,Non-regular
20359604,1,260,Female,30s,College,Regular
20359702,1,187,Female,Above 50,High School,Non-regular
20360101,1,190,Male,Above 50,High School,Regular
20360102,1,220,Female,Above 50,High School,Non-regular
20360103,5,220,Male,Below 30,High School,Non-regular
20360104,5,160,Female,Below 30,High School,Non-regular
20360303,5,330,Male,40s,College,Regular
20360304,5,400,Male,40s,College,Non-regular
20360402,1,210,Female,Above 50,High School,Non-regular
20360501,1,270,Male,Above 50,High School,Non-regular
20360702,1,160,Female,Above 50,College,Non-regular
20360703,5,260,Female,Below 30,High School,Non-regular
20360704,1,80,Male,Below 30,College,Non-regular
20360801,1,400,Male,40s,High School,Regular
20360901,5,230,Male,Above 50,High School,Non-regular
20361301,1,800,Male,40s,College,Regular
20361302,1,500,Female,40s,College,Regular
20361501,5,340,Male,Above 50,College,Non-regular
20361801,5,80,Female,Above 50,High School,Non-regular
20361802,1,300,Male,Below 30,High School,Non-regular
20362201,5,250,Male,40s,College,Non-regular
20362202,5,116,Female,30s,College,Non-regular
20362503,1,340,Male,40s,College,Regular
20362504,1,400,Male,30s,College,Regular
20362902,1,140,Female,Above 50,High School,Non-regular
20363001,1,380,Male,Above 50,High School,Regular
20363002,1,330,Female,Above 50,High School,Non-regular
20363101,1,27,Female,Above 50,High School,Non-regular
20363201,1,72,Female,Above 50,High School,Non-regular
20363304,1,206,Female,Below 30,College,Non-regular
20363501,1,212,Female,40s,High School,Regular
20363602,1,145,Female,Above 50,High School,Non-regular
20363701,1,460,Male,30s,College,Regular
20363801,1,213,Female,Above 50,High School,Regular
20363901,1,250,Male,40s,High School,Regular
20363902,1,200,Female,40s,High School,Non-regular
20364101,1,220,Female,Above 50,High School,Non-regular
20364502,5,80,Female,Above 50,High School,Non-regular
20364702,1,300,Male,40s,College,Regular
20365001,1,100,Male,Above 50,High School,Non-regular
20365401,1,250,Male,Above 50,High School,Non-regular
20365601,1,800,Male,Above 50,College,Regular
20365701,1,70,Male,Above 50,High School,Non-regular
20366101,1,400,Male,40s,High School,Regular
20366201,1,95,Female,Above 50,High School,Non-regular
20366501,1,27,Female,Above 50,High School,Non-regular
20366601,1,200,Female,Above 50,High School,Non-regular
20366802,1,201,Female,Above 50,High School,Regular
20366901,1,360,Male,40s,College,Regular
20366902,1,250,Female,30s,High School,Regular
20367001,1,365,Male,40s,College,Non-regular
20367002,1,250,Female,30s,College,Regular
20367301,1,240,Male,Above 50,High School,Non-regular
20367401,1,580,Male,30s,College,Regular
20367501,1,193,Male,Above 50,College,Non-regular
20367503,5,280,Male,30s,College,Regular
20367504,1,445,Male,30s,College,Regular
20367602,1,280,Female,40s,High School,Regular
20367801,1,420,Male,Above 50,High School,Regular
20367802,1,230,Female,Above 50,High School,Regular
20368202,1,155,Female,Above 50,High School,Non-regular
20368301,1,29,Female,Above 50,High School,Non-regular
20368401,1,200,Female,Above 50,High School,Non-regular
20368502,1,580,Male,30s,College,Non-regular
20368503,1,250,Female,Below 30,College,Regular
20368601,1,170,Female,Above 50,High School,Regular
20368602,1,250,Male,40s,College,Regular
20368702,1,160,Female,Above 50,High School,Regular
20368703,1,200,Male,Below 30,College,Regular
20368801,1,29,Female,Above 50,High School,Non-regular
20369002,1,100,Female,Above 50,High School,Non-regular
20369201,1,250,Male,Above 50,High School,Regular
20369202,1,80,Female,30s,College,Non-regular
20370203,1,400,Male,30s,College,Regular
20370303,1,360,Female,30s,College,Regular
20370401,5,250,Male,Above 50,High School,Regular
20370403,1,300,Female,Below 30,College,Regular
20370502,1,250,Female,Above 50,College,Regular
20370503,1,15,Male,Below 30,College,Non-regular
20371301,1,370,Male,40s,High School,Regular
20371401,1,150,Male,Above 50,High School,Non-regular
20371402,1,193,Female,Above 50,High School,Non-regular
20371903,1,150,Male,Above 50,High School,Non-regular
20372501,1,210,Male,Above 50,High School,Non-regular
20372503,1,230,Male,Below 30,College,Regular
20372603,1,470,Male,Above 50,College,Regular
20373201,1,360,Male,Above 50,High School,Non-regular
20373203,1,250,Female,30s,College,Regular
20373301,1,288,Male,Above 50,High School,Non-regular
20373303,1,240,Female,Below 30,High School,Regular
20373304,1,240,Female,Below 30,High School,Regular
20373305,1,203,Female,Below 30,College,Regular
20373701,1,360,Male,Above 50,College,Regular
20373801,1,213,Male,Above 50,High School,Non-regular
20373903,5,300,Female,Below 30,College,Regular
20374101,1,340,Male,Above 50,High School,Regular
20374102,1,80,Female,Above 50,High School,Non-regular
20374103,1,220,Female,Below 30,College,Regular
20374202,1,300,Male,30s,High School,Regular
20374301,1,200,Male,Above 50,High School,Non-regular
20374401,1,240,Male,Above 50,High School,Non-regular
20374502,1,240,Female,30s,College,Non-regular
20374503,1,221,Female,Below 30,College,Regular
20375003,1,470,Male,Above 50,High School,Regular
20376202,1,200,Male,Above 50,High School,Non-regular
20376302,1,160,Female,Above 50,High School,Non-regular
20376401,1,150,Female,Above 50,High School,Non-regular
20376501,1,27,Male,Above 50,High School,Non-regular
20377001,1,160,Female,Above 50,High School,Non-regular
20377101,1,200,Male,Above 50,High School,Non-regular
20377102,1,255,Female,Above 50,High School,Regular
20377104,1,199,Female,Below 30,College,Regular
20378001,1,335,Male,40s,High School,Non-regular
20378201,1,303,Male,30s,College,Regular
20378601,5,200,Male,Above 50,College,Non-regular
20378602,1,200,Female,Above 50,College,Non-regular
20378802,5,150,Male,Below 30,High School,Non-regular
20379002,1,170,Female,Above 50,High School,Non-regular
20379601,1,300,Male,40s,College,Regular
20379701,1,430,Male,40s,High School,Regular
20379901,5,29,Male,Above 50,High School,Non-regular
20380501,1,308,Male,Above 50,High School,Regular
20380601,1,138,Female,Above 50,High School,Non-regular
20380801,1,290,Male,Above 50,High School,Non-regular
20380902,1,262,Female,40s,High School,Non-regular
20381003,1,345,Male,Above 50,High School,Regular
20381102,5,140,Female,40s,High School,Non-regular
20381601,1,170,Male,Above 50,High School,Regular
20382302,1,1600,Male,40s,College,Regular
20382701,1,500,Male,40s,College,Regular
20382801,1,750,Male,40s,College,Regular
20382802,1,340,Female,30s,College,Regular
20383202,1,250,Male,Above 50,High School,Regular
20383203,1,300,Male,30s,College,Regular
20383204,1,300,Female,30s,College,Regular
20383301,1,270,Male,Above 50,College,Regular
20383602,1,1500,Male,Above 50,College,Regular
20383803,1,500,Male,Below 30,College,Regular
20383804,1,300,Female,Below 30,College,Regular
20383901,1,420,Male,Above 50,College,Regular
20383902,1,300,Female,Above 50,College,Non-regular
20384101,1,300,Female,Above 50,High School,Regular
20384401,1,1000,Male,40s,College,Regular
20384402,1,200,Female,40s,College,Non-regular
20384501,1,900,Male,Above 50,College,Regular
20384503,1,450,Female,30s,College,Regular
20384701,1,500,Male,30s,College,Regular
20384801,1,27,Female,Above 50,High School,Non-regular
20384901,1,600,Male,Above 50,College,Regular
20385001,1,140,Female,Above 50,High School,Non-regular
20385202,1,250,Female,40s,High School,Non-regular
20385502,1,450,Female,Above 50,College,Non-regular
20385801,1,250,Male,40s,College,Regular
20385901,1,350,Male,Above 50,High School,Regular
20385902,1,200,Female,40s,College,Regular
20386201,1,330,Male,40s,High School,Non-regular
20386501,1,210,Male,Above 50,High School,Non-regular
20386601,1,300,Male,40s,College,Regular
20386701,1,320,Male,40s,College,Regular
20386801,5,330,Male,Above 50,High School,Regular
20387001,1,400,Male,40s,High School,Regular
20387101,5,350,Male,40s,College,Regular
20387201,1,280,Male,Above 50,College,Regular
20387203,1,240,Male,30s,College,Regular
20387303,1,190,Female,30s,High School,Regular
20387401,1,200,Male,Above 50,High School,Non-regular
20387501,1,350,Male,Above 50,High School,Regular
20387902,1,200,Female,Above 50,High School,Non-regular
20388101,1,300,Male,Above 50,High School,Non-regular
20388201,1,250,Male,Above 50,High School,Non-regular
20388301,1,100,Male,Above 50,College,Regular
20388304,1,310,Male,30s,College,Regular
20388401,5,530,Male,Above 50,High School,Non-regular
20388402,1,210,Female,Below 30,College,Non-regular
20388701,1,400,Male,40s,High School,Regular
20388702,1,400,Female,40s,High School,Regular
20388801,1,200,Male,Above 50,High School,Regular
20388902,1,350,Female,40s,High School,Regular
20389102,1,360,Female,40s,College,Regular
20389201,5,200,Male,Above 50,College,Regular
20389301,1,700,Male,Above 50,College,Regular
20389402,1,180,Female,Above 50,High School,Non-regular
20389501,1,300,Male,Above 50,College,Regular
20390303,5,240,Male,Above 50,High School,Non-regular
20390401,1,280,Male,Above 50,High School,Non-regular
20390402,1,200,Female,Above 50,High School,Non-regular
20390403,1,180,Female,30s,College,Non-regular
20390601,1,300,Male,40s,College,Regular
20390805,1,200,Male,Below 30,College,Non-regular
20391101,1,290,Male,Above 50,High School,Regular
20391102,5,56,Female,Above 50,High School,Non-regular
20391103,1,200,Female,Below 30,High School,Regular
20391401,1,300,Male,30s,High School,Regular
20391602,1,200,Female,Above 50,High School,Non-regular
20391603,1,25,Female,Below 30,High School,Non-regular
20391701,1,330,Female,30s,College,Regular
20391804,1,460,Male,30s,College,Regular
20392101,1,450,Male,Above 50,College,Regular
20392103,1,340,Male,30s,College,Regular
20393802,5,330,Male,30s,College,Regular
20394202,1,100,Female,Above 50,High School,Non-regular
20394402,1,250,Female,30s,College,Regular
20394403,1,300,Female,30s,College,Regular
20394501,1,500,Male,40s,College,Regular
20394502,1,220,Female,40s,College,Regular
20394703,1,410,Female,30s,College,Regular
20394901,5,261,Male,Above 50,High School,Regular
20395101,1,300,Male,Above 50,High School,Non-regular
20395102,1,210,Female,Above 50,High School,Regular
20395103,1,300,Male,30s,College,Regular
20395801,1,300,Male,Above 50,High School,Non-regular
20396001,1,430,Female,40s,College,Regular
20396004,1,416,Male,30s,College,Regular
20396301,1,270,Female,30s,College,Regular
20396304,1,350,Male,30s,College,Regular
20396501,1,350,Male,40s,College,Non-regular
20396502,5,200,Female,40s,College,Non-regular
20396801,1,300,Male,Above 50,College,Regular
20396901,1,15,Male,Above 50,High School,Non-regular
20397001,1,170,Female,Above 50,High School,Non-regular
20397002,1,230,Female,Below 30,College,Regular
20397101,1,450,Male,40s,College,Non-regular
20397501,1,29,Female,Above 50,High School,Non-regular
20397601,1,170,Male,Above 50,High School,Non-regular
20398201,5,27,Female,Above 50,High School,Non-regular
20398301,5,27,Female,Above 50,High School,Non-regular
20399102,1,250,Female,Above 50,High School,Regular
20399104,1,250,Female,30s,College,Regular
20399105,1,270,Male,30s,College,Non-regular
20399201,1,250,Male,40s,High School,Regular
20399301,1,29,Female,Above 50,High School,Non-regular
20399302,1,120,Male,Above 50,High School,Non-regular
20399401,1,350,Male,Above 50,High School,Non-regular
20399701,1,240,Female,30s,High School,Regular
20399902,1,110,Male,Above 50,High School,Non-regular
20400101,1,240,Female,Above 50,High School,Non-regular
20400201,1,240,Female,Above 50,High School,Non-regular
20400401,1,80,Male,Above 50,High School,Non-regular
20400601,1,350,Male,Above 50,College,Regular
20400602,1,200,Female,Above 50,High School,Regular
20400901,1,500,Male,Above 50,College,Regular
20400902,1,100,Female,Above 50,College,Non-regular
20401001,1,550,Male,40s,College,Regular
20401002,1,420,Female,40s,College,Regular
20401101,1,500,Male,Above 50,College,Regular
20401301,1,400,Male,Above 50,College,Non-regular
20401501,1,230,Male,Above 50,High School,Regular
20401502,1,90,Female,Above 50,High School,Non-regular
20401601,1,250,Male,Above 50,High School,Regular
20401701,1,250,Male,Above 50,High School,Regular
20401901,1,220,Female,30s,College,Non-regular
20401902,1,130,Female,Below 30,High School,Non-regular
20402201,1,300,Male,Above 50,High School,Non-regular
20402202,5,200,Female,Above 50,High School,Regular
20402401,1,240,Male,Above 50,High School,Non-regular
20402404,1,230,Male,30s,College,Regular
20402903,1,330,Male,30s,College,Regular
20403004,1,355,Female,Below 30,College,Regular
20403101,1,1000,Male,Above 50,High School,Regular
20403203,1,170,Female,30s,College,Regular
20403204,5,300,Male,30s,College,Regular
20403601,1,450,Male,Above 50,College,Regular
20405101,1,420,Male,Above 50,College,Regular
20405102,1,200,Female,Above 50,College,Regular
20405301,1,500,Male,Above 50,College,Regular
20405302,1,580,Female,Above 50,College,Regular
20405501,1,660,Male,Above 50,College,Regular
20405502,1,416,Female,Above 50,College,Regular
20405503,5,410,Female,Below 30,College,Regular
20405504,1,330,Female,Below 30,College,Regular
20405602,1,333,Female,40s,College,Regular
20405701,1,750,Male,Above 50,College,Regular
20405702,1,1200,Female,Above 50,College,Regular
20405703,1,330,Male,Below 30,College,Regular
20405801,1,580,Male,Above 50,College,Regular
20405802,1,580,Female,Above 50,High School,Regular
20405902,5,250,Male,40s,High School,Regular
20406001,1,660,Male,40s,College,Regular
20406104,1,180,Female,Below 30,College,Regular
20406702,1,30,Female,Above 50,High School,Non-regular
20406801,5,290,Male,Above 50,High School,Non-regular
20406901,1,200,Male,Above 50,High School,Non-regular
20406903,1,220,Female,30s,College,Regular
20407101,1,380,Male,30s,College,Regular
20407102,5,280,Female,40s,College,Non-regular
20407301,5,230,Female,Below 30,College,Regular
20407401,1,445,Male,30s,College,Regular
20407601,1,565,Male,Above 50,High School,Regular
20407602,1,240,Male,30s,College,Regular
20407901,1,29,Male,Above 50,High School,Non-regular
20408101,5,350,Male,Above 50,High School,Regular
20408201,1,300,Male,Above 50,College,Regular
20408202,5,320,Male,Below 30,College,Regular
20408502,1,240,Male,40s,High School,Non-regular
20408901,1,29,Female,Above 50,High School,Non-regular
20409101,1,145,Female,Above 50,High School,Non-regular
20409301,1,450,Male,Above 50,College,Regular
20409401,1,500,Male,40s,College,Regular
20409402,1,300,Female,40s,College,Regular
20409802,1,215,Female,Above 50,High School,Regular
20410501,1,200,Male,Above 50,High School,Non-regular
20410903,1,800,Male,Above 50,College,Regular
20410904,1,650,Female,Above 50,High School,Regular
20411001,1,250,Female,Above 50,College,Regular
20411101,1,27,Female,Above 50,High School,Non-regular
20411301,1,300,Male,40s,High School,Non-regular
20411302,1,240,Male,40s,High School,Non-regular
20411402,5,27,Female,Above 50,High School,Non-regular
20411601,1,400,Male,Above 50,High School,Non-regular
20411702,5,27,Female,Above 50,High School,Non-regular
20411801,5,250,Female,Above 50,High School,Non-regular
20411902,1,600,Male,Above 50,High School,Regular
20412201,1,380,Male,Above 50,High School,Non-regular
20412202,5,66,Female,Above 50,High School,Non-regular
20412204,5,280,Female,Below 30,College,Regular
20412301,1,330,Male,Above 50,High School,Non-regular
20412501,1,350,Male,40s,College,Non-regular
20412602,1,70,Female,Above 50,High School,Non-regular
20412801,1,320,Male,Above 50,College,Non-regular
20412805,1,250,Male,Below 30,College,Non-regular
20412901,1,250,Female,30s,College,Regular
20413001,5,340,Female,30s,College,Regular
20413002,1,60,Male,30s,College,Regular
20413101,1,400,Male,40s,High School,Regular
20413201,1,260,Female,30s,College,Regular
20413301,5,380,Male,Below 30,College,Non-regular
20413401,1,400,Male,Above 50,College,Regular
20413402,1,250,Female,Above 50,College,Regular
20413901,1,29,Female,Above 50,High School,Non-regular
20414001,1,840,Male,30s,College,Regular
20414002,1,120,Female,30s,College,Regular
20414401,1,270,Male,40s,High School,Regular
20414901,1,50,Male,Above 50,High School,Non-regular
20415001,1,420,Male,40s,College,Regular
20415101,1,450,Male,40s,College,Regular
20415202,1,203,Female,40s,College,Non-regular
20415401,1,560,Male,Above 50,College,Regular
20415405,1,27,Female,Above 50,College,Non-regular
20415901,5,26,Male,Above 50,High School,Non-regular
20415902,1,230,Female,Above 50,High School,Non-regular
20416101,1,156,Male,Above 50,High School,Non-regular
20416201,1,200,Female,Above 50,High School,Non-regular
20416301,1,1200,Male,Above 50,College,Regular
20416303,1,400,Male,Below 30,College,Regular
20416304,1,630,Male,30s,College,Regular
20416402,1,150,Female,Above 50,College,Non-regular
20417001,1,1000,Male,Above 50,College,Regular
20417002,1,330,Female,40s,College,Regular
20417101,1,500,Male,Above 50,College,Regular
20417102,1,140,Female,Above 50,College,Non-regular
20417201,1,1250,Male,Above 50,College,Regular
20417203,5,300,Male,Below 30,College,Regular
20417303,1,300,Female,30s,College,Regular
20417401,1,1000,Male,40s,College,Regular
20417701,1,600,Male,40s,College,Regular
20417801,1,1250,Male,Above 50,College,Regular
20417901,1,500,Male,Above 50,College,Regular
20418101,1,600,Male,40s,College,Regular
20418102,1,250,Female,40s,College,Regular
20418201,1,370,Male,Above 50,College,Regular
20418402,1,80,Female,Above 50,High School,Non-regular
20418501,1,300,Male,Above 50,High School,Non-regular
20418503,1,240,Female,Below 30,College,Regular
20418504,5,202,Male,Below 30,College,Non-regular
20418702,1,145,Female,Above 50,High School,Non-regular
20419001,1,50,Female,Above 50,High School,Non-regular
20419102,1,68,Female,Above 50,High School,Non-regular
20419201,5,288,Male,Above 50,High School,Non-regular
20419301,1,200,Male,40s,High School,Non-regular
20419302,1,200,Female,40s,High School,Non-regular
20419901,1,193,Male,40s,High School,Non-regular
20419902,1,193,Female,40s,High School,Non-regular
20420003,1,200,Female,40s,College,Regular
20420102,1,100,Female,Above 50,High School,Non-regular
20420201,1,480,Male,Above 50,High School,Regular
20420202,1,200,Female,Above 50,High School,Regular
20420301,1,450,Male,Above 50,High School,Regular
20420302,1,150,Female,Above 50,College,Regular
20420304,5,80,Male,Below 30,College,Non-regular
20420801,1,250,Male,Above 50,High School,Regular
20420802,1,120,Female,Above 50,High School,Non-regular
20420803,1,100,Male,30s,College,Non-regular
20421001,5,300,Male,Above 50,High School,Regular
20421004,1,300,Male,Below 30,High School,Regular
20421202,5,70,Female,Above 50,High School,Non-regular
20421601,1,200,Male,Below 30,College,Regular
20422001,1,50,Male,Above 50,College,Non-regular
20422203,1,250,Male,40s,High School,Non-regular
20422401,1,230,Male,Above 50,College,Regular
20422604,5,200,Female,40s,College,Non-regular
20423001,1,1000,Male,Above 50,College,Regular
20423101,1,500,Male,Above 50,College,Regular
20423401,1,230,Male,Above 50,College,Non-regular
20424001,5,70,Female,Above 50,High School,Non-regular
20424301,1,900,Male,Above 50,College,Regular
20424302,1,350,Female,Above 50,College,Regular
20424303,1,300,Male,30s,College,Regular
20424304,1,220,Male,Below 30,College,Regular
20424501,1,540,Male,Above 50,College,Regular
20424502,1,170,Female,40s,College,Non-regular
20424901,1,320,Male,40s,College,Regular
20425101,1,150,Female,Above 50,High School,Non-regular
20425401,1,170,Female,Above 50,High School,Regular
20425402,1,240,Male,Below 30,College,Regular
20425603,1,310,Male,Below 30,College,Regular
20425802,1,180,Male,Above 50,High School,Non-regular
20425902,5,240,Male,Above 50,High School,Non-regular
20426101,1,240,Male,Above 50,High School,Non-regular
20426102,1,140,Female,Above 50,High School,Non-regular
20426103,1,350,Male,Below 30,College,Regular
20426301,1,27,Male,Above 50,High School,Non-regular
20426502,1,200,Male,Above 50,High School,Non-regular
20426701,1,400,Male,Above 50,High School,Regular
20427101,1,500,Male,Above 50,High School,Regular
20427401,1,180,Male,Above 50,College,Non-regular
20427701,1,350,Male,Above 50,College,Non-regular
20427702,1,400,Female,Above 50,High School,Regular
20427802,1,200,Male,Above 50,High School,Non-regular
20428402,1,450,Male,40s,College,Regular
20428503,1,200,Male,40s,High School,Non-regular
20428603,1,250,Female,Above 50,College,Non-regular
20428801,1,250,Male,Above 50,College,Regular
20428802,1,200,Female,40s,College,Non-regular
20428901,1,800,Male,40s,College,Regular
20429001,1,300,Male,40s,College,Regular
20429301,1,450,Male,30s,College,Regular
20429502,1,200,Female,Above 50,High School,Regular
20429601,1,400,Male,Above 50,High School,Non-regular
20429602,1,125,Female,Above 50,College,Non-regular
20429603,1,200,Female,30s,College,Non-regular
20429604,5,240,Female,Below 30,College,Regular
20429605,1,250,Male,Below 30,College,Non-regular
20429702,1,200,Female,40s,College,Regular
20429801,1,250,Male,Above 50,High School,Regular
20429802,1,140,Female,Above 50,High School,Non-regular
20429804,1,350,Male,40s,College,Regular
20429903,1,220,Female,Below 30,College,Regular
20430001,1,350,Male,Above 50,High School,Non-regular
20430004,1,250,Male,30s,College,Regular
20430102,5,200,Female,Above 50,High School,Regular
20430501,5,200,Male,Above 50,High School,Non-regular
20431003,1,230,Female,30s,College,Regular
20431801,1,530,Male,40s,College,Regular
20431802,1,810,Female,30s,College,Non-regular
20432702,1,110,Female,Above 50,High School,Non-regular
20432802,5,90,Female,40s,College,Non-regular
20432901,1,220,Male,Above 50,High School,Regular
20433103,1,200,Female,30s,College,Non-regular
20433201,1,400,Male,Above 50,High School,Regular
20433202,1,184,Female,Above 50,High School,Regular
20433203,1,295,Male,Below 30,College,Non-regular
20433403,1,280,Male,40s,High School,Non-regular
20433702,1,285,Male,Above 50,High School,Non-regular
20433902,1,285,Male,Above 50,High School,Non-regular
20434302,5,206,Female,Above 50,High School,Regular
20434501,1,29,Female,Above 50,High School,Non-regular
20434601,1,27,Male,Above 50,High School,Non-regular
20434602,1,29,Female,Above 50,High School,Non-regular
20434701,1,29,Female,Above 50,High School,Non-regular
20434801,1,108,Female,Above 50,High School,Non-regular
20435201,1,270,Male,40s,College,Regular
20435202,1,185,Female,40s,High School,Regular
20435301,1,190,Male,40s,High School,Non-regular
20435802,1,190,Female,Above 50,High School,Regular
20435901,1,250,Male,Above 50,High School,Regular
20435903,5,190,Female,40s,College,Non-regular
20436003,5,76,Male,Below 30,College,Non-regular
20436101,1,480,Male,30s,College,Regular
20436201,1,800,Male,40s,College,Regular
20436202,1,300,Female,40s,College,Regular
20436501,1,100,Male,40s,High School,Regular
20436601,1,340,Male,40s,High School,Regular
20436602,1,320,Female,40s,High School,Regular
20436701,1,700,Male,Above 50,College,Regular
20436702,1,370,Female,Above 50,College,Regular
20436703,1,230,Female,Below 30,College,Regular
20436704,5,230,Female,Below 30,College,Non-regular
20436901,1,500,Male,Above 50,College,Regular
20436902,5,250,Female,Above 50,College,Regular
20437101,1,480,Male,40s,College,Regular
20437301,1,700,Male,Above 50,College,Regular
20437302,1,235,Female,Above 50,High School,Regular
20437601,1,365,Male,Above 50,High School,Regular
20437602,1,480,Female,Above 50,High School,Regular
20437603,1,350,Male,30s,College,Regular
20437801,1,250,Male,Above 50,High School,Regular
20437901,1,272,Male,Above 50,High School,Regular
20438201,1,229,Female,40s,College,Regular
20438401,1,344,Male,Above 50,College,Regular
20438703,1,400,Male,Below 30,High School,Regular
20438801,1,400,Male,Above 50,College,Non-regular
20438901,1,350,Male,Above 50,High School,Regular
20438902,1,320,Female,Above 50,High School,Regular
20439001,1,120,Male,40s,High School,Non-regular
20439101,1,600,Male,Above 50,High School,Regular
20439103,1,280,Male,30s,College,Regular
20439201,1,300,Female,Above 50,College,Non-regular
20439302,1,300,Female,Above 50,High School,Regular
20439401,1,220,Female,30s,High School,Non-regular
20439402,1,320,Male,30s,High School,Regular
20439501,1,380,Male,Above 50,College,Regular
20439502,1,250,Female,40s,College,Non-regular
20439802,1,200,Female,Above 50,High School,Non-regular
20439901,1,100,Male,Above 50,High School,Regular
20439902,1,160,Female,Above 50,High School,Non-regular
20440002,5,170,Female,40s,High School,Non-regular
20440102,1,75,Female,Above 50,High School,Regular
20440401,1,450,Male,30s,High School,Regular
20440601,1,350,Male,Above 50,College,Regular
20440702,1,240,Female,Above 50,High School,Regular
20440801,1,600,Male,40s,College,Regular
20441001,1,400,Male,40s,College,Regular
20441101,1,500,Male,40s,College,Regular
20441102,1,160,Female,40s,College,Non-regular
20441401,5,200,Male,Above 50,College,Regular
20441402,1,110,Female,Above 50,College,Non-regular
20441504,5,250,Female,Below 30,College,Regular
20441601,1,300,Male,40s,College,Regular
20441901,1,220,Male,Above 50,High School,Regular
20441902,1,160,Female,Above 50,College,Non-regular
20441903,5,220,Male,Below 30,College,Regular
20442203,1,320,Female,40s,College,Regular
20442501,1,500,Male,Above 50,College,Regular
20442502,1,230,Female,40s,College,Regular
20442801,1,250,Female,30s,College,Regular
20442901,1,235,Male,Above 50,High School,Regular
20443001,1,250,Female,Above 50,College,Regular
20443101,5,230,Female,Above 50,High School,Regular
20443301,1,180,Female,Below 30,High School,Regular
20443601,5,520,Male,40s,College,Regular
20443701,1,550,Male,40s,High School,Regular
20443702,1,160,Female,30s,College,Non-regular
20443801,1,680,Male,Above 50,College,Regular
20444001,1,530,Male,Above 50,College,Regular
20444101,1,600,Male,Above 50,High School,Regular
20444201,1,600,Male,40s,High School,Non-regular
20444301,1,520,Male,40s,College,Regular
20444401,1,350,Male,40s,College,Regular
20444602,1,200,Female,Above 50,High School,Regular
20444801,5,320,Female,Below 30,College,Regular
20445201,5,190,Male,40s,College,Non-regular
20445302,1,194,Female,Above 50,College,Non-regular
20445501,1,430,Male,40s,High School,Regular
20445601,1,400,Male,40s,College,Regular
20445701,5,400,Male,40s,College,Regular
20445801,1,210,Male,Above 50,College,Regular
20445802,1,210,Female,40s,High School,Regular
20445901,5,200,Male,Above 50,College,Non-regular
20446002,1,250,Female,40s,College,Non-regular
20446102,1,30,Female,40s,College,Non-regular
20446802,1,40,Female,Above 50,High School,Non-regular
20447603,1,350,Male,40s,High School,Regular
20447702,1,350,Male,Above 50,High School,Regular
20447801,1,200,Female,40s,High School,Non-regular
20447802,1,300,Male,Above 50,High School,Regular
20447902,1,450,Male,40s,College,Regular
20448001,1,230,Female,40s,High School,Regular
20448101,1,200,Female,Above 50,College,Non-regular
20448102,1,200,Male,Above 50,College,Non-regular
20448301,5,200,Male,Above 50,High School,Non-regular
20448302,1,200,Female,Above 50,High School,Non-regular
20448701,1,300,Male,Above 50,College,Non-regular
20448702,1,200,Female,Above 50,College,Regular
20448703,1,287,Male,30s,High School,Regular
20448802,1,400,Male,40s,High School,Non-regular
20449001,1,500,Male,Above 50,High School,Regular
20449003,1,350,Male,30s,College,Regular
20449004,1,280,Male,Below 30,College,Regular
20449101,1,395,Male,30s,High School,Regular
20449301,1,240,Male,Above 50,High School,Non-regular
20449302,1,200,Female,Above 50,High School,Regular
20449701,1,470,Male,40s,College,Regular
20449702,1,500,Female,40s,College,Regular
20449801,1,320,Male,40s,College,Regular
20449802,5,300,Female,40s,College,Non-regular
20450001,1,300,Female,30s,College,Regular
20450101,1,360,Male,Above 50,High School,Regular
20450103,1,280,Male,Below 30,College,Regular
20450202,1,200,Female,Above 50,High School,Regular
20450801,1,30,Male,Above 50,High School,Non-regular
20451301,1,250,Male,30s,High School,Regular
20451302,1,600,Female,30s,College,Regular
20451401,1,150,Male,Above 50,High School,Non-regular
20451501,1,350,Male,40s,High School,Regular
20451601,1,200,Male,Above 50,High School,Regular
20451701,1,400,Male,Above 50,College,Regular
20452101,1,330,Male,Above 50,High School,Non-regular
20452103,1,280,Female,Below 30,High School,Regular
20452301,1,450,Male,Above 50,High School,Regular
20452401,1,300,Female,30s,College,Regular
20452402,1,250,Male,30s,College,Regular
20452501,1,200,Male,30s,College,Non-regular
20452701,1,350,Male,Above 50,High School,Non-regular
20453001,1,200,Female,40s,College,Non-regular
20453002,1,250,Male,40s,High School,Regular
20453301,1,200,Male,Above 50,High School,Non-regular
20453302,1,200,Female,Above 50,High School,Non-regular
20453303,1,180,Female,Below 30,College,Regular
20453502,1,200,Female,Above 50,High School,Non-regular
20453601,1,220,Male,Above 50,High School,Non-regular
20453701,1,235,Male,Above 50,High School,Regular
20453902,1,200,Female,30s,College,Non-regular
20454001,1,250,Male,30s,College,Regular
20454002,1,250,Female,30s,College,Regular
20454102,1,260,Female,Above 50,College,Non-regular
20454103,1,180,Female,Below 30,College,Non-regular
20454104,1,210,Male,Below 30,College,Regular
20454201,1,480,Male,Above 50,College,Regular
20454301,1,280,Male,Above 50,High School,Regular
20454302,1,190,Female,Above 50,High School,Regular
20454504,1,80,Female,Below 30,High School,Non-regular
20454601,1,330,Male,40s,College,Regular
20454704,1,300,Male,40s,College,Regular
20454901,1,500,Male,Above 50,College,Regular
20454903,1,300,Male,Below 30,College,Regular
20455001,1,500,Male,Above 50,College,Regular
20455003,1,250,Female,30s,College,Regular
20455004,5,200,Male,Below 30,College,Regular
20455201,1,27,Female,Above 50,High School,Non-regular
20455202,1,30,Male,40s,High School,Non-regular
20455302,1,165,Female,30s,College,Regular
20456102,1,30,Female,Above 50,College,Non-regular
20456103,1,230,Female,30s,College,Regular
20456404,1,300,Male,Below 30,College,Regular
20456501,1,27,Male,Above 50,High School,Non-regular
20456503,1,230,Female,Below 30,College,Regular
20456601,1,350,Male,Above 50,College,Regular
20457001,1,900,Male,Above 50,High School,Regular
20457102,1,250,Female,40s,High School,Regular
20457201,1,400,Male,40s,College,Non-regular
20457202,1,100,Female,40s,College,Non-regular
20457301,1,520,Male,40s,College,Regular
20457302,5,250,Female,40s,College,Regular
20457401,5,500,Male,40s,College,Regular
20457402,1,220,Female,40s,College,Regular
20457501,1,430,Male,40s,College,Regular
20457601,1,700,Male,30s,High School,Regular
20457602,1,130,Female,40s,College,Non-regular
20457701,5,700,Male,40s,College,Regular
20457801,1,750,Male,Above 50,College,Regular
20457802,5,330,Female,40s,High School,Regular
20458101,1,215,Female,Above 50,High School,Regular
20458301,1,370,Male,Above 50,High School,Regular
20458302,1,180,Female,Above 50,High School,Regular
20458701,1,150,Male,Above 50,High School,Non-regular
20458702,1,255,Female,Above 50,High School,Non-regular
20458703,1,280,Male,Below 30,College,Regular
20458801,1,225,Male,Above 50,High School,Non-regular
20459002,1,160,Female,Above 50,High School,Non-regular
20459201,1,37,Male,Above 50,High School,Non-regular
20459203,1,203,Male,40s,High School,Regular
20459403,1,240,Male,40s,High School,Regular
20459502,1,145,Female,Above 50,High School,Non-regular
20459602,1,87,Female,Above 50,High School,Non-regular
20460003,1,240,Male,Above 50,High School,Regular
20460201,1,380,Male,Above 50,College,Regular
20460202,1,203,Female,40s,College,Regular
20460701,1,380,Male,Above 50,High School,Regular
20460703,1,238,Female,Below 30,College,Non-regular
20460801,1,510,Male,Above 50,College,Regular
20461001,1,380,Male,Above 50,College,Regular
20461004,1,318,Female,Below 30,College,Regular
20461103,5,380,Female,Below 30,College,Regular
20461202,1,220,Female,40s,High School,Regular
20461301,1,223,Male,Above 50,High School,Non-regular
20461402,5,100,Female,40s,College,Non-regular
20461901,1,194,Male,Above 50,High School,Non-regular
20462002,1,200,Female,Above 50,High School,Non-regular
20462501,5,146,Male,Above 50,High School,Non-regular
20462601,1,380,Male,40s,High School,Non-regular
20462802,1,146,Female,Above 50,High School,Non-regular
20463001,1,285,Male,30s,High School,Regular
20463002,1,204,Female,30s,High School,Regular
20463201,1,185,Male,Above 50,High School,Non-regular
20463301,1,470,Male,40s,College,Regular
20463801,1,520,Male,40s,College,Regular
20463901,1,222,Male,Above 50,High School,Regular
20464201,1,570,Male,40s,College,Regular
20464202,1,382,Female,40s,College,Regular
20464501,5,200,Male,Above 50,College,Non-regular
20464601,1,700,Male,Above 50,College,Regular
20464701,1,300,Male,Above 50,College,Regular
20464702,1,70,Female,Above 50,High School,Non-regular
20464902,1,75,Female,Above 50,High School,Non-regular
20465102,1,230,Female,40s,High School,Regular
20465201,5,150,Female,Above 50,High School,Non-regular
20465301,1,440,Male,30s,College,Regular
20465501,1,480,Male,Above 50,College,Regular
20465601,1,850,Male,30s,College,Regular
20465602,1,430,Female,30s,College,Regular
20465701,1,480,Male,40s,High School,Regular
20465801,1,290,Male,40s,College,Regular
20465802,5,210,Female,40s,College,Regular
20466101,1,350,Male,30s,College,Regular
20466401,5,200,Female,Above 50,College,Non-regular
20466501,1,300,Female,40s,College,Non-regular
20466601,1,170,Female,Above 50,High School,Non-regular
20466801,1,400,Male,Above 50,College,Regular
20466802,1,200,Female,Above 50,High School,Regular
20466901,1,200,Female,Above 50,High School,Regular
20467001,1,250,Female,40s,High School,Regular
20467203,1,250,Female,40s,College,Regular
20467301,1,27,Female,Above 50,High School,Non-regular
20467302,1,200,Male,Below 30,High School,Non-regular
20467503,1,250,Female,30s,College,Regular
20467701,1,300,Female,Above 50,College,Non-regular
20467802,1,600,Male,Above 50,College,Regular
20467901,1,240,Female,Above 50,College,Non-regular
20467902,5,480,Male,Above 50,College,Regular
20467903,1,95,Female,Below 30,College,Non-regular
20468001,1,200,Male,Above 50,College,Regular
20468003,1,700,Male,Above 50,College,Regular
20468201,1,550,Male,40s,College,Regular
20468202,5,160,Female,40s,College,Regular
20468402,1,600,Male,Above 50,College,Non-regular
20468403,1,400,Male,30s,College,Regular
20468404,1,250,Male,30s,College,Regular
20468701,1,500,Male,Above 50,College,Regular
20469001,5,108,Female,Above 50,College,Non-regular
20469301,5,220,Female,Above 50,High School,Regular
20469602,5,80,Female,Above 50,High School,Non-regular
20469603,5,280,Male,30s,High School,Regular
20469701,1,100,Female,Above 50,High School,Non-regular
20470203,5,400,Male,40s,College,Regular
20470303,1,350,Male,30s,College,Regular
20471101,1,240,Male,Above 50,High School,Non-regular
20471401,1,213,Female,30s,College,Regular
20471402,1,243,Male,30s,College,Regular
20471701,1,243,Male,30s,College,Regular
20472002,1,260,Male,40s,High School,Non-regular
20472101,1,27,Female,Above 50,High School,Non-regular
20472202,1,230,Female,Above 50,High School,Regular
20472402,1,90,Female,Above 50,High School,Non-regular
20472502,5,29,Female,Above 50,High School,Non-regular
20472601,1,200,Female,Above 50,High School,Non-regular
20472701,1,500,Male,Above 50,High School,Regular
20472702,1,350,Female,Above 50,High School,Regular
20473101,1,380,Male,40s,College,Regular
20473201,1,380,Male,Above 50,College,Regular
20473202,1,250,Female,Above 50,College,Regular
20473401,1,400,Male,Above 50,College,Regular
20473801,1,220,Female,40s,College,Regular
20473901,1,120,Female,Above 50,College,Non-regular
20474001,1,220,Male,40s,High School,Regular
20474101,1,600,Female,30s,College,Regular
20474201,1,400,Male,30s,College,Regular
20474601,1,29,Female,Above 50,High School,Non-regular
20474701,1,300,Male,Above 50,College,Regular
20474702,1,300,Female,40s,College,Regular
20475001,1,290,Female,Below 30,College,Regular
20475002,1,280,Male,Below 30,College,Regular
20475202,1,475,Female,Above 50,College,Regular
20475203,1,500,Male,30s,College,Regular
20475601,1,358,Female,30s,College,Regular
20475602,5,588,Male,30s,College,Regular
20475901,1,206,Female,Above 50,High School,Non-regular
20477402,5,220,Female,Above 50,High School,Regular
20477502,1,380,Male,40s,College,Regular
20477701,1,198,Male,Above 50,High School,Regular
20477702,1,190,Female,Above 50,High School,Non-regular
20478402,5,370,Female,40s,High School,Regular
20478602,5,110,Female,40s,College,Non-regular
20478701,1,600,Male,40s,High School,Regular
20478801,1,360,Male,40s,High School,Regular
20478802,5,210,Female,40s,College,Regular
20478901,5,200,Male,40s,College,Non-regular
20478902,1,190,Female,40s,College,Regular
20479001,1,650,Male,40s,College,Regular
20479102,1,550,Female,40s,College,Regular
20479201,1,450,Male,40s,College,Regular
20479401,1,150,Female,Above 50,High School,Non-regular
20479501,1,160,Male,Above 50,College,Regular
20480001,1,29,Male,Above 50,High School,Non-regular
20480102,1,330,Female,Above 50,College,Regular
20480202,1,270,Female,Above 50,High School,Regular
20480401,1,390,Male,40s,High School,Regular
20480402,5,210,Female,40s,High School,Non-regular
20480701,1,570,Male,Above 50,College,Regular
20480901,1,29,Male,Above 50,High School,Non-regular
20481201,1,530,Male,Above 50,High School,Regular
20481302,1,450,Female,40s,High School,Non-regular
20481303,5,59,Female,Below 30,College,Non-regular
20481402,1,200,Female,Above 50,High School,Regular
20481403,5,55,Female,Below 30,High School,Non-regular
20481602,1,70,Female,Above 50,High School,Non-regular
20481801,1,240,Male,40s,College,Non-regular
20481802,1,145,Female,40s,College,Non-regular
20482001,1,650,Male,Above 50,College,Regular
20482201,1,240,Male,Above 50,High School,Non-regular
20483001,1,27,Male,Above 50,High School,Non-regular
20483301,1,70,Female,Above 50,High School,Non-regular
20483501,1,150,Female,Above 50,High School,Non-regular
20483702,1,250,Female,Above 50,High School,Regular
20483801,1,600,Male,40s,College,Regular
20484202,5,29,Female,Above 50,High School,Non-regular
20484502,5,70,Female,Above 50,High School,Non-regular
20485001,1,380,Female,Above 50,College,Regular
20485401,1,230,Female,Above 50,College,Non-regular
20485402,1,210,Male,Below 30,College,Regular
20485701,1,450,Female,Above 50,College,Non-regular
20485702,1,250,Male,Above 50,College,Non-regular
20485704,5,270,Male,30s,College,Regular
20485801,1,300,Male,40s,High School,Regular
20485802,1,250,Female,30s,High School,Regular
20485901,1,200,Male,30s,High School,Non-regular
20486001,1,200,Female,Above 50,High School,Regular
20486002,1,300,Male,Above 50,High School,Non-regular
20486003,1,170,Male,Below 30,College,Non-regular
20486101,1,29,Female,Above 50,High School,Non-regular
20486201,1,180,Female,Above 50,High School,Non-regular
20486202,1,220,Male,Above 50,College,Regular
20486301,1,200,Male,Above 50,High School,Non-regular
20486401,1,250,Female,Above 50,High School,Non-regular
20486402,5,250,Male,Above 50,High School,Regular
20486404,1,300,Female,30s,College,Regular
20486603,1,270,Female,40s,College,Regular
20486801,1,160,Female,Above 50,High School,Regular
20486804,1,240,Female,30s,High School,Regular
20486805,1,200,Male,Below 30,College,Regular
20486901,1,220,Male,Above 50,High School,Regular
20486902,1,180,Female,Above 50,High School,Regular
20487102,1,300,Male,40s,College,Regular
20487501,1,50,Female,Above 50,High School,Non-regular
20487502,1,180,Male,Above 50,High School,Non-regular
20487503,1,200,Female,30s,College,Regular
20487901,1,500,Male,Above 50,High School,Regular
20488001,1,650,Male,40s,College,Regular
20488201,1,280,Male,Above 50,High School,Regular
20488202,1,200,Female,Above 50,High School,Non-regular
20488302,1,27,Female,Above 50,High School,Non-regular
20488502,1,200,Female,Above 50,High School,Regular
20488801,5,98,Female,Above 50,College,Non-regular
20489002,1,240,Male,Above 50,High School,Non-regular
20489301,1,247,Female,Below 30,High School,Regular
20489401,1,430,Female,30s,College,Regular
20489602,1,250,Male,Below 30,College,Non-regular
20489701,1,570,Male,40s,College,Regular
20489901,1,28,Male,Above 50,High School,Non-regular
20490001,1,420,Male,40s,College,Regular
20490202,5,120,Male,Above 50,High School,Non-regular
20490303,5,230,Female,Below 30,College,Regular
20490502,1,100,Female,Above 50,High School,Non-regular
20490601,1,500,Male,40s,High School,Regular
20490701,1,380,Male,30s,College,Regular
20490702,1,350,Female,30s,College,Regular
20490802,5,240,Female,40s,College,Regular
20490803,5,64,Female,Below 30,College,Non-regular
20490804,5,250,Male,Below 30,High School,Regular
20490901,1,300,Male,40s,High School,Regular
20491002,1,180,Female,Above 50,High School,Non-regular
20491003,5,200,Male,40s,College,Regular
20491101,1,400,Male,30s,College,Non-regular
20491102,1,80,Female,40s,College,Non-regular
20491203,1,250,Male,40s,College,Regular
20491302,1,200,Female,Above 50,High School,Non-regular
20491901,1,29,Female,Above 50,High School,Non-regular
20492001,1,200,Male,Above 50,College,Regular
20492002,5,190,Female,Above 50,College,Non-regular
20492202,5,72,Female,40s,College,Non-regular
20492203,1,270,Male,Below 30,College,Regular
20492301,1,800,Male,40s,College,Regular
20492302,1,700,Female,40s,College,Regular
20492501,1,830,Male,40s,College,Regular
20492502,1,600,Female,40s,College,Regular
20492601,1,450,Male,Above 50,College,Regular
20492701,1,700,Male,Above 50,College,Regular
20492702,1,200,Female,Above 50,College,Non-regular
20492801,1,800,Male,Above 50,College,Regular
20493003,1,450,Female,Below 30,College,Regular
20493004,5,330,Male,Below 30,College,Regular
20493101,1,230,Female,30s,College,Regular
20493301,1,480,Male,40s,College,Regular
20493502,1,130,Female,Above 50,High School,Non-regular
20493803,1,250,Female,30s,High School,Regular
20493901,1,180,Female,Above 50,High School,Non-regular
20493902,1,120,Female,Below 30,High School,Non-regular
20494103,1,390,Male,40s,College,Non-regular
20494201,1,275,Male,Above 50,College,Regular
20494202,1,248,Female,Above 50,High School,Regular
20494404,5,250,Female,Below 30,College,Regular
20494702,1,340,Female,40s,College,Regular
20494801,1,160,Female,40s,High School,Non-regular
20495002,1,435,Female,40s,College,Regular
20495101,1,453,Male,30s,High School,Regular
20495102,1,338,Female,30s,High School,Non-regular
20495201,1,564,Male,Above 50,High School,Regular
20495203,1,240,Female,30s,College,Regular
20495301,1,465,Male,40s,College,Regular
20495401,1,300,Male,40s,High School,Regular
20495403,5,310,Male,Below 30,College,Regular
20495501,1,560,Male,40s,College,Regular
20495601,1,600,Male,40s,College,Regular
20496001,5,220,Female,Above 50,College,Regular
20496002,1,300,Male,Below 30,College,Regular
20496101,1,540,Male,Above 50,College,Regular
20496102,1,120,Female,Above 50,College,Non-regular
20496201,1,260,Male,Above 50,High School,Non-regular
20496401,1,80,Male,Above 50,High School,Non-regular
20496501,1,200,Male,Above 50,College,Non-regular
20496601,1,310,Male,40s,College,Regular
20496602,1,240,Female,40s,High School,Non-regular
20496701,1,130,Female,40s,High School,Non-regular
20496802,5,178,Female,40s,High School,Regular
20497001,1,350,Male,Above 50,High School,Non-regular
20497002,1,180,Female,Above 50,High School,Non-regular
20497101,1,320,Male,30s,High School,Regular
20497102,1,210,Female,30s,College,Regular
20497202,1,100,Female,40s,High School,Non-regular
20497301,1,160,Male,Above 50,High School,Non-regular
20497601,1,500,Male,Above 50,College,Non-regular
20497602,5,180,Female,40s,High School,Non-regular
20497603,5,45,Female,Below 30,College,Non-regular
20497606,1,150,Female,Above 50,High School,Non-regular
20497801,1,200,Male,Above 50,High School,Non-regular
20498001,1,350,Male,40s,High School,Regular
20498002,1,240,Female,40s,High School,Non-regular
20498003,5,250,Female,Below 30,High School,Regular
20498401,1,210,Female,Above 50,High School,Non-regular
20498402,1,210,Female,30s,High School,Non-regular
20498501,1,200,Male,Above 50,High School,Non-regular
20498503,5,220,Female,Below 30,College,Regular
20498504,5,320,Female,Below 30,College,Regular
20498601,1,450,Male,Above 50,High School,Regular
20498701,1,324,Male,30s,College,Regular
20498702,1,220,Female,30s,College,Regular
20498901,1,293,Male,Above 50,High School,Regular
20499001,1,280,Male,30s,College,Regular
20499101,5,396,Male,40s,College,Non-regular
20499203,1,250,Male,40s,College,Regular
20499301,1,232,Male,Above 50,College,Regular
20499302,1,230,Female,40s,College,Non-regular
20499401,1,100,Female,Above 50,High School,Non-regular
20499501,1,350,Male,Above 50,High School,Regular
20499502,1,200,Female,Above 50,High School,Non-regular
20499601,1,230,Male,Above 50,College,Regular
20499602,1,192,Female,Above 50,High School,Non-regular
20499603,5,160,Male,30s,College,Regular
20500003,1,320,Male,30s,College,Regular
20500102,5,200,Female,Above 50,High School,Regular
20500104,1,238,Male,Below 30,College,Regular
20500201,1,340,Male,30s,College,Regular
20500202,1,250,Female,30s,College,Regular
20500401,5,290,Male,Above 50,High School,Non-regular
20500501,1,240,Female,Above 50,High School,Non-regular
20500701,1,260,Male,Above 50,High School,Non-regular
20500702,1,80,Female,Above 50,High School,Non-regular
20500901,1,440,Male,Above 50,College,Regular
20501202,5,35,Male,Above 50,High School,Non-regular
20501401,1,230,Female,Above 50,High School,Regular
20501402,1,400,Male,Above 50,High School,Regular
20501403,1,270,Female,30s,College,Regular
20501404,1,240,Male,Below 30,College,Regular
20501501,1,350,Male,40s,High School,Regular
20501602,1,300,Female,30s,College,Regular
20501801,1,700,Male,Above 50,College,Regular
20502001,1,380,Male,Above 50,High School,Regular
20502101,1,470,Male,Above 50,College,Regular
20502201,1,700,Male,Above 50,High School,Regular
20502302,1,230,Female,Above 50,High School,Regular
20502401,1,300,Male,40s,High School,Regular
20502701,1,680,Male,Above 50,High School,Regular
20503301,1,240,Male,Above 50,High School,Regular
20503302,1,116,Female,Above 50,High School,Regular
21000102,1,450,Male,40s,High School,Regular
21000202,1,300,Male,30s,College,Regular
21000302,5,220,Female,30s,College,Regular
21000502,1,360,Male,40s,College,Regular
21000602,1,250,Male,30s,College,Regular
21001102,5,230,Male,30s,College,Regular
21001902,1,330,Male,30s,High School,Regular
21002402,1,290,Male,30s,College,Regular
21002502,5,380,Male,30s,College,Regular
21002702,1,604,Male,40s,College,Regular
21003802,1,220,Male,30s,College,Regular
21006502,5,290,Female,30s,College,Non-regular
21007102,1,300,Male,30s,College,Regular
21007302,5,275,Female,Below 30,College,Regular
21007402,1,600,Female,30s,College,Regular
21008002,1,450,Male,30s,College,Regular
21008402,1,200,Female,30s,High School,Regular
21010102,1,210,Male,30s,College,Non-regular
21011902,5,280,Male,30s,College,Regular
21015102,1,260,Male,30s,College,Regular
21015202,1,380,Male,30s,College,Regular
21015402,1,300,Male,40s,College,Regular
21015602,1,300,Male,40s,College,Regular
21016002,1,450,Male,Below 30,College,Regular
21017302,1,310,Male,30s,College,Regular
21017402,1,250,Female,30s,College,Regular
21017802,1,300,Male,40s,College,Regular
21018602,1,450,Male,40s,College,Regular
21018702,1,275,Female,Below 30,High School,Regular
21020703,5,297,Female,Below 30,College,Regular
21021104,1,400,Male,Above 50,College,Regular
21025302,1,200,Female,30s,College,Regular
21026202,1,450,Female,30s,College,Regular
21026302,1,400,Male,30s,College,Regular
21026402,1,500,Male,30s,College,Regular
21027402,1,220,Female,30s,College,Regular
21027602,1,230,Male,30s,College,Regular
21027802,1,645,Male,30s,College,Regular
21029102,1,580,Male,30s,College,Regular
21029302,1,350,Female,30s,College,Regular
21030002,1,300,Male,30s,College,Regular
21036702,1,450,Male,30s,College,Regular
21037002,1,250,Female,30s,College,Regular
21037402,1,250,Female,30s,College,Regular
21038302,5,280,Female,30s,College,Non-regular
21038902,5,250,Male,Below 30,College,Regular
21039302,1,270,Female,30s,College,Regular
21039402,1,250,Female,Below 30,College,Regular
21045602,5,400,Male,30s,College,Regular
21046202,5,280,Male,30s,High School,Regular
21046802,5,265,Female,Below 30,College,Regular
21047902,5,250,Male,Below 30,College,Regular
21048102,5,430,Male,30s,College,Regular
