변환,원자료
"2000/01/04","1,059.04"
"2000/01/05","986.31"
"2000/01/06","960.79"
"2000/01/07","948.65"
"2000/01/08","948.65"
"2000/01/10","987.24"
"2000/01/11","981.33"
"2000/01/12","955.01"
"2000/01/13","951.05"
"2000/01/14","948.03"
"2000/01/15","948.03"
"2000/01/17","983.27"
"2000/01/18","981.53"
"2000/01/19","938.78"
"2000/01/20","945.90"
"2000/01/21","925.16"
"2000/01/22","925.16"
"2000/01/24","926.77"
"2000/01/25","891.22"
"2000/01/26","885.54"
"2000/01/27","909.23"
"2000/01/28","941.67"
"2000/01/29","941.67"
"2000/01/31","943.88"
"2000/02/01","928.75"
"2000/02/02","943.59"
"2000/02/03","950.22"
"2000/02/07","973.13"
"2000/02/08","961.22"
"2000/02/09","976.05"
"2000/02/10","966.18"
"2000/02/11","953.22"
"2000/02/12","953.22"
"2000/02/14","910.87"
"2000/02/15","879.70"
"2000/02/16","879.50"
"2000/02/17","897.52"
"2000/02/18","879.14"
"2000/02/19","879.14"
"2000/02/21","845.32"
"2000/02/22","850.02"
"2000/02/23","880.67"
"2000/02/24","867.37"
"2000/02/25","864.76"
"2000/02/26","864.76"
"2000/02/28","819.01"
"2000/02/29","828.38"
"2000/03/02","894.66"
"2000/03/03","894.83"
"2000/03/04",""
"2000/03/06","909.33"
"2000/03/07","907.34"
"2000/03/08","915.94"
"2000/03/09","884.59"
"2000/03/10","891.36"
"2000/03/11",""
"2000/03/13","854.66"
"2000/03/14","846.74"
"2000/03/15","837.53"
"2000/03/16","841.22"
"2000/03/17","855.57"
"2000/03/18",""
"2000/03/20","850.51"
"2000/03/21","863.41"
"2000/03/22","882.43"
"2000/03/23","867.62"
"2000/03/24","889.24"
"2000/03/25",""
"2000/03/27","886.71"
"2000/03/28","891.29"
"2000/03/29","908.51"
"2000/03/30","889.95"
"2000/03/31","860.94"
"2000/04/01",""
"2000/04/03","846.44"
"2000/04/04","830.16"
"2000/04/06","804.35"
"2000/04/07","837.38"
"2000/04/08",""
"2000/04/10","870.17"
"2000/04/11","855.05"
"2000/04/12","837.01"
"2000/04/14","800.89"
"2000/04/15",""
"2000/04/17","707.72"
"2000/04/18","747.30"
"2000/04/19","755.08"
"2000/04/20","761.25"
"2000/04/21","767.16"
"2000/04/22",""
"2000/04/24","747.58"
"2000/04/25","737.20"
"2000/04/26","713.23"
"2000/04/27","692.07"
"2000/04/28","725.39"
"2000/04/29",""
"2000/05/02","752.59"
"2000/05/03","752.76"
"2000/05/04","751.29"
"2000/05/06",""
"2000/05/08","770.24"
"2000/05/09","760.85"
"2000/05/10","759.51"
"2000/05/12","740.30"
"2000/05/13",""
"2000/05/15","728.67"
"2000/05/16","746.77"
"2000/05/17","727.18"
"2000/05/18","712.95"
"2000/05/19","730.68"
"2000/05/20",""
"2000/05/22","691.61"
"2000/05/23","679.76"
"2000/05/24","674.95"
"2000/05/25","699.53"
"2000/05/26","656.66"
"2000/05/27",""
"2000/05/29","655.93"
"2000/05/30","691.26"
"2000/05/31","731.88"
"2000/06/01","738.49"
"2000/06/02","760.69"
"2000/06/03",""
"2000/06/05","794.21"
"2000/06/07","822.54"
"2000/06/08","800.11"
"2000/06/09","836.40"
"2000/06/10",""
"2000/06/12","845.81"
"2000/06/13","804.45"
"2000/06/14","819.27"
"2000/06/15","770.95"
"2000/06/16","759.04"
"2000/06/17","759.04"
"2000/06/19","755.38"
"2000/06/20","785.32"
"2000/06/21","781.87"
"2000/06/22","782.24"
"2000/06/23","778.94"
"2000/06/24","778.94"
"2000/06/26","791.55"
"2000/06/27","809.87"
"2000/06/28","818.73"
"2000/06/29","818.90"
"2000/06/30","821.22"
"2000/07/01","821.22"
"2000/07/03","835.21"
"2000/07/04","818.53"
"2000/07/05","830.40"
"2000/07/06","837.63"
"2000/07/07","841.74"
"2000/07/08",""
"2000/07/10","851.47"
"2000/07/11","836.86"
"2000/07/12","839.76"
"2000/07/13","845.75"
"2000/07/14","827.95"
"2000/07/15",""
"2000/07/18","812.33"
"2000/07/19","797.30"
"2000/07/20","778.90"
"2000/07/21","783.06"
"2000/07/22",""
"2000/07/24","737.89"
"2000/07/25","737.64"
"2000/07/26","743.84"
"2000/07/27","727.68"
"2000/07/28","692.65"
"2000/07/29",""
"2000/07/31","705.97"
"2000/08/01","727.10"
"2000/08/02","728.33"
"2000/08/03","722.08"
"2000/08/04","710.00"
"2000/08/05",""
"2000/08/07","675.59"
"2000/08/08","666.08"
"2000/08/09","710.23"
"2000/08/10","729.28"
"2000/08/11","722.21"
"2000/08/12",""
"2000/08/14","733.25"
"2000/08/16","751.14"
"2000/08/17","743.49"
"2000/08/18","728.32"
"2000/08/19",""
"2000/08/21","722.58"
"2000/08/22","738.61"
"2000/08/23","719.79"
"2000/08/24","718.86"
"2000/08/25","729.80"
"2000/08/26",""
"2000/08/28","731.81"
"2000/08/29","731.56"
"2000/08/30","718.93"
"2000/08/31","688.62"
"2000/09/01","692.19"
"2000/09/02",""
"2000/09/04","681.30"
"2000/09/05","679.24"
"2000/09/06","676.69"
"2000/09/07","656.37"
"2000/09/08","653.68"
"2000/09/09",""
"2000/09/14","650.14"
"2000/09/15","628.20"
"2000/09/16",""
"2000/09/18","577.56"
"2000/09/19","571.17"
"2000/09/20","606.08"
"2000/09/21","595.99"
"2000/09/22","553.25"
"2000/09/23",""
"2000/09/25","584.63"
"2000/09/26","587.60"
"2000/09/27","599.31"
"2000/09/28","605.85"
"2000/09/29","613.22"
"2000/09/30",""
"2000/10/02","589.22"
"2000/10/04","598.42"
"2000/10/05","606.79"
"2000/10/06","608.85"
"2000/10/07",""
"2000/10/09","589.18"
"2000/10/10","588.34"
"2000/10/11","557.18"
"2000/10/12","534.71"
"2000/10/13","524.60"
"2000/10/14",""
"2000/10/16","550.10"
"2000/10/17","512.85"
"2000/10/18","514.17"
"2000/10/19","515.04"
"2000/10/20","545.97"
"2000/10/21",""
"2000/10/23","528.37"
"2000/10/24","545.05"
"2000/10/25","542.33"
"2000/10/26","523.67"
"2000/10/27","515.34"
"2000/10/28",""
"2000/10/30","504.73"
"2000/10/31","514.48"
"2000/11/01","548.76"
"2000/11/02","558.10"
"2000/11/03","560.41"
"2000/11/04",""
"2000/11/06","556.66"
"2000/11/07","553.35"
"2000/11/08","558.09"
"2000/11/09","560.66"
"2000/11/10","565.18"
"2000/11/11",""
"2000/11/13","538.94"
"2000/11/14","552.99"
"2000/11/15","557.48"
"2000/11/16","555.04"
"2000/11/17","551.26"
"2000/11/18",""
"2000/11/20","537.40"
"2000/11/21","531.45"
"2000/11/22","522.33"
"2000/11/23","514.31"
"2000/11/24","530.84"
"2000/11/25",""
"2000/11/27","554.04"
"2000/11/28","536.94"
"2000/11/29","516.44"
"2000/11/30","509.23"
"2000/12/01","514.46"
"2000/12/04","501.73"
"2000/12/05","516.96"
"2000/12/06","517.89"
"2000/12/07","523.78"
"2000/12/08","534.81"
"2000/12/11","554.80"
"2000/12/12","543.08"
"2000/12/13","557.84"
"2000/12/14","547.38"
"2000/12/15","534.00"
"2000/12/18","539.27"
"2000/12/19","530.80"
"2000/12/20","514.21"
"2000/12/21","511.90"
"2000/12/22","500.60"
"2000/12/26","504.62"
"2000/12/27",""
"2000/12/28",""
"2000/12/29",""
"2001/01/02","520.95"
"2001/01/03","521.43"
"2001/01/04","558.02"
"2001/01/05","580.85"
"2001/01/08","586.65"
"2001/01/09","589.92"
"2001/01/10","560.81"
"2001/01/11","561.79"
"2001/01/12","587.87"
"2001/01/15","599.00"
"2001/01/16","603.42"
"2001/01/17","595.83"
"2001/01/18","604.05"
"2001/01/19","619.78"
"2001/01/22","627.45"
"2001/01/26","591.73"
"2001/01/29","596.54"
"2001/01/30","591.34"
"2001/01/31","617.91"
"2001/02/01","612.30"
"2001/02/02","608.48"
"2001/02/05","579.16"
"2001/02/06","586.58"
"2001/02/07","576.19"
"2001/02/08","591.57"
"2001/02/09","595.47"
"2001/02/12","599.20"
"2001/02/13","598.78"
"2001/02/14","603.83"
"2001/02/15","603.63"
"2001/02/16","604.92"
"2001/02/19","596.67"
"2001/02/20","608.74"
"2001/02/21","594.53"
"2001/02/22","583.41"
"2001/02/23","583.52"
"2001/02/26","585.32"
"2001/02/27","577.57"
"2001/02/28","578.10"
"2001/03/02","559.44"
"2001/03/05","565.38"
"2001/03/06","568.15"
"2001/03/07","568.64"
"2001/03/08","579.28"
"2001/03/09","565.76"
"2001/03/12","545.05"
"2001/03/13","527.97"
"2001/03/14","543.28"
"2001/03/15","541.83"
"2001/03/16","538.67"
"2001/03/19","534.33"
"2001/03/20","531.59"
"2001/03/21","532.59"
"2001/03/22","527.05"
"2001/03/23","537.97"
"2001/03/26","545.98"
"2001/03/27","532.90"
"2001/03/28","528.79"
"2001/03/29","523.80"
"2001/03/30","523.22"
"2001/04/02","515.20"
"2001/04/03","503.26"
"2001/04/04","493.69"
"2001/04/06","506.22"
"2001/04/09","497.46"
"2001/04/10","491.21"
"2001/04/11","507.53"
"2001/04/12","514.21"
"2001/04/13","516.10"
"2001/04/16","508.35"
"2001/04/17","513.97"
"2001/04/18","540.00"
"2001/04/19","563.31"
"2001/04/20","556.29"
"2001/04/23","560.94"
"2001/04/24","555.64"
"2001/04/25","566.34"
"2001/04/26","561.62"
"2001/04/27","556.63"
"2001/04/30","577.36"
"2001/05/02","583.70"
"2001/05/03","584.40"
"2001/05/04","585.60"
"2001/05/07","596.50"
"2001/05/08","590.91"
"2001/05/09","578.84"
"2001/05/10","581.38"
"2001/05/11","583.06"
"2001/05/14","584.08"
"2001/05/15","581.30"
"2001/05/16","572.40"
"2001/05/17","596.39"
"2001/05/18","600.54"
"2001/05/21","618.96"
"2001/05/22","617.99"
"2001/05/23","622.60"
"2001/05/24","622.28"
"2001/05/25","624.11"
"2001/05/28","618.47"
"2001/05/29","632.05"
"2001/05/30","628.42"
"2001/05/31","612.16"
"2001/06/01","607.07"
"2001/06/04","610.91"
"2001/06/05","597.66"
"2001/06/07","601.14"
"2001/06/08","621.78"
"2001/06/11","608.23"
"2001/06/12","607.15"
"2001/06/13","614.05"
"2001/06/14","613.75"
"2001/06/15","618.96"
"2001/06/18","608.78"
"2001/06/19","608.91"
"2001/06/20","595.72"
"2001/06/21","595.53"
"2001/06/22","599.08"
"2001/06/25","598.02"
"2001/06/26","588.71"
"2001/06/27","584.76"
"2001/06/28","583.27"
"2001/06/29","595.13"
"2001/07/02","596.74"
"2001/07/03","594.31"
"2001/07/04","597.25"
"2001/07/05","593.61"
"2001/07/06","578.54"
"2001/07/09","560.00"
"2001/07/10","558.60"
"2001/07/11","553.65"
"2001/07/12","559.95"
"2001/07/13","548.49"
"2001/07/16","548.93"
"2001/07/18","540.53"
"2001/07/19","545.74"
"2001/07/20","537.71"
"2001/07/23","524.21"
"2001/07/24","526.62"
"2001/07/25","526.08"
"2001/07/26","529.22"
"2001/07/27","541.13"
"2001/07/30","533.53"
"2001/07/31","541.55"
"2001/08/01","562.79"
"2001/08/02","567.46"
"2001/08/03","568.69"
"2001/08/06","569.37"
"2001/08/07","567.50"
"2001/08/08","565.94"
"2001/08/09","549.67"
"2001/08/10","555.34"
"2001/08/13","562.00"
"2001/08/14","577.15"
"2001/08/16","580.95"
"2001/08/17","580.99"
"2001/08/20","567.09"
"2001/08/21","568.68"
"2001/08/22","574.87"
"2001/08/23","570.07"
"2001/08/24","569.31"
"2001/08/27","578.74"
"2001/08/28","576.51"
"2001/08/29","565.63"
"2001/08/30","564.36"
"2001/08/31","545.11"
"2001/09/03","541.83"
"2001/09/04","558.79"
"2001/09/05","551.91"
"2001/09/06","552.59"
"2001/09/07","555.08"
"2001/09/10","550.73"
"2001/09/11","540.57"
"2001/09/12","475.60"
"2001/09/13","499.25"
"2001/09/14","482.29"
"2001/09/17","468.76"
"2001/09/18","484.93"
"2001/09/19","486.75"
"2001/09/20","480.27"
"2001/09/21","472.31"
"2001/09/24","482.19"
"2001/09/25","472.13"
"2001/09/26","472.85"
"2001/09/27","472.38"
"2001/09/28","479.68"
"2001/10/04","500.64"
"2001/10/05","501.92"
"2001/10/08","496.13"
"2001/10/09","507.61"
"2001/10/10","503.46"
"2001/10/11","517.05"
"2001/10/12","516.40"
"2001/10/15","513.99"
"2001/10/16","521.91"
"2001/10/17","528.29"
"2001/10/18","524.21"
"2001/10/19","528.04"
"2001/10/22","528.70"
"2001/10/23","530.50"
"2001/10/24","541.49"
"2001/10/25","542.19"
"2001/10/26","543.41"
"2001/10/29","547.87"
"2001/10/30","533.87"
"2001/10/31","537.81"
"2001/11/01","544.09"
"2001/11/02","550.57"
"2001/11/05","561.62"
"2001/11/06","565.47"
"2001/11/07","562.03"
"2001/11/08","573.04"
"2001/11/09","576.75"
"2001/11/12","584.48"
"2001/11/13","588.83"
"2001/11/14","606.68"
"2001/11/15","606.44"
"2001/11/16","610.88"
"2001/11/19","626.43"
"2001/11/20","616.33"
"2001/11/21","615.45"
"2001/11/22","624.56"
"2001/11/23","645.18"
"2001/11/26","674.56"
"2001/11/27","670.10"
"2001/11/28","632.02"
"2001/11/29","628.86"
"2001/11/30","643.89"
"2001/12/03","650.66"
"2001/12/04","649.90"
"2001/12/05","688.31"
"2001/12/06","686.61"
"2001/12/07","704.50"
"2001/12/10","668.77"
"2001/12/11","670.08"
"2001/12/12","681.43"
"2001/12/13","676.59"
"2001/12/14","665.20"
"2001/12/17","648.28"
"2001/12/18","643.76"
"2001/12/19","647.05"
"2001/12/20","664.51"
"2001/12/21","644.71"
"2001/12/24","646.49"
"2001/12/26","653.87"
"2001/12/27","668.55"
"2001/12/28","693.70"
"2001/12/31",""
"2002/01/02","724.95"
"2002/01/03","727.66"
"2002/01/04","747.72"
"2002/01/07","751.48"
"2002/01/08","734.76"
"2002/01/09","751.61"
"2002/01/10","728.23"
"2002/01/11","727.36"
"2002/01/14","744.03"
"2002/01/15","718.64"
"2002/01/16","710.95"
"2002/01/17","713.50"
"2002/01/18","708.47"
"2002/01/21","717.35"
"2002/01/22","724.36"
"2002/01/23","742.62"
"2002/01/24","757.71"
"2002/01/25","774.68"
"2002/01/28","780.24"
"2002/01/29","774.03"
"2002/01/30","749.45"
"2002/01/31","748.07"
"2002/02/01","742.42"
"2002/02/04","730.21"
"2002/02/05","739.91"
"2002/02/06","741.55"
"2002/02/07","727.71"
"2002/02/08","739.66"
"2002/02/14","796.18"
"2002/02/15","783.59"
"2002/02/18","790.37"
"2002/02/19","782.27"
"2002/02/20","776.89"
"2002/02/21","787.62"
"2002/02/22","792.00"
"2002/02/25","791.48"
"2002/02/26","801.14"
"2002/02/27","822.11"
"2002/02/28","819.99"
"2002/03/04","834.21"
"2002/03/05","841.95"
"2002/03/06","843.06"
"2002/03/07","829.44"
"2002/03/08","825.27"
"2002/03/11","827.02"
"2002/03/12","846.03"
"2002/03/13","849.13"
"2002/03/14","856.86"
"2002/03/15","860.36"
"2002/03/18","869.71"
"2002/03/19","889.98"
"2002/03/20","887.48"
"2002/03/21","885.64"
"2002/03/22","895.98"
"2002/03/25","879.41"
"2002/03/26","881.03"
"2002/03/27","902.46"
"2002/03/28","892.67"
"2002/03/29","895.58"
"2002/04/01","875.83"
"2002/04/02","905.34"
"2002/04/03","918.59"
"2002/04/04","918.01"
"2002/04/08","900.69"
"2002/04/09","888.67"
"2002/04/10","856.03"
"2002/04/11","862.86"
"2002/04/12","875.69"
"2002/04/15","894.28"
"2002/04/16","901.29"
"2002/04/17","930.51"
"2002/04/18","937.61"
"2002/04/19","923.94"
"2002/04/22","920.89"
"2002/04/23","925.70"
"2002/04/24","915.69"
"2002/04/25","872.58"
"2002/04/26","869.65"
"2002/04/29","838.51"
"2002/04/30","842.34"
"2002/05/02","859.86"
"2002/05/03","856.72"
"2002/05/06","826.87"
"2002/05/07","826.34"
"2002/05/08","844.67"
"2002/05/09","838.67"
"2002/05/10","817.93"
"2002/05/13","821.89"
"2002/05/14","837.37"
"2002/05/15","862.62"
"2002/05/16","858.04"
"2002/05/17","875.03"
"2002/05/20","865.78"
"2002/05/21","837.56"
"2002/05/22","863.06"
"2002/05/23","845.51"
"2002/05/24","854.57"
"2002/05/27","840.57"
"2002/05/28","848.80"
"2002/05/29","835.19"
"2002/05/30","815.61"
"2002/05/31","796.40"
"2002/06/03","804.93"
"2002/06/04","806.33"
"2002/06/05","809.59"
"2002/06/07","795.16"
"2002/06/10","811.90"
"2002/06/11","815.33"
"2002/06/12","823.06"
"2002/06/14","822.01"
"2002/06/17","809.16"
"2002/06/18","809.40"
"2002/06/19","776.37"
"2002/06/20","776.81"
"2002/06/21","778.53"
"2002/06/24","767.92"
"2002/06/25","755.92"
"2002/06/26","701.87"
"2002/06/27","710.43"
"2002/06/28","742.72"
"2002/07/02","746.23"
"2002/07/03","753.36"
"2002/07/04","768.74"
"2002/07/05","787.83"
"2002/07/08","783.35"
"2002/07/09","801.99"
"2002/07/10","794.71"
"2002/07/11","764.88"
"2002/07/12","792.93"
"2002/07/15","783.52"
"2002/07/16","771.45"
"2002/07/18","773.85"
"2002/07/19","754.62"
"2002/07/22","720.90"
"2002/07/23","743.52"
"2002/07/24","721.41"
"2002/07/25","723.52"
"2002/07/26","697.84"
"2002/07/29","700.35"
"2002/07/30","724.08"
"2002/07/31","717.99"
"2002/08/01","707.80"
"2002/08/02","700.68"
"2002/08/05","675.76"
"2002/08/06","673.78"
"2002/08/07","679.37"
"2002/08/08","684.49"
"2002/08/09","692.45"
"2002/08/12","695.39"
"2002/08/13","708.63"
"2002/08/14","711.24"
"2002/08/16","718.29"
"2002/08/19","717.58"
"2002/08/20","736.70"
"2002/08/21","745.12"
"2002/08/22","745.75"
"2002/08/23","740.51"
"2002/08/26","734.79"
"2002/08/27","724.17"
"2002/08/28","724.05"
"2002/08/29","724.94"
"2002/08/30","736.40"
"2002/09/02","751.98"
"2002/09/03","740.59"
"2002/09/04","723.05"
"2002/09/05","720.98"
"2002/09/06","708.73"
"2002/09/09","697.89"
"2002/09/10","713.30"
"2002/09/11","724.71"
"2002/09/12","739.22"
"2002/09/13","718.17"
"2002/09/16","704.38"
"2002/09/17","726.80"
"2002/09/18","703.87"
"2002/09/19","704.12"
"2002/09/23","679.43"
"2002/09/24","672.28"
"2002/09/25","657.96"
"2002/09/26","662.41"
"2002/09/27","663.72"
"2002/09/30","646.42"
"2002/10/01","652.13"
"2002/10/02","648.10"
"2002/10/04","650.92"
"2002/10/07","627.40"
"2002/10/08","634.84"
"2002/10/09","619.94"
"2002/10/10","584.04"
"2002/10/11","587.51"
"2002/10/14","614.27"
"2002/10/15","629.57"
"2002/10/16","636.25"
"2002/10/17","644.66"
"2002/10/18","670.79"
"2002/10/21","652.67"
"2002/10/22","639.27"
"2002/10/23","657.43"
"2002/10/24","654.98"
"2002/10/25","655.88"
"2002/10/28","678.14"
"2002/10/29","673.18"
"2002/10/30","658.03"
"2002/10/31","658.92"
"2002/11/01","647.65"
"2002/11/04","672.68"
"2002/11/05","664.90"
"2002/11/06","682.56"
"2002/11/07","681.27"
"2002/11/08","674.85"
"2002/11/11","657.78"
"2002/11/12","654.43"
"2002/11/13","653.85"
"2002/11/14","652.15"
"2002/11/15","672.95"
"2002/11/18","667.13"
"2002/11/19","671.44"
"2002/11/20","682.00"
"2002/11/21","690.38"
"2002/11/22","692.87"
"2002/11/25","705.86"
"2002/11/26","702.27"
"2002/11/27","708.07"
"2002/11/28","714.54"
"2002/11/29","724.80"
"2002/12/02","730.16"
"2002/12/03","736.57"
"2002/12/04","714.50"
"2002/12/05","722.76"
"2002/12/06","718.09"
"2002/12/09","709.11"
"2002/12/10","702.44"
"2002/12/11","698.61"
"2002/12/12","715.38"
"2002/12/13","708.13"
"2002/12/16","692.42"
"2002/12/17","704.49"
"2002/12/18","709.22"
"2002/12/20","709.44"
"2002/12/23","691.38"
"2002/12/24","677.82"
"2002/12/26","671.89"
"2002/12/27","656.92"
"2002/12/30","627.55"
"2002/12/31",""
"2003/01/02","635.17"
"2003/01/03","661.10"
"2003/01/06","666.71"
"2003/01/07","652.20"
"2003/01/08","651.72"
"2003/01/09","630.40"
"2003/01/10","628.36"
"2003/01/13","648.06"
"2003/01/14","650.05"
"2003/01/15","648.29"
"2003/01/16","648.69"
"2003/01/17","636.46"
"2003/01/20","634.50"
"2003/01/21","632.86"
"2003/01/22","622.49"
"2003/01/23","625.18"
"2003/01/24","609.43"
"2003/01/27","593.09"
"2003/01/28","600.56"
"2003/01/29","583.35"
"2003/01/30","591.86"
"2003/02/03","600.41"
"2003/02/04","603.78"
"2003/02/05","600.68"
"2003/02/06","589.50"
"2003/02/07","577.48"
"2003/02/10","577.25"
"2003/02/11","575.98"
"2003/02/12","583.29"
"2003/02/13","575.67"
"2003/02/14","575.24"
"2003/02/17","601.87"
"2003/02/18","603.45"
"2003/02/19","600.83"
"2003/02/20","605.51"
"2003/02/21","603.60"
"2003/02/24","616.29"
"2003/02/25","592.25"
"2003/02/26","590.26"
"2003/02/27","582.46"
"2003/02/28","575.43"
"2003/03/03","590.04"
"2003/03/04","576.58"
"2003/03/05","560.26"
"2003/03/06","555.33"
"2003/03/07","546.02"
"2003/03/10","544.24"
"2003/03/11","532.53"
"2003/03/12","531.81"
"2003/03/13","531.78"
"2003/03/14","537.65"
"2003/03/17","515.24"
"2003/03/18","537.31"
"2003/03/19","541.78"
"2003/03/20","568.46"
"2003/03/21","575.77"
"2003/03/24","569.85"
"2003/03/25","554.98"
"2003/03/26","554.79"
"2003/03/27","549.26"
"2003/03/28","556.33"
"2003/03/31","535.70"
"2003/04/01","538.56"
"2003/04/02","542.92"
"2003/04/03","545.24"
"2003/04/04","558.01"
"2003/04/07","585.90"
"2003/04/08","587.32"
"2003/04/09","569.47"
"2003/04/10","577.73"
"2003/04/11","582.97"
"2003/04/14","594.40"
"2003/04/15","604.99"
"2003/04/16","621.34"
"2003/04/17","612.72"
"2003/04/18","624.77"
"2003/04/21","620.83"
"2003/04/22","603.32"
"2003/04/23","598.09"
"2003/04/24","588.35"
"2003/04/25","566.63"
"2003/04/28","569.02"
"2003/04/29","597.36"
"2003/04/30","599.35"
"2003/05/02","597.44"
"2003/05/06","604.33"
"2003/05/07","618.08"
"2003/05/09","619.11"
"2003/05/12","631.04"
"2003/05/13","614.07"
"2003/05/14","609.97"
"2003/05/15","619.35"
"2003/05/16","610.81"
"2003/05/19","596.36"
"2003/05/20","602.08"
"2003/05/21","600.57"
"2003/05/22","595.38"
"2003/05/23","611.51"
"2003/05/26","617.65"
"2003/05/27","614.30"
"2003/05/28","628.36"
"2003/05/29","632.43"
"2003/05/30","633.42"
"2003/06/02","648.71"
"2003/06/03","636.94"
"2003/06/04","640.27"
"2003/06/05","642.38"
"2003/06/09","650.35"
"2003/06/10","649.75"
"2003/06/11","651.29"
"2003/06/12","657.95"
"2003/06/13","665.24"
"2003/06/16","657.82"
"2003/06/17","674.66"
"2003/06/18","675.75"
"2003/06/19","690.49"
"2003/06/20","686.22"
"2003/06/23","674.59"
"2003/06/24","664.01"
"2003/06/25","674.03"
"2003/06/26","675.75"
"2003/06/27","677.28"
"2003/06/30","669.93"
"2003/07/01","674.75"
"2003/07/02","685.80"
"2003/07/03","686.83"
"2003/07/04","693.25"
"2003/07/07","704.29"
"2003/07/08","708.34"
"2003/07/09","705.50"
"2003/07/10","700.51"
"2003/07/11","704.15"
"2003/07/14","720.10"
"2003/07/15","713.45"
"2003/07/16","716.48"
"2003/07/18","699.35"
"2003/07/21","693.50"
"2003/07/22","699.70"
"2003/07/23","695.74"
"2003/07/24","702.94"
"2003/07/25","705.09"
"2003/07/28","717.80"
"2003/07/29","722.33"
"2003/07/30","714.15"
"2003/07/31","713.52"
"2003/08/01","727.26"
"2003/08/04","718.54"
"2003/08/05","721.84"
"2003/08/06","707.88"
"2003/08/07","709.81"
"2003/08/08","704.14"
"2003/08/11","704.58"
"2003/08/12","701.30"
"2003/08/13","713.08"
"2003/08/14","727.01"
"2003/08/18","730.10"
"2003/08/19","740.13"
"2003/08/20","737.20"
"2003/08/21","754.34"
"2003/08/22","754.72"
"2003/08/25","756.73"
"2003/08/26","753.00"
"2003/08/27","758.98"
"2003/08/28","752.81"
"2003/08/29","759.47"
"2003/09/01","764.11"
"2003/09/02","766.50"
"2003/09/03","766.32"
"2003/09/04","764.15"
"2003/09/05","761.55"
"2003/09/08","760.25"
"2003/09/09","767.46"
"2003/09/15","753.61"
"2003/09/16","763.63"
"2003/09/17","766.59"
"2003/09/18","758.18"
"2003/09/19","748.25"
"2003/09/22","714.89"
"2003/09/23","718.84"
"2003/09/24","724.70"
"2003/09/25","713.52"
"2003/09/26","697.40"
"2003/09/29","696.06"
"2003/09/30","697.52"
"2003/10/01","704.29"
"2003/10/02","715.24"
"2003/10/06","723.13"
"2003/10/07","727.09"
"2003/10/08","722.76"
"2003/10/09","736.16"
"2003/10/10","757.89"
"2003/10/13","757.02"
"2003/10/14","766.52"
"2003/10/15","764.23"
"2003/10/16","776.97"
"2003/10/17","767.75"
"2003/10/20","776.44"
"2003/10/21","779.89"
"2003/10/22","779.28"
"2003/10/23","754.14"
"2003/10/24","748.17"
"2003/10/27","761.61"
"2003/10/28","775.36"
"2003/10/29","779.66"
"2003/10/30","785.94"
"2003/10/31","782.36"
"2003/11/03","791.96"
"2003/11/04","796.06"
"2003/11/05","805.51"
"2003/11/06","790.04"
"2003/11/07","804.05"
"2003/11/10","796.56"
"2003/11/11","787.77"
"2003/11/12","796.31"
"2003/11/13","813.11"
"2003/11/14","809.89"
"2003/11/17","794.47"
"2003/11/18","800.97"
"2003/11/19","771.70"
"2003/11/20","769.45"
"2003/11/21","770.78"
"2003/11/24","753.65"
"2003/11/25","768.11"
"2003/11/26","782.65"
"2003/11/27","781.68"
"2003/11/28","796.18"
"2003/12/01","807.39"
"2003/12/02","807.78"
"2003/12/03","808.34"
"2003/12/04","805.13"
"2003/12/05","789.41"
"2003/12/08","784.80"
"2003/12/09","787.35"
"2003/12/10","794.64"
"2003/12/11","791.13"
"2003/12/12","806.08"
"2003/12/15","822.16"
"2003/12/16","810.79"
"2003/12/17","800.09"
"2003/12/18","807.50"
"2003/12/19","811.20"
"2003/12/22","804.54"
"2003/12/23","801.88"
"2003/12/24","792.55"
"2003/12/26","788.85"
"2003/12/29","792.44"
"2003/12/30","810.71"
"2003/12/31",""
"2004/01/02","821.26"
"2004/01/05","824.10"
"2004/01/06","823.43"
"2004/01/07","827.07"
"2004/01/08","824.15"
"2004/01/09","845.27"
"2004/01/12","850.79"
"2004/01/13","848.43"
"2004/01/14","849.62"
"2004/01/15","845.66"
"2004/01/16","847.95"
"2004/01/19","856.80"
"2004/01/20","861.37"
"2004/01/26","869.04"
"2004/01/27","863.03"
"2004/01/28","859.59"
"2004/01/29","853.47"
"2004/01/30","848.50"
"2004/02/02","854.89"
"2004/02/03","839.87"
"2004/02/04","835.50"
"2004/02/05","840.92"
"2004/02/06","850.23"
"2004/02/09","864.77"
"2004/02/10","866.80"
"2004/02/11","876.34"
"2004/02/12","877.95"
"2004/02/13","882.18"
"2004/02/16","881.28"
"2004/02/17","884.80"
"2004/02/18","877.10"
"2004/02/19","881.65"
"2004/02/20","877.49"
"2004/02/23","877.52"
"2004/02/24","864.59"
"2004/02/25","866.87"
"2004/02/26","864.86"
"2004/02/27","883.42"
"2004/03/02","899.21"
"2004/03/03","895.81"
"2004/03/04","907.43"
"2004/03/05","905.38"
"2004/03/08","900.10"
"2004/03/09","891.58"
"2004/03/10","876.02"
"2004/03/11","869.93"
"2004/03/12","848.80"
"2004/03/15","852.26"
"2004/03/16","850.13"
"2004/03/17","872.38"
"2004/03/18","872.82"
"2004/03/19","883.33"
"2004/03/22","863.69"
"2004/03/23","866.17"
"2004/03/24","861.72"
"2004/03/25","853.38"
"2004/03/26","863.95"
"2004/03/29","874.67"
"2004/03/30","873.46"
"2004/03/31","880.50"
"2004/04/01","882.75"
"2004/04/02","883.69"
"2004/04/06","906.19"
"2004/04/07","909.93"
"2004/04/08","916.86"
"2004/04/09","905.44"
"2004/04/12","918.86"
"2004/04/13","917.63"
"2004/04/14","916.31"
"2004/04/16","898.88"
"2004/04/19","902.10"
"2004/04/20","918.90"
"2004/04/21","929.95"
"2004/04/22","924.01"
"2004/04/23","936.06"
"2004/04/26","919.74"
"2004/04/27","915.47"
"2004/04/28","901.83"
"2004/04/29","875.41"
"2004/04/30","862.84"
"2004/05/03","866.11"
"2004/05/04","867.48"
"2004/05/06","837.68"
"2004/05/07","838.74"
"2004/05/10","790.68"
"2004/05/11","791.02"
"2004/05/12","817.09"
"2004/05/13","790.13"
"2004/05/14","768.46"
"2004/05/17","728.98"
"2004/05/18","741.99"
"2004/05/19","777.95"
"2004/05/20","767.79"
"2004/05/21","786.36"
"2004/05/24","799.64"
"2004/05/25","784.06"
"2004/05/27","802.46"
"2004/05/28","816.51"
"2004/05/31","803.84"
"2004/06/01","815.77"
"2004/06/02","804.39"
"2004/06/03","770.06"
"2004/06/04","780.74"
"2004/06/07","809.45"
"2004/06/08","809.31"
"2004/06/09","794.53"
"2004/06/10","782.30"
"2004/06/11","751.53"
"2004/06/14","738.79"
"2004/06/15","752.10"
"2004/06/16","752.34"
"2004/06/17","760.09"
"2004/06/18","741.73"
"2004/06/21","749.30"
"2004/06/22","746.48"
"2004/06/23","738.93"
"2004/06/24","763.13"
"2004/06/25","779.03"
"2004/06/28","770.95"
"2004/06/29","778.72"
"2004/06/30","785.79"
"2004/07/01","778.03"
"2004/07/02","755.42"
"2004/07/05","756.72"
"2004/07/06","758.47"
"2004/07/07","761.88"
"2004/07/08","743.64"
"2004/07/09","747.46"
"2004/07/12","746.27"
"2004/07/13","750.95"
"2004/07/14","736.57"
"2004/07/15","732.74"
"2004/07/16","739.39"
"2004/07/19","750.40"
"2004/07/20","737.00"
"2004/07/21","753.32"
"2004/07/22","742.63"
"2004/07/23","737.51"
"2004/07/26","736.21"
"2004/07/27","738.51"
"2004/07/28","744.42"
"2004/07/29","730.61"
"2004/07/30","735.34"
"2004/08/02","719.59"
"2004/08/03","726.44"
"2004/08/04","729.41"
"2004/08/05","743.35"
"2004/08/06","733.95"
"2004/08/09","742.13"
"2004/08/10","748.62"
"2004/08/11","753.06"
"2004/08/12","766.70"
"2004/08/13","776.02"
"2004/08/16","773.85"
"2004/08/17","771.03"
"2004/08/18","773.19"
"2004/08/19","788.53"
"2004/08/20","787.64"
"2004/08/23","787.65"
"2004/08/24","792.34"
"2004/08/25","803.97"
"2004/08/26","810.21"
"2004/08/27","810.30"
"2004/08/30","805.19"
"2004/08/31","803.57"
"2004/09/01","817.36"
"2004/09/02","823.83"
"2004/09/03","820.69"
"2004/09/06","824.21"
"2004/09/07","818.80"
"2004/09/08","815.85"
"2004/09/09","821.88"
"2004/09/10","836.34"
"2004/09/13","851.91"
"2004/09/14","851.42"
"2004/09/15","850.63"
"2004/09/16","855.38"
"2004/09/17","848.11"
"2004/09/20","856.87"
"2004/09/21","857.15"
"2004/09/22","835.10"
"2004/09/23","829.68"
"2004/09/24","832.10"
"2004/09/30","835.09"
"2004/10/01","846.01"
"2004/10/04","880.84"
"2004/10/05","884.84"
"2004/10/06","887.45"
"2004/10/07","885.33"
"2004/10/08","881.38"
"2004/10/11","881.11"
"2004/10/12","858.09"
"2004/10/13","856.18"
"2004/10/14","846.63"
"2004/10/15","841.94"
"2004/10/18","848.27"
"2004/10/19","855.77"
"2004/10/20","828.61"
"2004/10/21","820.63"
"2004/10/22","828.17"
"2004/10/25","808.14"
"2004/10/26","813.70"
"2004/10/27","809.91"
"2004/10/28","833.54"
"2004/10/29","834.84"
"2004/11/01","835.66"
"2004/11/02","846.67"
"2004/11/03","861.05"
"2004/11/04","851.20"
"2004/11/05","860.68"
"2004/11/08","846.11"
"2004/11/09","844.15"
"2004/11/10","860.54"
"2004/11/11","861.26"
"2004/11/12","876.67"
"2004/11/15","882.33"
"2004/11/16","876.61"
"2004/11/17","885.42"
"2004/11/18","875.84"
"2004/11/19","867.03"
"2004/11/22","849.99"
"2004/11/23","860.40"
"2004/11/24","872.56"
"2004/11/25","872.49"
"2004/11/26","858.12"
"2004/11/29","865.40"
"2004/11/30","878.06"
"2004/12/01","876.80"
"2004/12/02","884.10"
"2004/12/03","882.55"
"2004/12/06","870.75"
"2004/12/07","861.07"
"2004/12/08","871.74"
"2004/12/09","861.31"
"2004/12/10","844.85"
"2004/12/13","844.20"
"2004/12/14","849.40"
"2004/12/15","868.84"
"2004/12/16","873.70"
"2004/12/17","875.13"
"2004/12/20","884.31"
"2004/12/21","882.82"
"2004/12/22","883.38"
"2004/12/23","876.88"
"2004/12/24","879.92"
"2004/12/27","876.98"
"2004/12/28","878.43"
"2004/12/29","884.27"
"2004/12/30","895.92"
"2004/12/31",""
"2005/01/03","893.71"
"2005/01/04","886.90"
"2005/01/05","885.19"
"2005/01/06","871.28"
"2005/01/07","870.84"
"2005/01/10","874.18"
"2005/01/11","884.29"
"2005/01/12","880.03"
"2005/01/13","885.54"
"2005/01/14","905.10"
"2005/01/17","923.08"
"2005/01/18","920.57"
"2005/01/19","916.27"
"2005/01/20","909.37"
"2005/01/21","919.61"
"2005/01/24","923.11"
"2005/01/25","915.10"
"2005/01/26","927.00"
"2005/01/27","924.87"
"2005/01/28","921.59"
"2005/01/31","932.70"
"2005/02/01","923.69"
"2005/02/02","921.44"
"2005/02/03","928.79"
"2005/02/04","933.55"
"2005/02/07","949.19"
"2005/02/11","947.23"
"2005/02/14","964.79"
"2005/02/15","968.88"
"2005/02/16","971.56"
"2005/02/17","972.56"
"2005/02/18","984.10"
"2005/02/21","988.71"
"2005/02/22","977.80"
"2005/02/23","968.43"
"2005/02/24","987.10"
"2005/02/25","996.95"
"2005/02/28","1,011.36"
"2005/03/02","1,007.48"
"2005/03/03","1,010.92"
"2005/03/04","1,012.96"
"2005/03/07","1,007.50"
"2005/03/08","1,000.28"
"2005/03/09","1,008.79"
"2005/03/10","998.66"
"2005/03/11","1,022.79"
"2005/03/14","1,019.69"
"2005/03/15","993.13"
"2005/03/16","993.13"
"2005/03/17","980.05"
"2005/03/18","979.72"
"2005/03/21","979.27"
"2005/03/22","980.41"
"2005/03/23","966.81"
"2005/03/24","956.33"
"2005/03/25","965.30"
"2005/03/28","977.70"
"2005/03/29","958.96"
"2005/03/30","955.45"
"2005/03/31","965.68"
"2005/04/01","981.90"
"2005/04/04","982.50"
"2005/04/06","988.00"
"2005/04/07","988.90"
"2005/04/08","992.17"
"2005/04/11","985.94"
"2005/04/12","981.79"
"2005/04/13","981.31"
"2005/04/14","953.92"
"2005/04/15","947.22"
"2005/04/18","925.00"
"2005/04/19","932.45"
"2005/04/20","937.36"
"2005/04/21","939.14"
"2005/04/22","940.79"
"2005/04/25","946.17"
"2005/04/26","944.46"
"2005/04/27","930.16"
"2005/04/28","917.73"
"2005/04/29","911.30"
"2005/05/02","918.42"
"2005/05/03","913.82"
"2005/05/04","929.35"
"2005/05/06","940.85"
"2005/05/09","935.20"
"2005/05/10","934.28"
"2005/05/11","923.38"
"2005/05/12","921.21"
"2005/05/13","923.19"
"2005/05/16","929.04"
"2005/05/17","927.16"
"2005/05/18","930.36"
"2005/05/19","952.09"
"2005/05/20","952.19"
"2005/05/23","951.05"
"2005/05/24","951.61"
"2005/05/25","941.30"
"2005/05/26","943.91"
"2005/05/27","960.91"
"2005/05/30","969.04"
"2005/05/31","970.21"
"2005/06/01","969.51"
"2005/06/02","970.88"
"2005/06/03","976.09"
"2005/06/07","970.88"
"2005/06/08","976.22"
"2005/06/09","987.58"
"2005/06/10","990.79"
"2005/06/13","990.49"
"2005/06/14","983.75"
"2005/06/15","1,001.94"
"2005/06/16","1,003.14"
"2005/06/17","1,003.68"
"2005/06/20","994.65"
"2005/06/21","989.99"
"2005/06/22","1,002.15"
"2005/06/23","1,010.80"
"2005/06/24","1,002.43"
"2005/06/27","991.11"
"2005/06/28","994.74"
"2005/06/29","999.08"
"2005/06/30","1,008.16"
"2005/07/01","1,018.02"
"2005/07/04","1,021.71"
"2005/07/05","1,018.81"
"2005/07/06","1,019.01"
"2005/07/07","1,026.82"
"2005/07/08","1,021.95"
"2005/07/11","1,040.43"
"2005/07/12","1,043.88"
"2005/07/13","1,050.16"
"2005/07/14","1,061.93"
"2005/07/15","1,059.60"
"2005/07/18","1,062.43"
"2005/07/19","1,075.48"
"2005/07/20","1,074.40"
"2005/07/21","1,074.65"
"2005/07/22","1,074.22"
"2005/07/25","1,089.70"
"2005/07/26","1,090.60"
"2005/07/27","1,093.03"
"2005/07/28","1,104.72"
"2005/07/29","1,111.29"
"2005/08/01","1,115.98"
"2005/08/02","1,118.83"
"2005/08/03","1,117.11"
"2005/08/04","1,111.39"
"2005/08/05","1,089.36"
"2005/08/08","1,086.64"
"2005/08/09","1,099.77"
"2005/08/10","1,104.86"
"2005/08/11","1,123.77"
"2005/08/12","1,130.22"
"2005/08/16","1,116.93"
"2005/08/17","1,113.25"
"2005/08/18","1,092.71"
"2005/08/19","1,089.88"
"2005/08/22","1,116.68"
"2005/08/23","1,115.84"
"2005/08/24","1,094.21"
"2005/08/25","1,097.29"
"2005/08/26","1,086.55"
"2005/08/29","1,063.16"
"2005/08/30","1,072.61"
"2005/08/31","1,083.33"
"2005/09/01","1,106.37"
"2005/09/02","1,115.83"
"2005/09/05","1,114.50"
"2005/09/06","1,122.65"
"2005/09/07","1,142.99"
"2005/09/08","1,145.26"
"2005/09/09","1,152.50"
"2005/09/12","1,158.36"
"2005/09/13","1,158.12"
"2005/09/14","1,170.77"
"2005/09/15","1,169.59"
"2005/09/16","1,174.13"
"2005/09/20","1,190.93"
"2005/09/21","1,196.67"
"2005/09/22","1,199.97"
"2005/09/23","1,175.88"
"2005/09/26","1,206.41"
"2005/09/27","1,209.63"
"2005/09/28","1,228.57"
"2005/09/29","1,231.22"
"2005/09/30","1,221.01"
"2005/10/04","1,242.78"
"2005/10/05","1,227.40"
"2005/10/06","1,202.49"
"2005/10/07","1,201.01"
"2005/10/10","1,227.18"
"2005/10/11","1,244.27"
"2005/10/12","1,217.06"
"2005/10/13","1,193.44"
"2005/10/14","1,190.17"
"2005/10/17","1,176.36"
"2005/10/18","1,186.22"
"2005/10/19","1,153.13"
"2005/10/20","1,162.23"
"2005/10/21","1,183.48"
"2005/10/24","1,184.60"
"2005/10/25","1,181.28"
"2005/10/26","1,179.00"
"2005/10/27","1,166.36"
"2005/10/28","1,140.72"
"2005/10/31","1,158.11"
"2005/11/01","1,188.95"
"2005/11/02","1,208.38"
"2005/11/03","1,217.97"
"2005/11/04","1,221.98"
"2005/11/07","1,218.47"
"2005/11/08","1,226.71"
"2005/11/09","1,227.59"
"2005/11/10","1,234.43"
"2005/11/11","1,256.12"
"2005/11/14","1,257.63"
"2005/11/15","1,253.86"
"2005/11/16","1,267.16"
"2005/11/17","1,269.35"
"2005/11/18","1,272.25"
"2005/11/21","1,268.80"
"2005/11/22","1,244.50"
"2005/11/23","1,282.02"
"2005/11/24","1,291.71"
"2005/11/25","1,293.22"
"2005/11/28","1,293.74"
"2005/11/29","1,279.38"
"2005/11/30","1,297.44"
"2005/12/01","1,305.98"
"2005/12/02","1,310.12"
"2005/12/05","1,315.15"
"2005/12/06","1,321.06"
"2005/12/07","1,324.75"
"2005/12/08","1,324.20"
"2005/12/09","1,317.42"
"2005/12/12","1,333.23"
"2005/12/13","1,336.48"
"2005/12/14","1,334.27"
"2005/12/15","1,337.68"
"2005/12/16","1,321.04"
"2005/12/19","1,339.40"
"2005/12/20","1,341.00"
"2005/12/21","1,354.16"
"2005/12/22","1,350.87"
"2005/12/23","1,359.53"
"2005/12/26","1,367.57"
"2005/12/27","1,373.55"
"2005/12/28","1,368.16"
"2005/12/29","1,379.37"
"2005/12/30",""
"2006/01/02","1,389.27"
"2006/01/03","1,394.87"
"2006/01/04","1,402.11"
"2006/01/05","1,395.51"
"2006/01/06","1,412.78"
"2006/01/09","1,408.33"
"2006/01/10","1,396.29"
"2006/01/11","1,394.09"
"2006/01/12","1,402.58"
"2006/01/13","1,416.28"
"2006/01/16","1,421.79"
"2006/01/17","1,389.58"
"2006/01/18","1,352.91"
"2006/01/19","1,360.64"
"2006/01/20","1,324.78"
"2006/01/23","1,297.43"
"2006/01/24","1,326.83"
"2006/01/25","1,342.59"
"2006/01/26","1,352.75"
"2006/01/27","1,384.56"
"2006/01/31","1,399.83"
"2006/02/01","1,375.97"
"2006/02/02","1,374.44"
"2006/02/03","1,333.50"
"2006/02/06","1,341.64"
"2006/02/07","1,332.28"
"2006/02/08","1,310.99"
"2006/02/09","1,321.66"
"2006/02/10","1,335.23"
"2006/02/13","1,320.79"
"2006/02/14","1,328.21"
"2006/02/15","1,303.84"
"2006/02/16","1,314.32"
"2006/02/17","1,332.73"
"2006/02/20","1,348.25"
"2006/02/21","1,346.49"
"2006/02/22","1,340.58"
"2006/02/23","1,361.23"
"2006/02/24","1,365.82"
"2006/02/27","1,374.88"
"2006/02/28","1,371.59"
"2006/03/02","1,367.70"
"2006/03/03","1,328.95"
"2006/03/06","1,344.76"
"2006/03/07","1,316.67"
"2006/03/08","1,314.05"
"2006/03/09","1,311.21"
"2006/03/10","1,320.07"
"2006/03/13","1,338.28"
"2006/03/14","1,326.30"
"2006/03/15","1,333.98"
"2006/03/16","1,335.98"
"2006/03/17","1,341.12"
"2006/03/20","1,346.69"
"2006/03/21","1,336.65"
"2006/03/22","1,309.83"
"2006/03/23","1,312.26"
"2006/03/24","1,321.23"
"2006/03/27","1,330.34"
"2006/03/28","1,331.31"
"2006/03/29","1,332.72"
"2006/03/30","1,338.14"
"2006/03/31","1,359.60"
"2006/04/03","1,379.75"
"2006/04/04","1,385.64"
"2006/04/05","1,388.77"
"2006/04/06","1,397.00"
"2006/04/07","1,402.36"
"2006/04/10","1,398.29"
"2006/04/11","1,386.08"
"2006/04/12","1,383.59"
"2006/04/13","1,405.72"
"2006/04/14","1,432.72"
"2006/04/17","1,422.63"
"2006/04/18","1,427.00"
"2006/04/19","1,437.84"
"2006/04/20","1,434.15"
"2006/04/21","1,451.31"
"2006/04/24","1,430.94"
"2006/04/25","1,431.15"
"2006/04/26","1,451.22"
"2006/04/27","1,452.53"
"2006/04/28","1,419.73"
"2006/05/02","1,434.90"
"2006/05/03","1,435.17"
"2006/05/04","1,441.02"
"2006/05/08","1,452.23"
"2006/05/09","1,450.44"
"2006/05/10","1,451.09"
"2006/05/11","1,464.70"
"2006/05/12","1,445.20"
"2006/05/15","1,413.98"
"2006/05/16","1,382.11"
"2006/05/17","1,401.47"
"2006/05/18","1,365.15"
"2006/05/19","1,372.29"
"2006/05/22","1,338.59"
"2006/05/23","1,329.86"
"2006/05/24","1,333.38"
"2006/05/25","1,295.76"
"2006/05/26","1,322.43"
"2006/05/29","1,329.22"
"2006/05/30","1,317.70"
"2006/06/01","1,295.09"
"2006/06/02","1,309.04"
"2006/06/05","1,301.62"
"2006/06/07","1,266.84"
"2006/06/08","1,223.13"
"2006/06/09","1,235.65"
"2006/06/12","1,239.84"
"2006/06/13","1,203.86"
"2006/06/14","1,221.73"
"2006/06/15","1,219.40"
"2006/06/16","1,262.19"
"2006/06/19","1,251.67"
"2006/06/20","1,225.83"
"2006/06/21","1,227.19"
"2006/06/22","1,238.83"
"2006/06/23","1,228.62"
"2006/06/26","1,238.05"
"2006/06/27","1,247.54"
"2006/06/28","1,238.71"
"2006/06/29","1,263.02"
"2006/06/30","1,295.15"
"2006/07/03","1,294.61"
"2006/07/04","1,285.92"
"2006/07/05","1,279.85"
"2006/07/06","1,263.96"
"2006/07/07","1,273.93"
"2006/07/10","1,299.29"
"2006/07/11","1,300.44"
"2006/07/12","1,296.69"
"2006/07/13","1,285.02"
"2006/07/14","1,255.13"
"2006/07/18","1,233.42"
"2006/07/19","1,233.65"
"2006/07/20","1,273.30"
"2006/07/21","1,271.33"
"2006/07/24","1,263.35"
"2006/07/25","1,279.77"
"2006/07/26","1,279.08"
"2006/07/27","1,296.27"
"2006/07/28","1,297.07"
"2006/07/31","1,297.82"
"2006/08/01","1,287.36"
"2006/08/02","1,295.11"
"2006/08/03","1,292.05"
"2006/08/04","1,304.51"
"2006/08/07","1,289.54"
"2006/08/08","1,311.10"
"2006/08/09","1,314.93"
"2006/08/10","1,304.31"
"2006/08/11","1,292.10"
"2006/08/14","1,295.11"
"2006/08/16","1,315.61"
"2006/08/17","1,327.78"
"2006/08/18","1,331.10"
"2006/08/21","1,321.67"
"2006/08/22","1,334.96"
"2006/08/23","1,324.95"
"2006/08/24","1,315.73"
"2006/08/25","1,329.35"
"2006/08/28","1,327.89"
"2006/08/29","1,344.61"
"2006/08/30","1,341.35"
"2006/08/31","1,352.74"
"2006/09/01","1,356.67"
"2006/09/04","1,359.06"
"2006/09/05","1,361.24"
"2006/09/06","1,357.01"
"2006/09/07","1,351.17"
"2006/09/08","1,354.89"
"2006/09/11","1,334.08"
"2006/09/12","1,328.04"
"2006/09/13","1,333.13"
"2006/09/14","1,358.75"
"2006/09/15","1,361.10"
"2006/09/18","1,374.30"
"2006/09/19","1,373.95"
"2006/09/20","1,366.44"
"2006/09/21","1,366.79"
"2006/09/22","1,348.38"
"2006/09/25","1,355.21"
"2006/09/26","1,343.97"
"2006/09/27","1,360.03"
"2006/09/28","1,371.43"
"2006/09/29","1,371.41"
"2006/10/02","1,374.22"
"2006/10/04","1,352.00"
"2006/10/09","1,319.40"
"2006/10/10","1,328.37"
"2006/10/11","1,325.49"
"2006/10/12","1,331.78"
"2006/10/13","1,348.60"
"2006/10/16","1,356.72"
"2006/10/17","1,351.30"
"2006/10/18","1,354.26"
"2006/10/19","1,354.06"
"2006/10/20","1,364.24"
"2006/10/23","1,364.95"
"2006/10/24","1,366.50"
"2006/10/25","1,371.43"
"2006/10/26","1,373.65"
"2006/10/27","1,369.09"
"2006/10/30","1,356.11"
"2006/10/31","1,364.55"
"2006/11/01","1,374.35"
"2006/11/02","1,383.73"
"2006/11/03","1,383.88"
"2006/11/06","1,379.19"
"2006/11/07","1,387.44"
"2006/11/08","1,380.07"
"2006/11/09","1,399.44"
"2006/11/10","1,395.73"
"2006/11/13","1,396.69"
"2006/11/14","1,407.37"
"2006/11/15","1,412.54"
"2006/11/16","1,410.75"
"2006/11/17","1,412.22"
"2006/11/20","1,402.21"
"2006/11/21","1,405.90"
"2006/11/22","1,422.54"
"2006/11/23","1,419.23"
"2006/11/24","1,421.73"
"2006/11/27","1,425.13"
"2006/11/28","1,411.47"
"2006/11/29","1,422.55"
"2006/11/30","1,432.21"
"2006/12/01","1,434.36"
"2006/12/04","1,426.46"
"2006/12/05","1,420.59"
"2006/12/06","1,413.73"
"2006/12/07","1,410.30"
"2006/12/08","1,390.43"
"2006/12/11","1,390.73"
"2006/12/12","1,376.98"
"2006/12/13","1,383.28"
"2006/12/14","1,418.38"
"2006/12/15","1,421.87"
"2006/12/18","1,433.23"
"2006/12/19","1,427.76"
"2006/12/20","1,442.28"
"2006/12/21","1,436.47"
"2006/12/22","1,437.49"
"2006/12/26","1,433.92"
"2006/12/27","1,425.10"
"2006/12/28","1,434.46"
"2006/12/29",""
"2007/01/02","1,435.26"
"2007/01/03","1,409.35"
"2007/01/04","1,397.29"
"2007/01/05","1,385.76"
"2007/01/08","1,370.81"
"2007/01/09","1,374.34"
"2007/01/10","1,355.79"
"2007/01/11","1,365.31"
"2007/01/12","1,388.37"
"2007/01/15","1,390.96"
"2007/01/16","1,389.71"
"2007/01/17","1,379.48"
"2007/01/18","1,383.21"
"2007/01/19","1,360.56"
"2007/01/22","1,363.41"
"2007/01/23","1,363.09"
"2007/01/24","1,383.06"
"2007/01/25","1,382.36"
"2007/01/26","1,371.33"
"2007/01/29","1,363.10"
"2007/01/30","1,370.72"
"2007/01/31","1,360.23"
"2007/02/01","1,382.90"
"2007/02/02","1,413.14"
"2007/02/05","1,417.95"
"2007/02/06","1,428.58"
"2007/02/07","1,426.29"
"2007/02/08","1,423.58"
"2007/02/09","1,427.68"
"2007/02/12","1,414.29"
"2007/02/13","1,418.44"
"2007/02/14","1,436.10"
"2007/02/15","1,443.63"
"2007/02/16","1,448.81"
"2007/02/20","1,452.96"
"2007/02/21","1,451.38"
"2007/02/22","1,465.41"
"2007/02/23","1,469.88"
"2007/02/26","1,470.03"
"2007/02/27","1,454.60"
"2007/02/28","1,417.34"
"2007/03/02","1,414.47"
"2007/03/05","1,376.15"
"2007/03/06","1,402.93"
"2007/03/07","1,410.95"
"2007/03/08","1,423.89"
"2007/03/09","1,423.58"
"2007/03/12","1,441.33"
"2007/03/13","1,436.05"
"2007/03/14","1,407.37"
"2007/03/15","1,426.93"
"2007/03/16","1,427.88"
"2007/03/19","1,443.39"
"2007/03/20","1,444.17"
"2007/03/21","1,442.85"
"2007/03/22","1,448.53"
"2007/03/23","1,447.38"
"2007/03/26","1,449.77"
"2007/03/27","1,453.23"
"2007/03/28","1,439.74"
"2007/03/29","1,450.95"
"2007/03/30","1,452.55"
"2007/04/02","1,459.53"
"2007/04/03","1,463.75"
"2007/04/04","1,483.41"
"2007/04/05","1,482.04"
"2007/04/06","1,484.15"
"2007/04/09","1,501.06"
"2007/04/10","1,499.16"
"2007/04/11","1,513.42"
"2007/04/12","1,525.61"
"2007/04/13","1,520.78"
"2007/04/16","1,532.04"
"2007/04/17","1,528.66"
"2007/04/18","1,534.58"
"2007/04/19","1,513.66"
"2007/04/20","1,533.08"
"2007/04/23","1,544.35"
"2007/04/24","1,556.71"
"2007/04/25","1,545.55"
"2007/04/26","1,553.13"
"2007/04/27","1,542.52"
"2007/04/30","1,542.24"
"2007/05/02","1,553.30"
"2007/05/03","1,559.86"
"2007/05/04","1,567.74"
"2007/05/07","1,584.46"
"2007/05/08","1,582.65"
"2007/05/09","1,593.42"
"2007/05/10","1,599.68"
"2007/05/11","1,603.56"
"2007/05/14","1,605.77"
"2007/05/15","1,589.37"
"2007/05/16","1,600.60"
"2007/05/17","1,615.58"
"2007/05/18","1,612.25"
"2007/05/21","1,628.20"
"2007/05/22","1,642.88"
"2007/05/23","1,646.59"
"2007/05/25","1,644.56"
"2007/05/28","1,657.91"
"2007/05/29","1,661.80"
"2007/05/30","1,662.72"
"2007/05/31","1,700.91"
"2007/06/01","1,716.24"
"2007/06/04","1,737.59"
"2007/06/05","1,742.19"
"2007/06/07","1,753.04"
"2007/06/08","1,727.28"
"2007/06/11","1,716.56"
"2007/06/12","1,729.88"
"2007/06/13","1,721.99"
"2007/06/14","1,769.18"
"2007/06/15","1,772.26"
"2007/06/18","1,806.88"
"2007/06/19","1,807.85"
"2007/06/20","1,783.79"
"2007/06/21","1,794.24"
"2007/06/22","1,770.98"
"2007/06/25","1,757.73"
"2007/06/26","1,749.55"
"2007/06/27","1,733.10"
"2007/06/28","1,751.75"
"2007/06/29","1,743.60"
"2007/07/02","1,771.35"
"2007/07/03","1,805.50"
"2007/07/04","1,838.41"
"2007/07/05","1,847.79"
"2007/07/06","1,861.01"
"2007/07/09","1,883.59"
"2007/07/10","1,894.53"
"2007/07/11","1,889.96"
"2007/07/12","1,909.75"
"2007/07/13","1,962.93"
"2007/07/16","1,949.51"
"2007/07/18","1,930.70"
"2007/07/19","1,937.90"
"2007/07/20","1,983.54"
"2007/07/23","1,993.05"
"2007/07/24","1,992.26"
"2007/07/25","2,004.22"
"2007/07/26","1,963.54"
"2007/07/27","1,883.22"
"2007/07/30","1,906.71"
"2007/07/31","1,933.27"
"2007/08/01","1,856.45"
"2007/08/02","1,853.07"
"2007/08/03","1,876.80"
"2007/08/06","1,855.05"
"2007/08/07","1,859.82"
"2007/08/08","1,903.41"
"2007/08/09","1,908.68"
"2007/08/10","1,828.49"
"2007/08/13","1,849.26"
"2007/08/14","1,817.89"
"2007/08/16","1,691.98"
"2007/08/17","1,638.07"
"2007/08/20","1,731.27"
"2007/08/21","1,736.18"
"2007/08/22","1,759.50"
"2007/08/23","1,799.72"
"2007/08/24","1,791.33"
"2007/08/27","1,803.03"
"2007/08/28","1,829.31"
"2007/08/29","1,826.19"
"2007/08/30","1,841.70"
"2007/08/31","1,873.24"
"2007/09/03","1,881.81"
"2007/09/04","1,874.74"
"2007/09/05","1,865.59"
"2007/09/06","1,888.81"
"2007/09/07","1,884.90"
"2007/09/10","1,835.87"
"2007/09/11","1,847.36"
"2007/09/12","1,813.52"
"2007/09/13","1,848.02"
"2007/09/14","1,870.02"
"2007/09/17","1,871.68"
"2007/09/18","1,838.61"
"2007/09/19","1,902.65"
"2007/09/20","1,908.97"
"2007/09/21","1,919.26"
"2007/09/27","1,945.28"
"2007/09/28","1,946.48"
"2007/10/01","1,962.67"
"2007/10/02","2,014.09"
"2007/10/04","2,003.60"
"2007/10/05","1,996.03"
"2007/10/08","2,012.82"
"2007/10/09","2,014.13"
"2007/10/10","2,041.12"
"2007/10/11","2,058.85"
"2007/10/12","2,026.44"
"2007/10/15","2,035.39"
"2007/10/16","2,005.76"
"2007/10/17","1,983.94"
"2007/10/18","2,005.09"
"2007/10/19","1,970.10"
"2007/10/22","1,903.81"
"2007/10/23","1,947.98"
"2007/10/24","1,933.36"
"2007/10/25","1,976.75"
"2007/10/26","2,028.06"
"2007/10/29","2,062.92"
"2007/10/30","2,052.37"
"2007/10/31","2,064.85"
"2007/11/01","2,063.14"
"2007/11/02","2,019.34"
"2007/11/05","2,015.76"
"2007/11/06","2,054.24"
"2007/11/07","2,043.19"
"2007/11/08","1,979.56"
"2007/11/09","1,990.47"
"2007/11/12","1,923.42"
"2007/11/13","1,932.89"
"2007/11/14","1,972.58"
"2007/11/15","1,947.74"
"2007/11/16","1,926.20"
"2007/11/19","1,893.47"
"2007/11/20","1,872.24"
"2007/11/21","1,806.99"
"2007/11/22","1,799.02"
"2007/11/23","1,772.88"
"2007/11/26","1,855.33"
"2007/11/27","1,859.79"
"2007/11/28","1,834.69"
"2007/11/29","1,877.56"
"2007/11/30","1,906.00"
"2007/12/03","1,902.43"
"2007/12/04","1,917.83"
"2007/12/05","1,938.20"
"2007/12/06","1,953.17"
"2007/12/07","1,934.32"
"2007/12/10","1,906.42"
"2007/12/11","1,925.07"
"2007/12/12","1,927.45"
"2007/12/13","1,915.90"
"2007/12/14","1,895.05"
"2007/12/17","1,839.82"
"2007/12/18","1,861.47"
"2007/12/20","1,844.37"
"2007/12/21","1,878.32"
"2007/12/24","1,919.47"
"2007/12/26","1,906.72"
"2007/12/27","1,908.62"
"2007/12/28","1,897.13"
"2007/12/31",""
"2008/01/02","1,853.45"
"2008/01/03","1,852.73"
"2008/01/04","1,863.90"
"2008/01/07","1,831.14"
"2008/01/08","1,826.23"
"2008/01/09","1,844.47"
"2008/01/10","1,824.78"
"2008/01/11","1,782.27"
"2008/01/14","1,765.88"
"2008/01/15","1,746.95"
"2008/01/16","1,704.97"
"2008/01/17","1,723.55"
"2008/01/18","1,734.72"
"2008/01/21","1,683.56"
"2008/01/22","1,609.02"
"2008/01/23","1,628.42"
"2008/01/24","1,663.00"
"2008/01/25","1,692.41"
"2008/01/28","1,627.19"
"2008/01/29","1,637.91"
"2008/01/30","1,589.06"
"2008/01/31","1,624.68"
"2008/02/01","1,634.53"
"2008/02/04","1,690.13"
"2008/02/05","1,696.57"
"2008/02/11","1,640.67"
"2008/02/12","1,643.29"
"2008/02/13","1,631.78"
"2008/02/14","1,697.45"
"2008/02/15","1,694.77"
"2008/02/18","1,696.24"
"2008/02/19","1,720.52"
"2008/02/20","1,687.91"
"2008/02/21","1,704.36"
"2008/02/22","1,686.45"
"2008/02/25","1,709.13"
"2008/02/26","1,709.13"
"2008/02/27","1,720.89"
"2008/02/28","1,736.17"
"2008/02/29","1,711.62"
"2008/03/03","1,671.73"
"2008/03/04","1,676.18"
"2008/03/05","1,677.10"
"2008/03/06","1,697.44"
"2008/03/07","1,663.97"
"2008/03/10","1,625.17"
"2008/03/11","1,641.48"
"2008/03/12","1,658.83"
"2008/03/13","1,615.62"
"2008/03/14","1,600.26"
"2008/03/17","1,574.44"
"2008/03/18","1,588.75"
"2008/03/19","1,622.23"
"2008/03/20","1,623.39"
"2008/03/21","1,645.69"
"2008/03/24","1,655.30"
"2008/03/25","1,674.93"
"2008/03/26","1,679.67"
"2008/03/27","1,676.24"
"2008/03/28","1,701.83"
"2008/03/31","1,703.99"
"2008/04/01","1,702.25"
"2008/04/02","1,742.19"
"2008/04/03","1,763.63"
"2008/04/04","1,766.49"
"2008/04/07","1,773.56"
"2008/04/08","1,754.71"
"2008/04/10","1,764.64"
"2008/04/11","1,779.71"
"2008/04/14","1,746.71"
"2008/04/15","1,742.17"
"2008/04/16","1,758.56"
"2008/04/17","1,768.67"
"2008/04/18","1,771.90"
"2008/04/21","1,800.48"
"2008/04/22","1,787.49"
"2008/04/23","1,800.79"
"2008/04/24","1,799.34"
"2008/04/25","1,824.68"
"2008/04/28","1,823.17"
"2008/04/29","1,811.51"
"2008/04/30","1,825.47"
"2008/05/02","1,848.27"
"2008/05/06","1,859.06"
"2008/05/07","1,854.01"
"2008/05/08","1,848.00"
"2008/05/09","1,823.70"
"2008/05/13","1,842.80"
"2008/05/14","1,843.75"
"2008/05/15","1,885.71"
"2008/05/16","1,888.88"
"2008/05/19","1,885.37"
"2008/05/20","1,873.15"
"2008/05/21","1,847.51"
"2008/05/22","1,835.42"
"2008/05/23","1,827.94"
"2008/05/26","1,800.58"
"2008/05/27","1,825.23"
"2008/05/28","1,805.64"
"2008/05/29","1,841.22"
"2008/05/30","1,852.02"
"2008/06/02","1,847.53"
"2008/06/03","1,819.39"
"2008/06/04","1,833.81"
"2008/06/05","1,832.31"
"2008/06/09","1,808.96"
"2008/06/10","1,774.38"
"2008/06/11","1,781.67"
"2008/06/12","1,739.36"
"2008/06/13","1,747.35"
"2008/06/16","1,760.82"
"2008/06/17","1,750.71"
"2008/06/18","1,774.13"
"2008/06/19","1,740.72"
"2008/06/20","1,731.00"
"2008/06/23","1,715.59"
"2008/06/24","1,710.84"
"2008/06/25","1,717.79"
"2008/06/26","1,717.66"
"2008/06/27","1,684.45"
"2008/06/30","1,674.92"
"2008/07/01","1,666.46"
"2008/07/02","1,623.60"
"2008/07/03","1,606.54"
"2008/07/04","1,577.94"
"2008/07/07","1,579.72"
"2008/07/08","1,533.47"
"2008/07/09","1,519.38"
"2008/07/10","1,537.43"
"2008/07/11","1,567.51"
"2008/07/14","1,558.62"
"2008/07/15","1,509.33"
"2008/07/16","1,507.40"
"2008/07/17","1,525.56"
"2008/07/18","1,509.99"
"2008/07/21","1,562.92"
"2008/07/22","1,561.23"
"2008/07/23","1,591.76"
"2008/07/24","1,626.14"
"2008/07/25","1,597.93"
"2008/07/28","1,598.29"
"2008/07/29","1,567.20"
"2008/07/30","1,577.70"
"2008/07/31","1,594.67"
"2008/08/01","1,573.77"
"2008/08/04","1,543.05"
"2008/08/05","1,535.54"
"2008/08/06","1,578.71"
"2008/08/07","1,564.00"
"2008/08/08","1,568.72"
"2008/08/11","1,581.09"
"2008/08/12","1,577.12"
"2008/08/13","1,562.72"
"2008/08/14","1,572.19"
"2008/08/18","1,567.71"
"2008/08/19","1,541.41"
"2008/08/20","1,540.71"
"2008/08/21","1,512.59"
"2008/08/22","1,496.91"
"2008/08/25","1,502.11"
"2008/08/26","1,490.25"
"2008/08/27","1,493.92"
"2008/08/28","1,474.15"
"2008/08/29","1,474.24"
"2008/09/01","1,414.43"
"2008/09/02","1,407.14"
"2008/09/03","1,426.89"
"2008/09/04","1,426.43"
"2008/09/05","1,404.38"
"2008/09/08","1,476.65"
"2008/09/09","1,454.50"
"2008/09/10","1,464.98"
"2008/09/11","1,443.24"
"2008/09/12","1,477.92"
"2008/09/16","1,387.75"
"2008/09/17","1,425.26"
"2008/09/18","1,392.42"
"2008/09/19","1,455.78"
"2008/09/22","1,460.34"
"2008/09/23","1,481.37"
"2008/09/24","1,495.98"
"2008/09/25","1,501.63"
"2008/09/26","1,476.33"
"2008/09/29","1,456.36"
"2008/09/30","1,448.06"
"2008/10/01","1,439.67"
"2008/10/02","1,419.65"
"2008/10/06","1,358.75"
"2008/10/07","1,366.10"
"2008/10/08","1,286.69"
"2008/10/09","1,294.89"
"2008/10/10","1,241.47"
"2008/10/13","1,288.53"
"2008/10/14","1,367.69"
"2008/10/15","1,340.28"
"2008/10/16","1,213.78"
"2008/10/17","1,180.67"
"2008/10/20","1,207.63"
"2008/10/21","1,196.10"
"2008/10/22","1,134.59"
"2008/10/23","1,049.71"
"2008/10/24","938.75"
"2008/10/27","946.45"
"2008/10/28","999.16"
"2008/10/29","968.97"
"2008/10/30","1,084.72"
"2008/10/31","1,113.06"
"2008/11/03","1,129.08"
"2008/11/04","1,153.35"
"2008/11/05","1,181.50"
"2008/11/06","1,092.22"
"2008/11/07","1,134.49"
"2008/11/10","1,152.46"
"2008/11/11","1,128.73"
"2008/11/12","1,123.86"
"2008/11/13","1,088.44"
"2008/11/14","1,088.26"
"2008/11/17","1,078.32"
"2008/11/18","1,036.16"
"2008/11/19","1,016.82"
"2008/11/20","948.69"
"2008/11/21","1,003.73"
"2008/11/24","970.14"
"2008/11/25","983.32"
"2008/11/26","1,029.78"
"2008/11/27","1,063.48"
"2008/11/28","1,076.07"
"2008/12/01","1,058.62"
"2008/12/02","1,023.20"
"2008/12/03","1,022.67"
"2008/12/04","1,006.54"
"2008/12/05","1,028.13"
"2008/12/08","1,105.05"
"2008/12/09","1,105.84"
"2008/12/10","1,145.87"
"2008/12/11","1,154.43"
"2008/12/12","1,103.82"
"2008/12/15","1,158.19"
"2008/12/16","1,161.56"
"2008/12/17","1,169.75"
"2008/12/18","1,175.91"
"2008/12/19","1,180.97"
"2008/12/22","1,179.61"
"2008/12/23","1,144.31"
"2008/12/24","1,128.51"
"2008/12/26","1,117.86"
"2008/12/29","1,117.59"
"2008/12/30","1,124.47"
"2008/12/31",""
"2009/01/02","1,157.40"
"2009/01/05","1,173.57"
"2009/01/06","1,194.28"
"2009/01/07","1,228.17"
"2009/01/08","1,205.70"
"2009/01/09","1,180.96"
"2009/01/12","1,156.75"
"2009/01/13","1,167.71"
"2009/01/14","1,182.68"
"2009/01/15","1,111.34"
"2009/01/16","1,135.20"
"2009/01/19","1,150.65"
"2009/01/20","1,126.81"
"2009/01/21","1,103.61"
"2009/01/22","1,116.23"
"2009/01/23","1,093.40"
"2009/01/28","1,157.98"
"2009/01/29","1,166.56"
"2009/01/30","1,162.11"
"2009/02/02","1,146.95"
"2009/02/03","1,163.20"
"2009/02/04","1,195.37"
"2009/02/05","1,177.88"
"2009/02/06","1,210.26"
"2009/02/09","1,202.69"
"2009/02/10","1,198.87"
"2009/02/11","1,190.18"
"2009/02/12","1,179.84"
"2009/02/13","1,192.44"
"2009/02/16","1,175.47"
"2009/02/17","1,127.19"
"2009/02/18","1,113.19"
"2009/02/19","1,107.10"
"2009/02/20","1,065.95"
"2009/02/23","1,099.55"
"2009/02/24","1,063.88"
"2009/02/25","1,067.08"
"2009/02/26","1,054.79"
"2009/02/27","1,063.03"
"2009/03/02","1,018.81"
"2009/03/03","1,025.57"
"2009/03/04","1,059.26"
"2009/03/05","1,058.18"
"2009/03/06","1,055.03"
"2009/03/09","1,071.73"
"2009/03/10","1,092.20"
"2009/03/11","1,127.51"
"2009/03/12","1,128.39"
"2009/03/13","1,126.03"
"2009/03/16","1,125.46"
"2009/03/17","1,163.88"
"2009/03/18","1,169.95"
"2009/03/19","1,161.81"
"2009/03/20","1,170.94"
"2009/03/23","1,199.50"
"2009/03/24","1,221.70"
"2009/03/25","1,229.02"
"2009/03/26","1,243.80"
"2009/03/27","1,237.51"
"2009/03/30","1,197.46"
"2009/03/31","1,206.26"
"2009/04/01","1,233.36"
"2009/04/02","1,276.97"
"2009/04/03","1,283.75"
"2009/04/06","1,297.85"
"2009/04/07","1,300.10"
"2009/04/08","1,262.07"
"2009/04/09","1,316.35"
"2009/04/10","1,336.04"
"2009/04/13","1,338.26"
"2009/04/14","1,342.63"
"2009/04/15","1,333.09"
"2009/04/16","1,336.72"
"2009/04/17","1,329.00"
"2009/04/20","1,336.39"
"2009/04/21","1,336.81"
"2009/04/22","1,356.02"
"2009/04/23","1,368.80"
"2009/04/24","1,354.10"
"2009/04/27","1,339.83"
"2009/04/28","1,300.24"
"2009/04/29","1,338.42"
"2009/04/30","1,369.36"
"2009/05/04","1,397.92"
"2009/05/06","1,393.45"
"2009/05/07","1,401.08"
"2009/05/08","1,412.13"
"2009/05/11","1,415.16"
"2009/05/12","1,403.51"
"2009/05/13","1,414.52"
"2009/05/14","1,380.95"
"2009/05/15","1,391.73"
"2009/05/18","1,386.68"
"2009/05/19","1,428.21"
"2009/05/20","1,435.70"
"2009/05/21","1,421.65"
"2009/05/22","1,403.75"
"2009/05/25","1,400.90"
"2009/05/26","1,372.04"
"2009/05/27","1,362.02"
"2009/05/28","1,392.17"
"2009/05/29","1,395.89"
"2009/06/01","1,415.10"
"2009/06/02","1,412.85"
"2009/06/03","1,414.89"
"2009/06/04","1,378.14"
"2009/06/05","1,394.71"
"2009/06/08","1,393.30"
"2009/06/09","1,371.84"
"2009/06/10","1,414.88"
"2009/06/11","1,419.39"
"2009/06/12","1,428.59"
"2009/06/15","1,412.42"
"2009/06/16","1,399.15"
"2009/06/17","1,391.17"
"2009/06/18","1,375.76"
"2009/06/19","1,383.34"
"2009/06/22","1,399.71"
"2009/06/23","1,360.54"
"2009/06/24","1,363.79"
"2009/06/25","1,392.73"
"2009/06/26","1,394.53"
"2009/06/29","1,388.45"
"2009/06/30","1,390.07"
"2009/07/01","1,411.66"
"2009/07/02","1,411.48"
"2009/07/03","1,420.04"
"2009/07/06","1,428.94"
"2009/07/07","1,434.20"
"2009/07/08","1,431.02"
"2009/07/09","1,430.89"
"2009/07/10","1,428.62"
"2009/07/13","1,378.12"
"2009/07/14","1,385.56"
"2009/07/15","1,420.86"
"2009/07/16","1,432.22"
"2009/07/17","1,440.10"
"2009/07/20","1,478.51"
"2009/07/21","1,488.99"
"2009/07/22","1,494.04"
"2009/07/23","1,496.49"
"2009/07/24","1,502.59"
"2009/07/27","1,524.05"
"2009/07/28","1,526.03"
"2009/07/29","1,524.32"
"2009/07/30","1,534.74"
"2009/07/31","1,557.29"
"2009/08/03","1,564.98"
"2009/08/04","1,566.37"
"2009/08/05","1,559.47"
"2009/08/06","1,565.04"
"2009/08/07","1,576.00"
"2009/08/10","1,576.11"
"2009/08/11","1,579.21"
"2009/08/12","1,565.35"
"2009/08/13","1,564.64"
"2009/08/14","1,591.41"
"2009/08/17","1,547.06"
"2009/08/18","1,550.24"
"2009/08/19","1,545.96"
"2009/08/20","1,576.39"
"2009/08/21","1,580.98"
"2009/08/24","1,612.22"
"2009/08/25","1,601.38"
"2009/08/26","1,614.12"
"2009/08/27","1,599.33"
"2009/08/28","1,607.94"
"2009/08/31","1,591.85"
"2009/09/01","1,623.06"
"2009/09/02","1,613.16"
"2009/09/03","1,613.53"
"2009/09/04","1,608.90"
"2009/09/07","1,608.57"
"2009/09/08","1,619.69"
"2009/09/09","1,607.77"
"2009/09/10","1,644.68"
"2009/09/11","1,651.70"
"2009/09/14","1,634.91"
"2009/09/15","1,653.40"
"2009/09/16","1,683.33"
"2009/09/17","1,695.47"
"2009/09/18","1,699.71"
"2009/09/21","1,695.50"
"2009/09/22","1,718.88"
"2009/09/23","1,711.47"
"2009/09/24","1,693.88"
"2009/09/25","1,691.48"
"2009/09/28","1,675.55"
"2009/09/29","1,690.05"
"2009/09/30","1,673.14"
"2009/10/01","1,644.63"
"2009/10/05","1,606.90"
"2009/10/06","1,598.44"
"2009/10/07","1,598.00"
"2009/10/08","1,615.46"
"2009/10/09","1,646.79"
"2009/10/12","1,639.81"
"2009/10/13","1,628.93"
"2009/10/14","1,649.09"
"2009/10/15","1,658.99"
"2009/10/16","1,640.36"
"2009/10/19","1,649.07"
"2009/10/20","1,659.15"
"2009/10/21","1,653.86"
"2009/10/22","1,630.33"
"2009/10/23","1,640.17"
"2009/10/26","1,657.11"
"2009/10/27","1,649.53"
"2009/10/28","1,609.71"
"2009/10/29","1,585.85"
"2009/10/30","1,580.69"
"2009/11/02","1,559.09"
"2009/11/03","1,549.92"
"2009/11/04","1,579.93"
"2009/11/05","1,552.24"
"2009/11/06","1,572.46"
"2009/11/09","1,576.79"
"2009/11/10","1,582.30"
"2009/11/11","1,594.82"
"2009/11/12","1,572.73"
"2009/11/13","1,571.99"
"2009/11/16","1,592.47"
"2009/11/17","1,585.98"
"2009/11/18","1,603.97"
"2009/11/19","1,620.54"
"2009/11/20","1,620.60"
"2009/11/23","1,619.05"
"2009/11/24","1,606.42"
"2009/11/25","1,611.88"
"2009/11/26","1,599.52"
"2009/11/27","1,524.50"
"2009/11/30","1,555.60"
"2009/12/01","1,569.72"
"2009/12/02","1,591.63"
"2009/12/03","1,615.00"
"2009/12/04","1,624.76"
"2009/12/07","1,632.65"
"2009/12/08","1,627.78"
"2009/12/09","1,634.17"
"2009/12/10","1,652.73"
"2009/12/11","1,656.90"
"2009/12/14","1,664.77"
"2009/12/15","1,665.85"
"2009/12/16","1,664.24"
"2009/12/17","1,647.84"
"2009/12/18","1,647.04"
"2009/12/21","1,644.23"
"2009/12/22","1,655.54"
"2009/12/23","1,661.35"
"2009/12/24","1,682.34"
"2009/12/28","1,685.59"
"2009/12/29","1,672.48"
"2009/12/30","1,682.77"
"2009/12/31",""
"2010/01/04","1,696.14"
"2010/01/05","1,690.62"
"2010/01/06","1,705.32"
"2010/01/07","1,683.45"
"2010/01/08","1,695.26"
"2010/01/11","1,694.12"
"2010/01/12","1,698.64"
"2010/01/13","1,671.41"
"2010/01/14","1,685.77"
"2010/01/15","1,701.80"
"2010/01/18","1,711.78"
"2010/01/19","1,710.22"
"2010/01/20","1,714.38"
"2010/01/21","1,722.01"
"2010/01/22","1,684.35"
"2010/01/25","1,670.20"
"2010/01/26","1,637.34"
"2010/01/27","1,625.48"
"2010/01/28","1,642.43"
"2010/01/29","1,602.43"
"2010/02/01","1,606.44"
"2010/02/02","1,595.81"
"2010/02/03","1,615.02"
"2010/02/04","1,616.42"
"2010/02/05","1,567.12"
"2010/02/08","1,552.79"
"2010/02/09","1,570.49"
"2010/02/10","1,570.12"
"2010/02/11","1,597.81"
"2010/02/12","1,593.66"
"2010/02/16","1,601.05"
"2010/02/17","1,627.43"
"2010/02/18","1,621.19"
"2010/02/19","1,593.90"
"2010/02/22","1,627.10"
"2010/02/23","1,628.90"
"2010/02/24","1,612.83"
"2010/02/25","1,587.51"
"2010/02/26","1,594.58"
"2010/03/02","1,615.12"
"2010/03/03","1,622.44"
"2010/03/04","1,618.20"
"2010/03/05","1,634.57"
"2010/03/08","1,660.04"
"2010/03/09","1,660.83"
"2010/03/10","1,662.24"
"2010/03/11","1,656.62"
"2010/03/12","1,662.74"
"2010/03/15","1,649.50"
"2010/03/16","1,648.01"
"2010/03/17","1,682.86"
"2010/03/18","1,675.17"
"2010/03/19","1,686.11"
"2010/03/22","1,672.67"
"2010/03/23","1,681.82"
"2010/03/24","1,681.01"
"2010/03/25","1,688.39"
"2010/03/26","1,697.72"
"2010/03/29","1,691.99"
"2010/03/30","1,700.19"
"2010/03/31","1,692.85"
"2010/04/01","1,719.17"
"2010/04/02","1,723.49"
"2010/04/05","1,724.99"
"2010/04/06","1,726.09"
"2010/04/07","1,726.60"
"2010/04/08","1,733.78"
"2010/04/09","1,724.47"
"2010/04/12","1,710.30"
"2010/04/13","1,710.59"
"2010/04/14","1,735.33"
"2010/04/15","1,743.91"
"2010/04/16","1,734.49"
"2010/04/19","1,705.30"
"2010/04/20","1,718.03"
"2010/04/21","1,747.58"
"2010/04/22","1,739.52"
"2010/04/23","1,737.03"
"2010/04/26","1,752.20"
"2010/04/27","1,749.55"
"2010/04/28","1,733.91"
"2010/04/29","1,728.42"
"2010/04/30","1,741.56"
"2010/05/03","1,721.21"
"2010/05/04","1,718.75"
"2010/05/06","1,684.71"
"2010/05/07","1,647.50"
"2010/05/10","1,677.63"
"2010/05/11","1,670.24"
"2010/05/12","1,663.03"
"2010/05/13","1,694.58"
"2010/05/14","1,695.63"
"2010/05/17","1,651.51"
"2010/05/18","1,643.24"
"2010/05/19","1,630.08"
"2010/05/20","1,600.18"
"2010/05/24","1,604.93"
"2010/05/25","1,560.83"
"2010/05/26","1,582.12"
"2010/05/27","1,607.50"
"2010/05/28","1,622.78"
"2010/05/31","1,641.25"
"2010/06/01","1,630.40"
"2010/06/03","1,661.84"
"2010/06/04","1,664.13"
"2010/06/07","1,637.97"
"2010/06/08","1,651.48"
"2010/06/09","1,647.22"
"2010/06/10","1,651.70"
"2010/06/11","1,675.34"
"2010/06/14","1,690.60"
"2010/06/15","1,690.03"
"2010/06/16","1,705.33"
"2010/06/17","1,707.92"
"2010/06/18","1,711.95"
"2010/06/21","1,739.68"
"2010/06/22","1,731.48"
"2010/06/23","1,725.82"
"2010/06/24","1,739.87"
"2010/06/25","1,729.84"
"2010/06/28","1,732.03"
"2010/06/29","1,707.76"
"2010/06/30","1,698.29"
"2010/07/01","1,686.24"
"2010/07/02","1,671.82"
"2010/07/05","1,675.37"
"2010/07/06","1,684.94"
"2010/07/07","1,675.65"
"2010/07/08","1,698.64"
"2010/07/09","1,723.01"
"2010/07/12","1,734.05"
"2010/07/13","1,735.08"
"2010/07/14","1,758.01"
"2010/07/15","1,751.29"
"2010/07/16","1,738.45"
"2010/07/19","1,731.95"
"2010/07/20","1,736.77"
"2010/07/21","1,748.78"
"2010/07/22","1,735.53"
"2010/07/23","1,758.06"
"2010/07/26","1,769.07"
"2010/07/27","1,768.31"
"2010/07/28","1,773.47"
"2010/07/29","1,770.88"
"2010/07/30","1,759.33"
"2010/08/02","1,782.27"
"2010/08/03","1,790.60"
"2010/08/04","1,789.26"
"2010/08/05","1,783.86"
"2010/08/06","1,783.83"
"2010/08/09","1,790.17"
"2010/08/10","1,781.13"
"2010/08/11","1,758.19"
"2010/08/12","1,721.75"
"2010/08/13","1,746.24"
"2010/08/16","1,743.31"
"2010/08/17","1,755.03"
"2010/08/18","1,761.99"
"2010/08/19","1,779.64"
"2010/08/20","1,775.54"
"2010/08/23","1,767.71"
"2010/08/24","1,760.53"
"2010/08/25","1,734.79"
"2010/08/26","1,729.76"
"2010/08/27","1,729.56"
"2010/08/30","1,760.13"
"2010/08/31","1,742.75"
"2010/09/01","1,764.69"
"2010/09/02","1,775.73"
"2010/09/03","1,780.02"
"2010/09/06","1,792.42"
"2010/09/07","1,787.74"
"2010/09/08","1,779.22"
"2010/09/09","1,784.36"
"2010/09/10","1,802.58"
"2010/09/13","1,818.86"
"2010/09/14","1,815.25"
"2010/09/15","1,823.88"
"2010/09/16","1,811.85"
"2010/09/17","1,827.35"
"2010/09/20","1,832.63"
"2010/09/24","1,846.60"
"2010/09/27","1,860.83"
"2010/09/28","1,855.97"
"2010/09/29","1,866.45"
"2010/09/30","1,872.81"
"2010/10/01","1,876.73"
"2010/10/04","1,879.29"
"2010/10/05","1,878.94"
"2010/10/06","1,903.95"
"2010/10/07","1,900.85"
"2010/10/08","1,897.07"
"2010/10/11","1,889.91"
"2010/10/12","1,868.04"
"2010/10/13","1,876.15"
"2010/10/14","1,899.76"
"2010/10/15","1,902.29"
"2010/10/18","1,875.42"
"2010/10/19","1,857.32"
"2010/10/20","1,870.44"
"2010/10/21","1,874.69"
"2010/10/22","1,897.31"
"2010/10/25","1,915.71"
"2010/10/26","1,919.41"
"2010/10/27","1,909.54"
"2010/10/28","1,907.87"
"2010/10/29","1,882.95"
"2010/11/01","1,914.74"
"2010/11/02","1,918.04"
"2010/11/03","1,935.97"
"2010/11/04","1,942.50"
"2010/11/05","1,938.96"
"2010/11/08","1,942.41"
"2010/11/09","1,947.46"
"2010/11/10","1,967.85"
"2010/11/11","1,914.73"
"2010/11/12","1,913.12"
"2010/11/15","1,913.81"
"2010/11/16","1,899.13"
"2010/11/17","1,897.11"
"2010/11/18","1,927.86"
"2010/11/19","1,940.96"
"2010/11/22","1,944.34"
"2010/11/23","1,928.94"
"2010/11/24","1,925.98"
"2010/11/25","1,927.68"
"2010/11/26","1,901.80"
"2010/11/29","1,895.54"
"2010/11/30","1,904.63"
"2010/12/01","1,929.32"
"2010/12/02","1,950.26"
"2010/12/03","1,957.26"
"2010/12/06","1,953.64"
"2010/12/07","1,962.52"
"2010/12/08","1,955.72"
"2010/12/09","1,988.96"
"2010/12/10","1,986.14"
"2010/12/13","1,996.59"
"2010/12/14","2,009.05"
"2010/12/15","2,017.48"
"2010/12/16","2,009.24"
"2010/12/17","2,026.30"
"2010/12/20","2,020.28"
"2010/12/21","2,037.09"
"2010/12/22","2,038.11"
"2010/12/23","2,037.53"
"2010/12/24","2,029.60"
"2010/12/27","2,022.19"
"2010/12/28","2,033.32"
"2010/12/29","2,043.49"
"2010/12/30","2,051.00"
"2010/12/31",""
"2011/01/03","2,070.08"
"2011/01/04","2,085.14"
"2011/01/05","2,082.55"
"2011/01/06","2,077.61"
"2011/01/07","2,086.20"
"2011/01/10","2,080.81"
"2011/01/11","2,088.32"
"2011/01/12","2,094.95"
"2011/01/13","2,089.48"
"2011/01/14","2,108.17"
"2011/01/17","2,099.85"
"2011/01/18","2,096.48"
"2011/01/19","2,115.69"
"2011/01/20","2,106.66"
"2011/01/21","2,069.92"
"2011/01/24","2,082.16"
"2011/01/25","2,086.67"
"2011/01/26","2,110.46"
"2011/01/27","2,115.01"
"2011/01/28","2,107.87"
"2011/01/31","2,069.73"
"2011/02/01","2,072.03"
"2011/02/07","2,081.74"
"2011/02/08","2,069.70"
"2011/02/09","2,045.58"
"2011/02/10","2,008.50"
"2011/02/11","1,977.19"
"2011/02/14","2,014.59"
"2011/02/15","2,010.52"
"2011/02/16","1,989.11"
"2011/02/17","1,977.22"
"2011/02/18","2,013.14"
"2011/02/21","2,005.30"
"2011/02/22","1,969.92"
"2011/02/23","1,961.63"
"2011/02/24","1,949.88"
"2011/02/25","1,963.43"
"2011/02/28","1,939.30"
"2011/03/02","1,928.24"
"2011/03/03","1,970.66"
"2011/03/04","2,004.68"
"2011/03/07","1,980.27"
"2011/03/08","1,996.32"
"2011/03/09","2,001.47"
"2011/03/10","1,981.58"
"2011/03/11","1,955.54"
"2011/03/14","1,971.23"
"2011/03/15","1,923.92"
"2011/03/16","1,957.97"
"2011/03/17","1,959.03"
"2011/03/18","1,981.13"
"2011/03/21","2,003.42"
"2011/03/22","2,013.86"
"2011/03/23","2,012.18"
"2011/03/24","2,036.78"
"2011/03/25","2,054.04"
"2011/03/28","2,056.39"
"2011/03/29","2,072.13"
"2011/03/30","2,091.38"
"2011/03/31","2,106.70"
"2011/04/01","2,121.01"
"2011/04/04","2,115.87"
"2011/04/05","2,130.43"
"2011/04/06","2,126.71"
"2011/04/07","2,122.14"
"2011/04/08","2,127.97"
"2011/04/11","2,122.39"
"2011/04/12","2,089.40"
"2011/04/13","2,121.92"
"2011/04/14","2,141.06"
"2011/04/15","2,140.50"
"2011/04/18","2,137.72"
"2011/04/19","2,122.68"
"2011/04/20","2,169.91"
"2011/04/21","2,198.54"
"2011/04/22","2,197.82"
"2011/04/25","2,216.00"
"2011/04/26","2,206.30"
"2011/04/27","2,206.70"
"2011/04/28","2,208.35"
"2011/04/29","2,192.36"
"2011/05/02","2,228.96"
"2011/05/03","2,200.73"
"2011/05/04","2,180.64"
"2011/05/06","2,147.45"
"2011/05/09","2,139.17"
"2011/05/11","2,166.63"
"2011/05/12","2,122.65"
"2011/05/13","2,120.08"
"2011/05/16","2,104.18"
"2011/05/17","2,102.41"
"2011/05/18","2,135.78"
"2011/05/19","2,095.51"
"2011/05/20","2,111.50"
"2011/05/23","2,055.71"
"2011/05/24","2,061.76"
"2011/05/25","2,035.87"
"2011/05/26","2,091.91"
"2011/05/27","2,100.24"
"2011/05/30","2,093.79"
"2011/05/31","2,142.47"
"2011/06/01","2,141.34"
"2011/06/02","2,114.20"
"2011/06/03","2,113.47"
"2011/06/07","2,099.71"
"2011/06/08","2,083.35"
"2011/06/09","2,071.42"
"2011/06/10","2,046.67"
"2011/06/13","2,048.74"
"2011/06/14","2,076.83"
"2011/06/15","2,086.53"
"2011/06/16","2,046.63"
"2011/06/17","2,031.93"
"2011/06/20","2,019.65"
"2011/06/21","2,048.17"
"2011/06/22","2,063.90"
"2011/06/23","2,055.86"
"2011/06/24","2,090.81"
"2011/06/27","2,070.29"
"2011/06/28","2,062.91"
"2011/06/29","2,094.42"
"2011/06/30","2,100.69"
"2011/07/01","2,125.74"
"2011/07/04","2,145.30"
"2011/07/05","2,161.75"
"2011/07/06","2,171.19"
"2011/07/07","2,180.59"
"2011/07/08","2,180.35"
"2011/07/11","2,157.16"
"2011/07/12","2,109.73"
"2011/07/13","2,129.64"
"2011/07/14","2,130.07"
"2011/07/15","2,145.20"
"2011/07/18","2,130.48"
"2011/07/19","2,130.21"
"2011/07/20","2,154.95"
"2011/07/21","2,145.04"
"2011/07/22","2,171.23"
"2011/07/25","2,150.48"
"2011/07/26","2,168.70"
"2011/07/27","2,174.31"
"2011/07/28","2,155.85"
"2011/07/29","2,133.21"
"2011/08/01","2,172.31"
"2011/08/02","2,121.27"
"2011/08/03","2,066.26"
"2011/08/04","2,018.47"
"2011/08/05","1,943.75"
"2011/08/08","1,869.45"
"2011/08/09","1,801.35"
"2011/08/10","1,806.24"
"2011/08/11","1,817.44"
"2011/08/12","1,793.31"
"2011/08/16","1,879.87"
"2011/08/17","1,892.67"
"2011/08/18","1,860.58"
"2011/08/19","1,744.88"
"2011/08/22","1,710.70"
"2011/08/23","1,776.68"
"2011/08/24","1,754.78"
"2011/08/25","1,764.58"
"2011/08/26","1,778.95"
"2011/08/29","1,829.50"
"2011/08/30","1,843.82"
"2011/08/31","1,880.11"
"2011/09/01","1,880.70"
"2011/09/02","1,867.75"
"2011/09/05","1,785.83"
"2011/09/06","1,766.71"
"2011/09/07","1,833.46"
"2011/09/08","1,846.64"
"2011/09/09","1,812.93"
"2011/09/14","1,749.16"
"2011/09/15","1,774.08"
"2011/09/16","1,840.10"
"2011/09/19","1,820.94"
"2011/09/20","1,837.97"
"2011/09/21","1,854.28"
"2011/09/22","1,800.55"
"2011/09/23","1,697.44"
"2011/09/26","1,652.71"
"2011/09/27","1,735.71"
"2011/09/28","1,723.08"
"2011/09/29","1,769.29"
"2011/09/30","1,769.65"
"2011/10/04","1,706.19"
"2011/10/05","1,666.52"
"2011/10/06","1,710.32"
"2011/10/07","1,759.77"
"2011/10/10","1,766.44"
"2011/10/11","1,795.02"
"2011/10/12","1,809.50"
"2011/10/13","1,823.10"
"2011/10/14","1,835.40"
"2011/10/17","1,865.18"
"2011/10/18","1,838.90"
"2011/10/19","1,855.92"
"2011/10/20","1,805.09"
"2011/10/21","1,838.38"
"2011/10/24","1,898.32"
"2011/10/25","1,888.65"
"2011/10/26","1,894.31"
"2011/10/27","1,922.04"
"2011/10/28","1,929.48"
"2011/10/31","1,909.03"
"2011/11/01","1,909.63"
"2011/11/02","1,898.01"
"2011/11/03","1,869.96"
"2011/11/04","1,928.41"
"2011/11/07","1,919.10"
"2011/11/08","1,903.14"
"2011/11/09","1,907.53"
"2011/11/10","1,813.25"
"2011/11/11","1,863.45"
"2011/11/14","1,902.81"
"2011/11/15","1,886.12"
"2011/11/16","1,856.07"
"2011/11/17","1,876.67"
"2011/11/18","1,839.17"
"2011/11/21","1,820.03"
"2011/11/22","1,826.28"
"2011/11/23","1,783.10"
"2011/11/24","1,795.06"
"2011/11/25","1,776.40"
"2011/11/28","1,815.28"
"2011/11/29","1,856.52"
"2011/11/30","1,847.51"
"2011/12/01","1,916.18"
"2011/12/02","1,916.04"
"2011/12/05","1,922.90"
"2011/12/06","1,902.82"
"2011/12/07","1,919.42"
"2011/12/08","1,912.39"
"2011/12/09","1,874.75"
"2011/12/12","1,899.76"
"2011/12/13","1,864.06"
"2011/12/14","1,857.75"
"2011/12/15","1,819.11"
"2011/12/16","1,839.96"
"2011/12/19","1,776.93"
"2011/12/20","1,793.06"
"2011/12/21","1,848.41"
"2011/12/22","1,847.49"
"2011/12/23","1,867.22"
"2011/12/26","1,856.70"
"2011/12/27","1,842.02"
"2011/12/28","1,825.12"
"2011/12/29","1,825.74"
"2011/12/30",""
"2012/01/02","1,826.37"
"2012/01/03","1,875.41"
"2012/01/04","1,866.22"
"2012/01/05","1,863.74"
"2012/01/06","1,843.14"
"2012/01/09","1,826.49"
"2012/01/10","1,853.22"
"2012/01/11","1,845.55"
"2012/01/12","1,864.57"
"2012/01/13","1,875.68"
"2012/01/16","1,859.27"
"2012/01/17","1,892.74"
"2012/01/18","1,892.39"
"2012/01/19","1,914.97"
"2012/01/20","1,949.89"
"2012/01/25","1,952.23"
"2012/01/26","1,957.18"
"2012/01/27","1,964.83"
"2012/01/30","1,940.55"
"2012/01/31","1,955.79"
"2012/02/01","1,959.24"
"2012/02/02","1,984.30"
"2012/02/03","1,972.34"
"2012/02/06","1,973.13"
"2012/02/07","1,981.59"
"2012/02/08","2,003.73"
"2012/02/09","2,014.62"
"2012/02/10","1,993.71"
"2012/02/13","2,005.74"
"2012/02/14","2,002.64"
"2012/02/15","2,025.32"
"2012/02/16","1,997.45"
"2012/02/17","2,023.47"
"2012/02/20","2,024.90"
"2012/02/21","2,024.24"
"2012/02/22","2,028.65"
"2012/02/23","2,007.80"
"2012/02/24","2,019.89"
"2012/02/27","1,991.16"
"2012/02/28","2,003.69"
"2012/02/29","2,030.25"
"2012/03/02","2,034.63"
"2012/03/05","2,016.06"
"2012/03/06","2,000.36"
"2012/03/07","1,982.15"
"2012/03/08","2,000.76"
"2012/03/09","2,018.30"
"2012/03/12","2,002.50"
"2012/03/13","2,025.04"
"2012/03/14","2,045.08"
"2012/03/15","2,043.76"
"2012/03/16","2,034.44"
"2012/03/19","2,047.00"
"2012/03/20","2,042.15"
"2012/03/21","2,027.23"
"2012/03/22","2,026.12"
"2012/03/23","2,026.83"
"2012/03/26","2,019.19"
"2012/03/27","2,039.76"
"2012/03/28","2,031.74"
"2012/03/29","2,014.41"
"2012/03/30","2,014.04"
"2012/04/02","2,029.29"
"2012/04/03","2,049.28"
"2012/04/04","2,018.61"
"2012/04/05","2,028.77"
"2012/04/06","2,029.03"
"2012/04/09","1,997.08"
"2012/04/10","1,994.41"
"2012/04/12","1,986.63"
"2012/04/13","2,008.91"
"2012/04/16","1,992.63"
"2012/04/17","1,985.30"
"2012/04/18","2,004.53"
"2012/04/19","1,999.86"
"2012/04/20","1,974.65"
"2012/04/23","1,972.63"
"2012/04/24","1,963.42"
"2012/04/25","1,961.98"
"2012/04/26","1,964.04"
"2012/04/27","1,975.35"
"2012/04/30","1,981.99"
"2012/05/02","1,999.07"
"2012/05/03","1,995.11"
"2012/05/04","1,989.15"
"2012/05/07","1,956.44"
"2012/05/08","1,967.01"
"2012/05/09","1,950.29"
"2012/05/10","1,944.93"
"2012/05/11","1,917.13"
"2012/05/14","1,913.73"
"2012/05/15","1,898.96"
"2012/05/16","1,840.53"
"2012/05/17","1,845.24"
"2012/05/18","1,782.46"
"2012/05/21","1,799.13"
"2012/05/22","1,828.69"
"2012/05/23","1,808.62"
"2012/05/24","1,814.47"
"2012/05/25","1,824.17"
"2012/05/29","1,849.91"
"2012/05/30","1,844.86"
"2012/05/31","1,843.47"
"2012/06/01","1,834.51"
"2012/06/04","1,783.13"
"2012/06/05","1,801.85"
"2012/06/07","1,847.95"
"2012/06/08","1,835.64"
"2012/06/11","1,867.04"
"2012/06/12","1,854.74"
"2012/06/13","1,859.32"
"2012/06/14","1,871.48"
"2012/06/15","1,858.16"
"2012/06/18","1,891.71"
"2012/06/19","1,891.77"
"2012/06/20","1,904.12"
"2012/06/21","1,889.15"
"2012/06/22","1,847.39"
"2012/06/25","1,825.38"
"2012/06/26","1,817.81"
"2012/06/27","1,817.65"
"2012/06/28","1,819.18"
"2012/06/29","1,854.01"
"2012/07/02","1,851.65"
"2012/07/03","1,867.82"
"2012/07/04","1,874.45"
"2012/07/05","1,875.49"
"2012/07/06","1,858.20"
"2012/07/09","1,836.13"
"2012/07/10","1,829.45"
"2012/07/11","1,826.39"
"2012/07/12","1,785.39"
"2012/07/13","1,812.89"
"2012/07/16","1,817.79"
"2012/07/17","1,821.96"
"2012/07/18","1,794.91"
"2012/07/19","1,822.96"
"2012/07/20","1,822.93"
"2012/07/23","1,789.44"
"2012/07/24","1,793.93"
"2012/07/25","1,769.31"
"2012/07/26","1,782.47"
"2012/07/27","1,829.16"
"2012/07/30","1,843.79"
"2012/07/31","1,881.99"
"2012/08/01","1,879.93"
"2012/08/02","1,869.40"
"2012/08/03","1,848.68"
"2012/08/06","1,885.88"
"2012/08/07","1,886.80"
"2012/08/08","1,903.23"
"2012/08/09","1,940.59"
"2012/08/10","1,946.40"
"2012/08/13","1,932.44"
"2012/08/14","1,956.96"
"2012/08/16","1,957.91"
"2012/08/17","1,946.54"
"2012/08/20","1,946.31"
"2012/08/21","1,943.22"
"2012/08/22","1,935.19"
"2012/08/23","1,942.54"
"2012/08/24","1,919.81"
"2012/08/27","1,917.87"
"2012/08/28","1,916.33"
"2012/08/29","1,928.54"
"2012/08/30","1,906.38"
"2012/08/31","1,905.12"
"2012/09/03","1,912.71"
"2012/09/04","1,907.13"
"2012/09/05","1,874.03"
"2012/09/06","1,881.24"
"2012/09/07","1,929.58"
"2012/09/10","1,924.70"
"2012/09/11","1,920.00"
"2012/09/12","1,950.03"
"2012/09/13","1,950.69"
"2012/09/14","2,007.58"
"2012/09/17","2,002.35"
"2012/09/18","2,004.96"
"2012/09/19","2,007.88"
"2012/09/20","1,990.33"
"2012/09/21","2,002.37"
"2012/09/24","2,003.44"
"2012/09/25","1,991.41"
"2012/09/26","1,980.44"
"2012/09/27","1,988.70"
"2012/09/28","1,996.21"
"2012/10/02","1,996.03"
"2012/10/04","1,992.68"
"2012/10/05","1,995.17"
"2012/10/08","1,981.89"
"2012/10/09","1,979.04"
"2012/10/10","1,948.22"
"2012/10/11","1,933.09"
"2012/10/12","1,933.26"
"2012/10/15","1,925.59"
"2012/10/16","1,941.54"
"2012/10/17","1,955.15"
"2012/10/18","1,959.12"
"2012/10/19","1,943.84"
"2012/10/22","1,941.59"
"2012/10/23","1,926.81"
"2012/10/24","1,913.96"
"2012/10/25","1,924.50"
"2012/10/26","1,891.43"
"2012/10/29","1,891.52"
"2012/10/30","1,899.58"
"2012/10/31","1,912.06"
"2012/11/01","1,898.44"
"2012/11/02","1,918.72"
"2012/11/05","1,908.22"
"2012/11/06","1,928.17"
"2012/11/07","1,937.55"
"2012/11/08","1,914.41"
"2012/11/09","1,904.41"
"2012/11/12","1,900.87"
"2012/11/13","1,889.71"
"2012/11/14","1,894.04"
"2012/11/15","1,870.72"
"2012/11/16","1,860.83"
"2012/11/19","1,878.10"
"2012/11/20","1,890.18"
"2012/11/21","1,884.04"
"2012/11/22","1,899.50"
"2012/11/23","1,911.33"
"2012/11/26","1,908.51"
"2012/11/27","1,925.20"
"2012/11/28","1,912.78"
"2012/11/29","1,934.85"
"2012/11/30","1,932.90"
"2012/12/03","1,940.02"
"2012/12/04","1,935.18"
"2012/12/05","1,947.04"
"2012/12/06","1,949.62"
"2012/12/07","1,957.45"
"2012/12/10","1,957.42"
"2012/12/11","1,964.62"
"2012/12/12","1,975.44"
"2012/12/13","2,002.77"
"2012/12/14","1,995.04"
"2012/12/17","1,983.07"
"2012/12/18","1,993.09"
"2012/12/20","1,999.50"
"2012/12/21","1,980.42"
"2012/12/24","1,981.82"
"2012/12/26","1,982.25"
"2012/12/27","1,987.35"
"2012/12/28","1,997.05"
"2012/12/31",""
"2013/01/02","2,031.10"
"2013/01/03","2,019.41"
"2013/01/04","2,011.94"
"2013/01/07","2,011.25"
"2013/01/08","1,997.94"
"2013/01/09","1,991.81"
"2013/01/10","2,006.80"
"2013/01/11","1,996.67"
"2013/01/14","2,007.04"
"2013/01/15","1,983.74"
"2013/01/16","1,977.45"
"2013/01/17","1,974.27"
"2013/01/18","1,987.85"
"2013/01/21","1,986.86"
"2013/01/22","1,996.52"
"2013/01/23","1,980.41"
"2013/01/24","1,964.48"
"2013/01/25","1,946.69"
"2013/01/28","1,939.71"
"2013/01/29","1,955.96"
"2013/01/30","1,964.43"
"2013/01/31","1,961.94"
"2013/02/01","1,957.79"
"2013/02/04","1,953.21"
"2013/02/05","1,938.18"
"2013/02/06","1,936.19"
"2013/02/07","1,931.77"
"2013/02/08","1,950.90"
"2013/02/12","1,945.79"
"2013/02/13","1,976.07"
"2013/02/14","1,979.61"
"2013/02/15","1,981.18"
"2013/02/18","1,981.91"
"2013/02/19","1,985.83"
"2013/02/20","2,024.64"
"2013/02/21","2,015.22"
"2013/02/22","2,018.89"
"2013/02/25","2,009.52"
"2013/02/26","2,000.01"
"2013/02/27","2,004.04"
"2013/02/28","2,026.49"
"2013/03/04","2,013.15"
"2013/03/05","2,016.61"
"2013/03/06","2,020.74"
"2013/03/07","2,004.40"
"2013/03/08","2,006.01"
"2013/03/11","2,003.35"
"2013/03/12","1,993.34"
"2013/03/13","1,999.73"
"2013/03/14","2,002.13"
"2013/03/15","1,986.50"
"2013/03/18","1,968.18"
"2013/03/19","1,978.56"
"2013/03/20","1,959.41"
"2013/03/21","1,950.82"
"2013/03/22","1,950.12"
"2013/03/25","1,977.67"
"2013/03/26","1,983.70"
"2013/03/27","1,993.44"
"2013/03/28","1,993.52"
"2013/03/29","2,004.89"
"2013/04/01","1,995.99"
"2013/04/02","1,986.15"
"2013/04/03","1,983.22"
"2013/04/04","1,959.45"
"2013/04/05","1,927.23"
"2013/04/08","1,918.69"
"2013/04/09","1,920.74"
"2013/04/10","1,935.58"
"2013/04/11","1,949.80"
"2013/04/12","1,924.23"
"2013/04/15","1,920.45"
"2013/04/16","1,922.21"
"2013/04/17","1,923.84"
"2013/04/18","1,900.06"
"2013/04/19","1,906.75"
"2013/04/22","1,926.31"
"2013/04/23","1,918.63"
"2013/04/24","1,935.31"
"2013/04/25","1,951.60"
"2013/04/26","1,944.56"
"2013/04/29","1,940.70"
"2013/04/30","1,963.95"
"2013/05/02","1,957.21"
"2013/05/03","1,965.71"
"2013/05/06","1,961.48"
"2013/05/07","1,954.35"
"2013/05/08","1,956.45"
"2013/05/09","1,979.45"
"2013/05/10","1,944.75"
"2013/05/13","1,948.70"
"2013/05/14","1,968.83"
"2013/05/15","1,971.26"
"2013/05/16","1,986.81"
"2013/05/20","1,982.43"
"2013/05/21","1,981.09"
"2013/05/22","1,993.83"
"2013/05/23","1,969.19"
"2013/05/24","1,973.45"
"2013/05/27","1,979.97"
"2013/05/28","1,986.22"
"2013/05/29","2,001.20"
"2013/05/30","2,000.10"
"2013/05/31","2,001.05"
"2013/06/03","1,989.57"
"2013/06/04","1,989.51"
"2013/06/05","1,959.19"
"2013/06/07","1,923.85"
"2013/06/10","1,932.70"
"2013/06/11","1,920.68"
"2013/06/12","1,909.91"
"2013/06/13","1,882.73"
"2013/06/14","1,889.24"
"2013/06/17","1,883.10"
"2013/06/18","1,900.62"
"2013/06/19","1,888.31"
"2013/06/20","1,850.49"
"2013/06/21","1,822.83"
"2013/06/24","1,799.01"
"2013/06/25","1,780.63"
"2013/06/26","1,783.45"
"2013/06/27","1,834.70"
"2013/06/28","1,863.32"
"2013/07/01","1,855.73"
"2013/07/02","1,855.02"
"2013/07/03","1,824.66"
"2013/07/04","1,839.14"
"2013/07/05","1,833.31"
"2013/07/08","1,816.85"
"2013/07/09","1,830.35"
"2013/07/10","1,824.16"
"2013/07/11","1,877.60"
"2013/07/12","1,869.98"
"2013/07/15","1,875.16"
"2013/07/16","1,866.36"
"2013/07/17","1,887.49"
"2013/07/18","1,875.48"
"2013/07/19","1,871.41"
"2013/07/22","1,880.35"
"2013/07/23","1,904.15"
"2013/07/24","1,912.08"
"2013/07/25","1,909.61"
"2013/07/26","1,910.81"
"2013/07/29","1,899.89"
"2013/07/30","1,917.05"
"2013/07/31","1,914.03"
"2013/08/01","1,920.74"
"2013/08/02","1,923.38"
"2013/08/05","1,916.22"
"2013/08/06","1,906.62"
"2013/08/07","1,878.33"
"2013/08/08","1,883.97"
"2013/08/09","1,880.71"
"2013/08/12","1,884.83"
"2013/08/13","1,913.03"
"2013/08/14","1,923.91"
"2013/08/16","1,920.11"
"2013/08/19","1,917.64"
"2013/08/20","1,887.85"
"2013/08/21","1,867.46"
"2013/08/22","1,849.12"
"2013/08/23","1,870.16"
"2013/08/26","1,887.86"
"2013/08/27","1,885.84"
"2013/08/28","1,884.52"
"2013/08/29","1,907.54"
"2013/08/30","1,926.36"
"2013/09/02","1,924.81"
"2013/09/03","1,933.74"
"2013/09/04","1,933.03"
"2013/09/05","1,951.65"
"2013/09/06","1,955.31"
"2013/09/09","1,974.67"
"2013/09/10","1,994.06"
"2013/09/11","2,003.85"
"2013/09/12","2,004.06"
"2013/09/13","1,994.32"
"2013/09/16","2,013.37"
"2013/09/17","2,005.58"
"2013/09/23","2,009.41"
"2013/09/24","2,007.10"
"2013/09/25","1,998.06"
"2013/09/26","2,007.32"
"2013/09/27","2,011.80"
"2013/09/30","1,996.96"
"2013/10/01","1,998.87"
"2013/10/02","1,999.47"
"2013/10/04","1,996.98"
"2013/10/07","1,994.42"
"2013/10/08","2,002.76"
"2013/10/10","2,001.40"
"2013/10/11","2,024.90"
"2013/10/14","2,020.27"
"2013/10/15","2,040.96"
"2013/10/16","2,034.61"
"2013/10/17","2,040.61"
"2013/10/18","2,052.40"
"2013/10/21","2,053.01"
"2013/10/22","2,056.12"
"2013/10/23","2,035.75"
"2013/10/24","2,046.69"
"2013/10/25","2,034.39"
"2013/10/28","2,048.14"
"2013/10/29","2,051.76"
"2013/10/30","2,059.58"
"2013/10/31","2,030.09"
"2013/11/01","2,039.42"
"2013/11/04","2,025.17"
"2013/11/05","2,013.93"
"2013/11/06","2,013.67"
"2013/11/07","2,004.04"
"2013/11/08","1,984.87"
"2013/11/11","1,977.30"
"2013/11/12","1,995.48"
"2013/11/13","1,963.56"
"2013/11/14","1,967.56"
"2013/11/15","2,005.64"
"2013/11/18","2,010.81"
"2013/11/19","2,031.64"
"2013/11/20","2,017.24"
"2013/11/21","1,993.78"
"2013/11/22","2,006.23"
"2013/11/25","2,015.98"
"2013/11/26","2,022.64"
"2013/11/27","2,028.81"
"2013/11/28","2,045.77"
"2013/11/29","2,044.87"
"2013/12/02","2,030.78"
"2013/12/03","2,009.36"
"2013/12/04","1,986.80"
"2013/12/05","1,984.77"
"2013/12/06","1,980.41"
"2013/12/09","2,000.38"
"2013/12/10","1,993.45"
"2013/12/11","1,977.97"
"2013/12/12","1,967.93"
"2013/12/13","1,962.91"
"2013/12/16","1,961.15"
"2013/12/17","1,965.74"
"2013/12/18","1,974.63"
"2013/12/19","1,975.65"
"2013/12/20","1,983.35"
"2013/12/23","1,996.89"
"2013/12/24","2,001.59"
"2013/12/26","1,999.30"
"2013/12/27","2,002.28"
"2013/12/30","2,011.34"
"2013/12/31",""
"2014/01/02","1,967.19"
"2014/01/03","1,946.14"
"2014/01/06","1,953.28"
"2014/01/07","1,959.44"
"2014/01/08","1,958.96"
"2014/01/09","1,946.11"
"2014/01/10","1,938.54"
"2014/01/13","1,948.92"
"2014/01/14","1,946.07"
"2014/01/15","1,953.28"
"2014/01/16","1,957.32"
"2014/01/17","1,944.48"
"2014/01/20","1,953.78"
"2014/01/21","1,963.89"
"2014/01/22","1,970.42"
"2014/01/23","1,947.59"
"2014/01/24","1,940.56"
"2014/01/27","1,910.34"
"2014/01/28","1,916.93"
"2014/01/29","1,941.15"
"2014/02/03","1,919.96"
"2014/02/04","1,886.85"
"2014/02/05","1,891.32"
"2014/02/06","1,907.89"
"2014/02/07","1,922.50"
"2014/02/10","1,923.30"
"2014/02/11","1,932.06"
"2014/02/12","1,935.84"
"2014/02/13","1,926.96"
"2014/02/14","1,940.28"
"2014/02/17","1,946.36"
"2014/02/18","1,946.91"
"2014/02/19","1,942.93"
"2014/02/20","1,930.57"
"2014/02/21","1,957.83"
"2014/02/24","1,949.05"
"2014/02/25","1,964.86"
"2014/02/26","1,970.77"
"2014/02/27","1,978.43"
"2014/02/28","1,979.99"
"2014/03/03","1,964.69"
"2014/03/04","1,954.11"
"2014/03/05","1,971.24"
"2014/03/06","1,975.62"
"2014/03/07","1,974.68"
"2014/03/10","1,954.42"
"2014/03/11","1,963.87"
"2014/03/12","1,932.54"
"2014/03/13","1,934.38"
"2014/03/14","1,919.90"
"2014/03/17","1,927.53"
"2014/03/18","1,940.21"
"2014/03/19","1,937.68"
"2014/03/20","1,919.52"
"2014/03/21","1,934.94"
"2014/03/24","1,945.55"
"2014/03/25","1,941.25"
"2014/03/26","1,964.31"
"2014/03/27","1,977.97"
"2014/03/28","1,981.00"
"2014/03/31","1,985.61"
"2014/04/01","1,991.98"
"2014/04/02","1,997.25"
"2014/04/03","1,993.70"
"2014/04/04","1,988.09"
"2014/04/07","1,989.70"
"2014/04/08","1,993.03"
"2014/04/09","1,998.95"
"2014/04/10","2,008.61"
"2014/04/11","1,997.44"
"2014/04/14","1,997.02"
"2014/04/15","1,992.27"
"2014/04/16","1,992.21"
"2014/04/17","1,992.05"
"2014/04/18","2,004.28"
"2014/04/21","1,999.22"
"2014/04/22","2,004.22"
"2014/04/23","2,000.37"
"2014/04/24","1,998.34"
"2014/04/25","1,971.66"
"2014/04/28","1,969.26"
"2014/04/29","1,964.77"
"2014/04/30","1,961.79"
"2014/05/02","1,959.44"
"2014/05/07","1,939.88"
"2014/05/08","1,950.60"
"2014/05/09","1,956.55"
"2014/05/12","1,964.94"
"2014/05/13","1,982.93"
"2014/05/14","2,010.83"
"2014/05/15","2,010.20"
"2014/05/16","2,013.44"
"2014/05/19","2,015.14"
"2014/05/20","2,011.26"
"2014/05/21","2,008.33"
"2014/05/22","2,015.59"
"2014/05/23","2,017.17"
"2014/05/26","2,010.35"
"2014/05/27","1,997.63"
"2014/05/28","2,017.06"
"2014/05/29","2,012.26"
"2014/05/30","1,994.96"
"2014/06/02","2,002.00"
"2014/06/03","2,008.56"
"2014/06/05","1,995.48"
"2014/06/09","1,990.04"
"2014/06/10","2,011.80"
"2014/06/11","2,014.67"
"2014/06/12","2,011.65"
"2014/06/13","1,990.85"
"2014/06/16","1,993.59"
"2014/06/17","2,001.55"
"2014/06/18","1,989.49"
"2014/06/19","1,992.03"
"2014/06/20","1,968.07"
"2014/06/23","1,974.92"
"2014/06/24","1,994.35"
"2014/06/25","1,981.77"
"2014/06/26","1,995.05"
"2014/06/27","1,988.51"
"2014/06/30","2,002.21"
"2014/07/01","1,999.00"
"2014/07/02","2,015.28"
"2014/07/03","2,010.97"
"2014/07/04","2,009.66"
"2014/07/07","2,005.12"
"2014/07/08","2,006.66"
"2014/07/09","2,000.50"
"2014/07/10","2,002.84"
"2014/07/11","1,988.74"
"2014/07/14","1,993.88"
"2014/07/15","2,012.72"
"2014/07/16","2,013.48"
"2014/07/17","2,020.90"
"2014/07/18","2,019.42"
"2014/07/21","2,018.50"
"2014/07/22","2,028.93"
"2014/07/23","2,028.32"
"2014/07/24","2,026.62"
"2014/07/25","2,033.85"
"2014/07/28","2,048.81"
"2014/07/29","2,061.97"
"2014/07/30","2,082.61"
"2014/07/31","2,076.12"
"2014/08/01","2,073.10"
"2014/08/04","2,080.42"
"2014/08/05","2,066.26"
"2014/08/06","2,060.73"
"2014/08/07","2,054.51"
"2014/08/08","2,031.10"
"2014/08/11","2,039.37"
"2014/08/12","2,041.47"
"2014/08/13","2,062.36"
"2014/08/14","2,063.22"
"2014/08/18","2,053.13"
"2014/08/19","2,071.14"
"2014/08/20","2,072.78"
"2014/08/21","2,044.21"
"2014/08/22","2,056.70"
"2014/08/25","2,060.89"
"2014/08/26","2,068.05"
"2014/08/27","2,074.93"
"2014/08/28","2,075.76"
"2014/08/29","2,068.54"
"2014/09/01","2,067.86"
"2014/09/02","2,051.58"
"2014/09/03","2,051.20"
"2014/09/04","2,056.26"
"2014/09/05","2,049.41"
"2014/09/11","2,034.16"
"2014/09/12","2,041.86"
"2014/09/15","2,035.82"
"2014/09/16","2,042.92"
"2014/09/17","2,062.61"
"2014/09/18","2,047.74"
"2014/09/19","2,053.82"
"2014/09/22","2,039.27"
"2014/09/23","2,028.91"
"2014/09/24","2,035.64"
"2014/09/25","2,034.11"
"2014/09/26","2,031.64"
"2014/09/29","2,026.60"
"2014/09/30","2,020.09"
"2014/10/01","1,991.54"
"2014/10/02","1,976.16"
"2014/10/06","1,968.39"
"2014/10/07","1,972.91"
"2014/10/08","1,965.25"
"2014/10/10","1,940.92"
"2014/10/13","1,927.21"
"2014/10/14","1,929.25"
"2014/10/15","1,925.91"
"2014/10/16","1,918.83"
"2014/10/17","1,900.66"
"2014/10/20","1,930.06"
"2014/10/21","1,915.28"
"2014/10/22","1,936.97"
"2014/10/23","1,931.65"
"2014/10/24","1,925.69"
"2014/10/27","1,931.97"
"2014/10/28","1,925.68"
"2014/10/29","1,961.17"
"2014/10/30","1,958.93"
"2014/10/31","1,964.43"
"2014/11/03","1,952.97"
"2014/11/04","1,935.19"
"2014/11/05","1,931.43"
"2014/11/06","1,936.48"
"2014/11/07","1,939.87"
"2014/11/10","1,958.23"
"2014/11/11","1,963.00"
"2014/11/12","1,967.27"
"2014/11/13","1,960.51"
"2014/11/14","1,945.14"
"2014/11/17","1,943.63"
"2014/11/18","1,967.01"
"2014/11/19","1,966.87"
"2014/11/20","1,958.04"
"2014/11/21","1,964.84"
"2014/11/24","1,978.54"
"2014/11/25","1,980.21"
"2014/11/26","1,980.84"
"2014/11/27","1,982.09"
"2014/11/28","1,980.78"
"2014/12/01","1,965.22"
"2014/12/02","1,965.83"
"2014/12/03","1,969.91"
"2014/12/04","1,986.61"
"2014/12/05","1,986.62"
"2014/12/08","1,978.95"
"2014/12/09","1,970.95"
"2014/12/10","1,945.56"
"2014/12/11","1,916.59"
"2014/12/12","1,921.71"
"2014/12/15","1,920.36"
"2014/12/16","1,904.13"
"2014/12/17","1,900.16"
"2014/12/18","1,897.50"
"2014/12/19","1,929.98"
"2014/12/22","1,943.12"
"2014/12/23","1,939.02"
"2014/12/24","1,946.61"
"2014/12/26","1,948.16"
"2014/12/29","1,927.86"
"2014/12/30","1,915.59"
"2014/12/31",""
"2015/01/02","1,926.44"
"2015/01/05","1,915.75"
"2015/01/06","1,882.45"
"2015/01/07","1,883.83"
"2015/01/08","1,904.65"
"2015/01/09","1,924.70"
"2015/01/12","1,920.95"
"2015/01/13","1,917.14"
"2015/01/14","1,913.66"
"2015/01/15","1,914.14"
"2015/01/16","1,888.13"
"2015/01/19","1,902.62"
"2015/01/20","1,918.31"
"2015/01/21","1,921.23"
"2015/01/22","1,920.82"
"2015/01/23","1,936.09"
"2015/01/26","1,935.68"
"2015/01/27","1,952.40"
"2015/01/28","1,961.58"
"2015/01/29","1,951.02"
"2015/01/30","1,949.26"
"2015/02/02","1,952.68"
"2015/02/03","1,951.96"
"2015/02/04","1,962.79"
"2015/02/05","1,952.84"
"2015/02/06","1,955.52"
"2015/02/09","1,947.00"
"2015/02/10","1,935.86"
"2015/02/11","1,945.70"
"2015/02/12","1,941.63"
"2015/02/13","1,957.50"
"2015/02/16","1,958.23"
"2015/02/17","1,961.45"
"2015/02/23","1,968.39"
"2015/02/24","1,976.12"
"2015/02/25","1,990.47"
"2015/02/26","1,993.08"
"2015/02/27","1,985.80"
"2015/03/02","1,996.81"
"2015/03/03","2,001.38"
"2015/03/04","1,998.29"
"2015/03/05","1,998.38"
"2015/03/06","2,012.94"
"2015/03/09","1,992.82"
"2015/03/10","1,984.77"
"2015/03/11","1,980.83"
"2015/03/12","1,970.59"
"2015/03/13","1,985.79"
"2015/03/16","1,987.33"
"2015/03/17","2,029.91"
"2015/03/18","2,028.45"
"2015/03/19","2,037.89"
"2015/03/20","2,037.24"
"2015/03/23","2,036.59"
"2015/03/24","2,041.37"
"2015/03/25","2,042.81"
"2015/03/26","2,022.56"
"2015/03/27","2,019.80"
"2015/03/30","2,030.04"
"2015/03/31","2,041.03"
"2015/04/01","2,028.45"
"2015/04/02","2,029.07"
"2015/04/03","2,045.42"
"2015/04/06","2,046.43"
"2015/04/07","2,047.03"
"2015/04/08","2,059.26"
"2015/04/09","2,058.87"
"2015/04/10","2,087.76"
"2015/04/13","2,098.92"
"2015/04/14","2,111.72"
"2015/04/15","2,119.96"
"2015/04/16","2,139.90"
"2015/04/17","2,143.50"
"2015/04/20","2,146.71"
"2015/04/21","2,144.79"
"2015/04/22","2,143.89"
"2015/04/23","2,173.41"
"2015/04/24","2,159.80"
"2015/04/27","2,157.54"
"2015/04/28","2,147.67"
"2015/04/29","2,142.63"
"2015/04/30","2,127.17"
"2015/05/04","2,132.23"
"2015/05/06","2,104.58"
"2015/05/07","2,091.00"
"2015/05/08","2,085.52"
"2015/05/11","2,097.38"
"2015/05/12","2,096.77"
"2015/05/13","2,114.16"
"2015/05/14","2,120.33"
"2015/05/15","2,106.50"
"2015/05/18","2,113.72"
"2015/05/19","2,120.85"
"2015/05/20","2,139.54"
"2015/05/21","2,122.81"
"2015/05/22","2,146.10"
"2015/05/26","2,143.50"
"2015/05/27","2,107.50"
"2015/05/28","2,110.89"
"2015/05/29","2,114.80"
"2015/06/01","2,102.37"
"2015/06/02","2,078.64"
"2015/06/03","2,063.16"
"2015/06/04","2,072.86"
"2015/06/05","2,068.10"
"2015/06/08","2,065.19"
"2015/06/09","2,064.03"
"2015/06/10","2,051.32"
"2015/06/11","2,056.61"
"2015/06/12","2,052.17"
"2015/06/15","2,042.32"
"2015/06/16","2,028.72"
"2015/06/17","2,034.86"
"2015/06/18","2,041.88"
"2015/06/19","2,046.96"
"2015/06/22","2,055.16"
"2015/06/23","2,081.20"
"2015/06/24","2,085.53"
"2015/06/25","2,085.06"
"2015/06/26","2,090.26"
"2015/06/29","2,060.49"
"2015/06/30","2,074.20"
"2015/07/01","2,097.89"
"2015/07/02","2,107.33"
"2015/07/03","2,104.41"
"2015/07/06","2,053.93"
"2015/07/07","2,040.29"
"2015/07/08","2,016.21"
"2015/07/09","2,027.81"
"2015/07/10","2,031.17"
"2015/07/13","2,061.52"
"2015/07/14","2,059.23"
"2015/07/15","2,072.91"
"2015/07/16","2,087.89"
"2015/07/17","2,076.79"
"2015/07/20","2,073.31"
"2015/07/21","2,083.62"
"2015/07/22","2,064.73"
"2015/07/23","2,065.07"
"2015/07/24","2,045.96"
"2015/07/27","2,038.81"
"2015/07/28","2,039.10"
"2015/07/29","2,037.62"
"2015/07/30","2,019.03"
"2015/07/31","2,030.16"
"2015/08/03","2,008.49"
"2015/08/04","2,027.99"
"2015/08/05","2,029.76"
"2015/08/06","2,013.29"
"2015/08/07","2,010.23"
"2015/08/10","2,003.17"
"2015/08/11","1,986.65"
"2015/08/12","1,975.47"
"2015/08/13","1,983.46"
"2015/08/17","1,968.52"
"2015/08/18","1,956.26"
"2015/08/19","1,939.38"
"2015/08/20","1,914.55"
"2015/08/21","1,876.07"
"2015/08/24","1,829.81"
"2015/08/25","1,846.63"
"2015/08/26","1,894.09"
"2015/08/27","1,908.00"
"2015/08/28","1,937.67"
"2015/08/31","1,941.49"
"2015/09/01","1,914.23"
"2015/09/02","1,915.22"
"2015/09/03","1,915.53"
"2015/09/04","1,886.04"
"2015/09/07","1,883.22"
"2015/09/08","1,878.68"
"2015/09/09","1,934.20"
"2015/09/10","1,962.11"
"2015/09/11","1,941.37"
"2015/09/14","1,931.46"
"2015/09/15","1,937.56"
"2015/09/16","1,975.45"
"2015/09/17","1,976.49"
"2015/09/18","1,995.95"
"2015/09/21","1,964.68"
"2015/09/22","1,982.06"
"2015/09/23","1,944.64"
"2015/09/24","1,947.10"
"2015/09/25","1,942.85"
"2015/09/30","1,962.81"
"2015/10/01","1,979.32"
"2015/10/02","1,969.68"
"2015/10/05","1,978.25"
"2015/10/06","1,990.65"
"2015/10/07","2,005.84"
"2015/10/08","2,019.53"
"2015/10/12","2,021.63"
"2015/10/13","2,019.05"
"2015/10/14","2,009.55"
"2015/10/15","2,033.27"
"2015/10/16","2,030.26"
"2015/10/19","2,030.27"
"2015/10/20","2,039.36"
"2015/10/21","2,042.98"
"2015/10/22","2,023.00"
"2015/10/23","2,040.40"
"2015/10/26","2,048.08"
"2015/10/27","2,044.65"
"2015/10/28","2,042.51"
"2015/10/29","2,034.16"
"2015/10/30","2,029.47"
"2015/11/02","2,035.24"
"2015/11/03","2,048.40"
"2015/11/04","2,052.77"
"2015/11/05","2,049.41"
"2015/11/06","2,041.07"
"2015/11/09","2,025.70"
"2015/11/10","1,996.59"
"2015/11/11","1,997.27"
"2015/11/12","1,993.36"
"2015/11/13","1,973.29"
"2015/11/16","1,943.02"
"2015/11/17","1,963.58"
"2015/11/18","1,962.88"
"2015/11/19","1,988.91"
"2015/11/20","1,989.86"
"2015/11/23","2,003.70"
"2015/11/24","2,016.29"
"2015/11/25","2,009.42"
"2015/11/26","2,030.68"
"2015/11/27","2,028.99"
"2015/11/30","1,991.97"
"2015/12/01","2,023.93"
"2015/12/02","2,009.29"
"2015/12/03","1,994.07"
"2015/12/04","1,974.40"
"2015/12/07","1,963.67"
"2015/12/08","1,949.04"
"2015/12/09","1,948.24"
"2015/12/10","1,952.07"
"2015/12/11","1,948.62"
"2015/12/14","1,927.82"
"2015/12/15","1,932.97"
"2015/12/16","1,969.40"
"2015/12/17","1,977.96"
"2015/12/18","1,975.32"
"2015/12/21","1,981.19"
"2015/12/22","1,992.56"
"2015/12/23","1,999.22"
"2015/12/24","1,990.65"
"2015/12/28","1,964.06"
"2015/12/29","1,966.31"
"2015/12/30","1,961.31"
"2015/12/31",""
"2016/01/04","1,918.76"
"2016/01/05","1,930.53"
"2016/01/06","1,925.43"
"2016/01/07","1,904.33"
"2016/01/08","1,917.62"
"2016/01/11","1,894.84"
"2016/01/12","1,890.86"
"2016/01/13","1,916.28"
"2016/01/14","1,900.01"
"2016/01/15","1,878.87"
"2016/01/18","1,878.45"
"2016/01/19","1,889.64"
"2016/01/20","1,845.45"
"2016/01/21","1,840.53"
"2016/01/22","1,879.43"
"2016/01/25","1,893.43"
"2016/01/26","1,871.69"
"2016/01/27","1,897.87"
"2016/01/28","1,906.94"
"2016/01/29","1,912.06"
"2016/02/01","1,924.82"
"2016/02/02","1,906.06"
"2016/02/03","1,890.67"
"2016/02/04","1,916.26"
"2016/02/05","1,917.79"
"2016/02/11","1,861.54"
"2016/02/12","1,835.28"
"2016/02/15","1,862.20"
"2016/02/16","1,888.30"
"2016/02/17","1,883.94"
"2016/02/18","1,908.84"
"2016/02/19","1,916.24"
"2016/02/22","1,916.36"
"2016/02/23","1,914.22"
"2016/02/24","1,912.53"
"2016/02/25","1,918.57"
"2016/02/26","1,920.16"
"2016/02/29","1,916.66"
"2016/03/02","1,947.42"
"2016/03/03","1,958.17"
"2016/03/04","1,955.63"
"2016/03/07","1,957.87"
"2016/03/08","1,946.12"
"2016/03/09","1,952.95"
"2016/03/10","1,969.33"
"2016/03/11","1,971.41"
"2016/03/14","1,972.27"
"2016/03/15","1,969.97"
"2016/03/16","1,974.90"
"2016/03/17","1,987.99"
"2016/03/18","1,992.12"
"2016/03/21","1,989.76"
"2016/03/22","1,996.81"
"2016/03/23","1,995.12"
"2016/03/24","1,985.97"
"2016/03/25","1,983.81"
"2016/03/28","1,982.54"
"2016/03/29","1,994.91"
"2016/03/30","2,002.14"
"2016/03/31","1,995.85"
"2016/04/01","1,973.57"
"2016/04/04","1,978.97"
"2016/04/05","1,962.74"
"2016/04/06","1,971.32"
"2016/04/07","1,973.89"
"2016/04/08","1,972.05"
"2016/04/11","1,970.37"
"2016/04/12","1,981.32"
"2016/04/14","2,015.93"
"2016/04/15","2,014.71"
"2016/04/18","2,009.10"
"2016/04/19","2,011.36"
"2016/04/20","2,005.83"
"2016/04/21","2,022.10"
"2016/04/22","2,015.49"
"2016/04/25","2,014.55"
"2016/04/26","2,019.63"
"2016/04/27","2,015.40"
"2016/04/28","2,000.93"
"2016/04/29","1,994.15"
"2016/05/02","1,978.15"
"2016/05/03","1,986.41"
"2016/05/04","1,976.71"
"2016/05/09","1,967.81"
"2016/05/10","1,982.50"
"2016/05/11","1,980.10"
"2016/05/12","1,977.49"
"2016/05/13","1,966.99"
"2016/05/16","1,967.91"
"2016/05/17","1,968.06"
"2016/05/18","1,956.73"
"2016/05/19","1,946.78"
"2016/05/20","1,947.67"
"2016/05/23","1,955.25"
"2016/05/24","1,937.68"
"2016/05/25","1,960.51"
"2016/05/26","1,957.06"
"2016/05/27","1,969.17"
"2016/05/30","1,967.13"
"2016/05/31","1,983.40"
"2016/06/01","1,982.72"
"2016/06/02","1,985.11"
"2016/06/03","1,985.84"
"2016/06/07","2,011.63"
"2016/06/08","2,027.08"
"2016/06/09","2,024.17"
"2016/06/10","2,017.63"
"2016/06/13","1,979.06"
"2016/06/14","1,972.03"
"2016/06/15","1,968.83"
"2016/06/16","1,951.99"
"2016/06/17","1,953.40"
"2016/06/20","1,981.12"
"2016/06/21","1,982.70"
"2016/06/22","1,992.58"
"2016/06/23","1,986.71"
"2016/06/24","1,925.24"
"2016/06/27","1,926.85"
"2016/06/28","1,936.22"
"2016/06/29","1,956.36"
"2016/06/30","1,970.35"
"2016/07/01","1,987.32"
"2016/07/04","1,995.30"
"2016/07/05","1,989.85"
"2016/07/06","1,953.12"
"2016/07/07","1,974.08"
"2016/07/08","1,963.10"
"2016/07/11","1,988.54"
"2016/07/12","1,991.23"
"2016/07/13","2,005.55"
"2016/07/14","2,008.77"
"2016/07/15","2,017.26"
"2016/07/18","2,021.11"
"2016/07/19","2,016.89"
"2016/07/20","2,015.46"
"2016/07/21","2,012.22"
"2016/07/22","2,010.34"
"2016/07/25","2,012.32"
"2016/07/26","2,027.34"
"2016/07/27","2,025.05"
"2016/07/28","2,021.10"
"2016/07/29","2,016.19"
"2016/08/01","2,029.61"
"2016/08/02","2,019.03"
"2016/08/03","1,994.79"
"2016/08/04","2,000.03"
"2016/08/05","2,017.94"
"2016/08/08","2,031.12"
"2016/08/09","2,043.78"
"2016/08/10","2,044.64"
"2016/08/11","2,048.80"
"2016/08/12","2,050.47"
"2016/08/16","2,047.76"
"2016/08/17","2,043.75"
"2016/08/18","2,055.47"
"2016/08/19","2,056.24"
"2016/08/22","2,042.16"
"2016/08/23","2,049.93"
"2016/08/24","2,043.76"
"2016/08/25","2,042.92"
"2016/08/26","2,037.50"
"2016/08/29","2,032.35"
"2016/08/30","2,039.74"
"2016/08/31","2,034.65"
"2016/09/01","2,032.72"
"2016/09/02","2,038.31"
"2016/09/05","2,060.08"
"2016/09/06","2,066.53"
"2016/09/07","2,061.88"
"2016/09/08","2,063.73"
"2016/09/09","2,037.87"
"2016/09/12","1,991.48"
"2016/09/13","1,999.36"
"2016/09/19","2,015.78"
"2016/09/20","2,025.71"
"2016/09/21","2,035.99"
"2016/09/22","2,049.70"
"2016/09/23","2,054.07"
"2016/09/26","2,047.11"
"2016/09/27","2,062.82"
"2016/09/28","2,053.06"
"2016/09/29","2,068.72"
"2016/09/30","2,043.63"
"2016/10/04","2,054.86"
"2016/10/05","2,053.00"
"2016/10/06","2,065.30"
"2016/10/07","2,053.80"
"2016/10/10","2,056.82"
"2016/10/11","2,031.93"
"2016/10/12","2,033.73"
"2016/10/13","2,015.44"
"2016/10/14","2,022.66"
"2016/10/17","2,027.61"
"2016/10/18","2,040.43"
"2016/10/19","2,040.94"
"2016/10/20","2,040.60"
"2016/10/21","2,033.00"
"2016/10/24","2,047.74"
"2016/10/25","2,037.17"
"2016/10/26","2,013.89"
"2016/10/27","2,024.12"
"2016/10/28","2,019.42"
"2016/10/31","2,008.19"
"2016/11/01","2,007.39"
"2016/11/02","1,978.94"
"2016/11/03","1,983.80"
"2016/11/04","1,982.02"
"2016/11/07","1,997.58"
"2016/11/08","2,003.38"
"2016/11/09","1,958.38"
"2016/11/10","2,002.60"
"2016/11/11","1,984.43"
"2016/11/14","1,974.40"
"2016/11/15","1,967.53"
"2016/11/16","1,979.65"
"2016/11/17","1,980.55"
"2016/11/18","1,974.58"
"2016/11/21","1,966.05"
"2016/11/22","1,983.47"
"2016/11/23","1,987.95"
"2016/11/24","1,971.26"
"2016/11/25","1,974.46"
"2016/11/28","1,978.13"
"2016/11/29","1,978.39"
"2016/11/30","1,983.48"
"2016/12/01","1,983.75"
"2016/12/02","1,970.61"
"2016/12/05","1,963.36"
"2016/12/06","1,989.86"
"2016/12/07","1,991.89"
"2016/12/08","2,031.07"
"2016/12/09","2,024.69"
"2016/12/12","2,027.24"
"2016/12/13","2,035.98"
"2016/12/14","2,036.87"
"2016/12/15","2,036.65"
"2016/12/16","2,042.24"
"2016/12/19","2,038.39"
"2016/12/20","2,041.94"
"2016/12/21","2,037.96"
"2016/12/22","2,035.73"
"2016/12/23","2,035.90"
"2016/12/26","2,037.75"
"2016/12/27","2,042.17"
"2016/12/28","2,024.49"
"2016/12/29","2,026.46"
"2016/12/30",""
"2017/01/02","2,026.16"
"2017/01/03","2,043.97"
"2017/01/04","2,045.64"
"2017/01/05","2,041.95"
"2017/01/06","2,049.12"
"2017/01/09","2,048.78"
"2017/01/10","2,045.12"
"2017/01/11","2,075.17"
"2017/01/12","2,087.14"
"2017/01/13","2,076.79"
"2017/01/16","2,064.17"
"2017/01/17","2,071.87"
"2017/01/18","2,070.54"
"2017/01/19","2,072.79"
"2017/01/20","2,065.61"
"2017/01/23","2,065.99"
"2017/01/24","2,065.76"
"2017/01/25","2,066.94"
"2017/01/26","2,083.59"
"2017/01/31","2,067.57"
"2017/02/01","2,080.48"
"2017/02/02","2,071.01"
"2017/02/03","2,073.16"
"2017/02/06","2,077.66"
"2017/02/07","2,075.21"
"2017/02/08","2,065.08"
"2017/02/09","2,065.88"
"2017/02/10","2,075.08"
"2017/02/13","2,078.65"
"2017/02/14","2,074.57"
"2017/02/15","2,083.86"
"2017/02/16","2,081.84"
"2017/02/17","2,080.58"
"2017/02/20","2,084.39"
"2017/02/21","2,102.93"
"2017/02/22","2,106.61"
"2017/02/23","2,107.63"
"2017/02/24","2,094.12"
"2017/02/27","2,085.52"
"2017/02/28","2,091.64"
"2017/03/02","2,102.65"
"2017/03/03","2,078.75"
"2017/03/06","2,081.36"
"2017/03/07","2,094.05"
"2017/03/08","2,095.41"
"2017/03/09","2,091.06"
"2017/03/10","2,097.35"
"2017/03/13","2,117.59"
"2017/03/14","2,133.78"
"2017/03/15","2,133.00"
"2017/03/16","2,150.08"
"2017/03/17","2,164.58"
"2017/03/20","2,157.01"
"2017/03/21","2,178.38"
"2017/03/22","2,168.30"
"2017/03/23","2,172.72"
"2017/03/24","2,168.95"
"2017/03/27","2,155.66"
"2017/03/28","2,163.31"
"2017/03/29","2,166.98"
"2017/03/30","2,164.64"
"2017/03/31","2,160.23"
"2017/04/03","2,167.51"
"2017/04/04","2,161.10"
"2017/04/05","2,160.85"
"2017/04/06","2,152.75"
"2017/04/07","2,151.73"
"2017/04/10","2,133.32"
"2017/04/11","2,123.85"
"2017/04/12","2,128.91"
"2017/04/13","2,148.61"
"2017/04/14","2,134.88"
"2017/04/17","2,145.78"
"2017/04/18","2,148.46"
"2017/04/19","2,138.40"
"2017/04/20","2,149.15"
"2017/04/21","2,165.04"
"2017/04/24","2,173.74"
"2017/04/25","2,196.85"
"2017/04/26","2,207.84"
"2017/04/27","2,209.46"
"2017/04/28","2,205.44"
"2017/05/02","2,219.67"
"2017/05/04","2,241.24"
"2017/05/08","2,292.76"
"2017/05/10","2,270.12"
"2017/05/11","2,296.37"
"2017/05/12","2,286.02"
"2017/05/15","2,290.65"
"2017/05/16","2,295.33"
"2017/05/17","2,293.08"
"2017/05/18","2,286.82"
"2017/05/19","2,288.48"
"2017/05/22","2,304.03"
"2017/05/23","2,311.74"
"2017/05/24","2,317.34"
"2017/05/25","2,342.93"
"2017/05/26","2,355.30"
"2017/05/29","2,352.97"
"2017/05/30","2,343.68"
"2017/05/31","2,347.38"
"2017/06/01","2,344.61"
"2017/06/02","2,371.72"
"2017/06/05","2,368.62"
"2017/06/07","2,360.14"
"2017/06/08","2,363.57"
"2017/06/09","2,381.69"
"2017/06/12","2,357.87"
"2017/06/13","2,374.70"
"2017/06/14","2,372.64"
"2017/06/15","2,361.65"
"2017/06/16","2,361.83"
"2017/06/19","2,370.90"
"2017/06/20","2,369.23"
"2017/06/21","2,357.53"
"2017/06/22","2,370.37"
"2017/06/23","2,378.60"
"2017/06/26","2,388.66"
"2017/06/27","2,391.95"
"2017/06/28","2,382.56"
"2017/06/29","2,395.66"
"2017/06/30","2,391.79"
"2017/07/03","2,394.48"
"2017/07/04","2,380.52"
"2017/07/05","2,388.35"
"2017/07/06","2,387.81"
"2017/07/07","2,379.87"
"2017/07/10","2,382.10"
"2017/07/11","2,396.00"
"2017/07/12","2,391.77"
"2017/07/13","2,409.49"
"2017/07/14","2,414.63"
"2017/07/17","2,425.10"
"2017/07/18","2,426.04"
"2017/07/19","2,429.94"
"2017/07/20","2,441.84"
"2017/07/21","2,450.06"
"2017/07/24","2,451.53"
"2017/07/25","2,439.90"
"2017/07/26","2,434.51"
"2017/07/27","2,443.24"
"2017/07/28","2,400.99"
"2017/07/31","2,402.71"
"2017/08/01","2,422.96"
"2017/08/02","2,427.63"
"2017/08/03","2,386.85"
"2017/08/04","2,395.45"
"2017/08/07","2,398.75"
"2017/08/08","2,394.73"
"2017/08/09","2,368.39"
"2017/08/10","2,359.47"
"2017/08/11","2,319.71"
"2017/08/14","2,334.22"
"2017/08/16","2,348.26"
"2017/08/17","2,361.67"
"2017/08/18","2,358.37"
"2017/08/21","2,355.00"
"2017/08/22","2,365.33"
"2017/08/23","2,366.40"
"2017/08/24","2,375.84"
"2017/08/25","2,378.51"
"2017/08/28","2,370.30"
"2017/08/29","2,364.74"
"2017/08/30","2,372.29"
"2017/08/31","2,363.19"
"2017/09/01","2,357.69"
"2017/09/04","2,329.65"
"2017/09/05","2,326.62"
"2017/09/06","2,319.82"
"2017/09/07","2,346.19"
"2017/09/08","2,343.72"
"2017/09/11","2,359.08"
"2017/09/12","2,365.47"
"2017/09/13","2,360.18"
"2017/09/14","2,377.66"
"2017/09/15","2,386.07"
"2017/09/18","2,418.21"
"2017/09/19","2,416.05"
"2017/09/20","2,412.20"
"2017/09/21","2,406.50"
"2017/09/22","2,388.71"
"2017/09/25","2,380.40"
"2017/09/26","2,374.32"
"2017/09/27","2,372.57"
"2017/09/28","2,373.14"
"2017/09/29","2,394.47"
"2017/10/10","2,433.81"
"2017/10/11","2,458.16"
"2017/10/12","2,474.76"
"2017/10/13","2,473.62"
"2017/10/16","2,480.05"
"2017/10/17","2,484.37"
"2017/10/18","2,482.91"
"2017/10/19","2,473.06"
"2017/10/20","2,489.54"
"2017/10/23","2,490.05"
"2017/10/24","2,490.49"
"2017/10/25","2,492.50"
"2017/10/26","2,480.63"
"2017/10/27","2,496.63"
"2017/10/30","2,501.93"
"2017/10/31","2,523.43"
"2017/11/01","2,556.47"
"2017/11/02","2,546.36"
"2017/11/03","2,557.97"
"2017/11/06","2,549.41"
"2017/11/07","2,545.44"
"2017/11/08","2,552.40"
"2017/11/09","2,550.57"
"2017/11/10","2,542.95"
"2017/11/13","2,530.35"
"2017/11/14","2,526.64"
"2017/11/15","2,518.25"
"2017/11/16","2,534.79"
"2017/11/17","2,533.99"
"2017/11/20","2,527.67"
"2017/11/21","2,530.70"
"2017/11/22","2,540.51"
"2017/11/23","2,537.15"
"2017/11/24","2,544.33"
"2017/11/27","2,507.81"
"2017/11/28","2,514.19"
"2017/11/29","2,512.90"
"2017/11/30","2,476.37"
"2017/12/01","2,475.41"
"2017/12/04","2,501.67"
"2017/12/05","2,510.12"
"2017/12/06","2,474.37"
"2017/12/07","2,461.98"
"2017/12/08","2,464.00"
"2017/12/11","2,471.49"
"2017/12/12","2,461.00"
"2017/12/13","2,480.55"
"2017/12/14","2,469.48"
"2017/12/15","2,482.07"
"2017/12/18","2,481.88"
"2017/12/19","2,478.53"
"2017/12/20","2,472.37"
"2017/12/21","2,429.83"
"2017/12/22","2,440.54"
"2017/12/26","2,427.34"
"2017/12/27","2,436.67"
"2017/12/28","2,467.49"
"2017/12/29",""
"2018/01/02","2,479.65"
"2018/01/03","2,486.35"
"2018/01/04","2,466.46"
"2018/01/05","2,497.52"
"2018/01/08","2,513.28"
"2018/01/09","2,510.23"
"2018/01/10","2,499.75"
"2018/01/11","2,487.91"
"2018/01/12","2,496.42"
"2018/01/15","2,503.73"
"2018/01/16","2,521.74"
"2018/01/17","2,515.43"
"2018/01/18","2,515.81"
"2018/01/19","2,520.26"
"2018/01/22","2,502.11"
"2018/01/23","2,536.60"
"2018/01/24","2,538.00"
"2018/01/25","2,562.23"
"2018/01/26","2,574.76"
"2018/01/29","2,598.19"
"2018/01/30","2,567.74"
"2018/01/31","2,566.46"
"2018/02/01","2,568.54"
"2018/02/02","2,525.39"
"2018/02/05","2,491.75"
"2018/02/06","2,453.31"
"2018/02/07","2,396.56"
"2018/02/08","2,407.62"
"2018/02/09","2,363.77"
"2018/02/12","2,385.38"
"2018/02/13","2,395.19"
"2018/02/14","2,421.83"
"2018/02/19","2,442.82"
"2018/02/20","2,415.12"
"2018/02/21","2,429.65"
"2018/02/22","2,414.28"
"2018/02/23","2,451.52"
"2018/02/26","2,457.65"
"2018/02/27","2,456.14"
"2018/02/28","2,427.36"
"2018/03/02","2,402.16"
"2018/03/05","2,375.06"
"2018/03/06","2,411.41"
"2018/03/07","2,401.82"
"2018/03/08","2,433.08"
"2018/03/09","2,459.45"
"2018/03/12","2,484.12"
"2018/03/13","2,494.49"
"2018/03/14","2,486.08"
"2018/03/15","2,492.38"
"2018/03/16","2,493.97"
"2018/03/19","2,475.03"
"2018/03/20","2,485.52"
"2018/03/21","2,484.97"
"2018/03/22","2,496.02"
"2018/03/23","2,416.76"
"2018/03/26","2,437.08"
"2018/03/27","2,452.06"
"2018/03/28","2,419.29"
"2018/03/29","2,436.37"
"2018/03/30","2,445.85"
"2018/04/02","2,444.16"
"2018/04/03","2,442.43"
"2018/04/04","2,408.06"
"2018/04/05","2,437.52"
"2018/04/06","2,429.58"
"2018/04/09","2,444.08"
"2018/04/10","2,450.74"
"2018/04/11","2,444.22"
"2018/04/12","2,442.71"
"2018/04/13","2,455.07"
"2018/04/16","2,457.49"
"2018/04/17","2,453.77"
"2018/04/18","2,479.98"
"2018/04/19","2,486.10"
"2018/04/20","2,476.33"
"2018/04/23","2,474.11"
"2018/04/24","2,464.14"
"2018/04/25","2,448.81"
"2018/04/26","2,475.64"
"2018/04/27","2,492.40"
"2018/04/30","2,515.38"
"2018/05/02","2,505.61"
"2018/05/03","2,487.25"
"2018/05/04","2,461.38"
"2018/05/08","2,449.81"
"2018/05/09","2,443.98"
"2018/05/10","2,464.16"
"2018/05/11","2,477.71"
"2018/05/14","2,476.11"
"2018/05/15","2,458.54"
"2018/05/16","2,459.82"
"2018/05/17","2,448.45"
"2018/05/18","2,460.65"
"2018/05/21","2,465.57"
"2018/05/23","2,471.91"
"2018/05/24","2,466.01"
"2018/05/25","2,460.80"
"2018/05/28","2,478.96"
"2018/05/29","2,457.25"
"2018/05/30","2,409.03"
"2018/05/31","2,423.01"
"2018/06/01","2,438.96"
"2018/06/04","2,447.76"
"2018/06/05","2,453.76"
"2018/06/07","2,470.58"
"2018/06/08","2,451.58"
"2018/06/11","2,470.15"
"2018/06/12","2,468.83"
"2018/06/14","2,423.48"
"2018/06/15","2,404.04"
"2018/06/18","2,376.24"
"2018/06/19","2,340.11"
"2018/06/20","2,363.91"
"2018/06/21","2,337.83"
"2018/06/22","2,357.22"
"2018/06/25","2,357.88"
"2018/06/26","2,350.92"
"2018/06/27","2,342.03"
"2018/06/28","2,314.24"
"2018/06/29","2,326.13"
"2018/07/02","2,271.54"
"2018/07/03","2,272.76"
"2018/07/04","2,265.46"
"2018/07/05","2,257.55"
"2018/07/06","2,272.87"
"2018/07/09","2,285.80"
"2018/07/10","2,294.16"
"2018/07/11","2,280.62"
"2018/07/12","2,285.06"
"2018/07/13","2,310.90"
"2018/07/16","2,301.99"
"2018/07/17","2,297.92"
"2018/07/18","2,290.11"
"2018/07/19","2,282.29"
"2018/07/20","2,289.19"
"2018/07/23","2,269.31"
"2018/07/24","2,280.20"
"2018/07/25","2,273.03"
"2018/07/26","2,289.06"
"2018/07/27","2,294.99"
"2018/07/30","2,293.51"
"2018/07/31","2,295.26"
"2018/08/01","2,307.07"
"2018/08/02","2,270.20"
"2018/08/03","2,287.68"
"2018/08/06","2,286.50"
"2018/08/07","2,300.16"
"2018/08/08","2,301.45"
"2018/08/09","2,303.71"
"2018/08/10","2,282.79"
"2018/08/13","2,248.45"
"2018/08/14","2,258.91"
"2018/08/16","2,240.80"
"2018/08/17","2,247.05"
"2018/08/20","2,247.88"
"2018/08/21","2,270.06"
"2018/08/22","2,273.33"
"2018/08/23","2,282.60"
"2018/08/24","2,293.21"
"2018/08/27","2,299.30"
"2018/08/28","2,303.12"
"2018/08/29","2,309.03"
"2018/08/30","2,307.35"
"2018/08/31","2,322.88"
"2018/09/03","2,307.03"
"2018/09/04","2,315.72"
"2018/09/05","2,291.77"
"2018/09/06","2,287.61"
"2018/09/07","2,281.58"
"2018/09/10","2,288.66"
"2018/09/11","2,283.20"
"2018/09/12","2,282.92"
"2018/09/13","2,286.23"
"2018/09/14","2,318.25"
"2018/09/17","2,303.01"
"2018/09/18","2,308.98"
"2018/09/19","2,308.46"
"2018/09/20","2,323.45"
"2018/09/21","2,339.17"
"2018/09/27","2,355.43"
"2018/09/28","2,343.07"
"2018/10/01","2,338.88"
"2018/10/02","2,309.57"
"2018/10/04","2,274.49"
"2018/10/05","2,267.52"
"2018/10/08","2,253.83"
"2018/10/10","2,228.61"
"2018/10/11","2,129.67"
"2018/10/12","2,161.85"
"2018/10/15","2,145.12"
"2018/10/16","2,145.12"
"2018/10/17","2,167.51"
"2018/10/18","2,148.31"
"2018/10/19","2,156.26"
"2018/10/22","2,161.71"
"2018/10/23","2,106.10"
"2018/10/24","2,097.58"
"2018/10/25","2,063.30"
"2018/10/26","2,027.15"
"2018/10/29","1,996.05"
"2018/10/30","2,014.69"
"2018/10/31","2,029.69"
"2018/11/01","2,024.46"
"2018/11/02","2,096.00"
"2018/11/05","2,076.92"
"2018/11/06","2,089.62"
"2018/11/07","2,078.69"
"2018/11/08","2,092.63"
"2018/11/09","2,086.09"
"2018/11/12","2,080.44"
"2018/11/13","2,071.23"
"2018/11/14","2,068.05"
"2018/11/15","2,088.06"
"2018/11/16","2,092.40"
"2018/11/19","2,100.56"
"2018/11/20","2,082.58"
"2018/11/21","2,076.55"
"2018/11/22","2,069.95"
"2018/11/23","2,057.48"
"2018/11/26","2,083.02"
"2018/11/27","2,099.42"
"2018/11/28","2,108.22"
"2018/11/29","2,114.10"
"2018/11/30","2,096.86"
"2018/12/03","2,131.93"
"2018/12/04","2,114.35"
"2018/12/05","2,101.31"
"2018/12/06","2,068.69"
"2018/12/07","2,075.76"
"2018/12/10","2,053.79"
"2018/12/11","2,052.97"
"2018/12/12","2,082.57"
"2018/12/13","2,095.55"
"2018/12/14","2,069.38"
"2018/12/17","2,071.09"
"2018/12/18","2,062.11"
"2018/12/19","2,078.84"
"2018/12/20","2,060.12"
"2018/12/21","2,061.49"
"2018/12/24","2,055.01"
"2018/12/26","2,028.01"
"2018/12/27","2,028.44"
"2018/12/28","2,041.04"
"2018/12/31",""
"2019/01/02","2,010.00"
"2019/01/03","1,993.70"
"2019/01/04","2,010.25"
"2019/01/07","2,037.10"
"2019/01/08","2,025.27"
"2019/01/09","2,064.71"
"2019/01/10","2,063.28"
"2019/01/11","2,075.57"
"2019/01/14","2,064.52"
"2019/01/15","2,097.18"
"2019/01/16","2,106.10"
"2019/01/17","2,107.06"
"2019/01/18","2,124.28"
"2019/01/21","2,124.61"
"2019/01/22","2,117.77"
"2019/01/23","2,127.78"
"2019/01/24","2,145.03"
"2019/01/25","2,177.73"
"2019/01/28","2,177.30"
"2019/01/29","2,183.36"
"2019/01/30","2,206.20"
"2019/01/31","2,204.85"
"2019/02/01","2,203.46"
"2019/02/07","2,203.42"
"2019/02/08","2,177.05"
"2019/02/11","2,180.73"
"2019/02/12","2,190.47"
"2019/02/13","2,201.48"
"2019/02/14","2,225.85"
"2019/02/15","2,196.09"
"2019/02/18","2,210.89"
"2019/02/19","2,205.63"
"2019/02/20","2,229.76"
"2019/02/21","2,228.66"
"2019/02/22","2,230.50"
"2019/02/25","2,232.56"
"2019/02/26","2,226.60"
"2019/02/27","2,234.79"
"2019/02/28","2,195.44"
"2019/03/04","2,190.66"
"2019/03/05","2,179.23"
"2019/03/06","2,175.60"
"2019/03/07","2,165.79"
"2019/03/08","2,137.44"
"2019/03/11","2,138.10"
"2019/03/12","2,157.18"
"2019/03/13","2,148.41"
"2019/03/14","2,155.68"
"2019/03/15","2,176.11"
"2019/03/18","2,179.49"
"2019/03/19","2,177.62"
"2019/03/20","2,177.10"
"2019/03/21","2,184.88"
"2019/03/22","2,186.95"
"2019/03/25","2,144.86"
"2019/03/26","2,148.80"
"2019/03/27","2,145.62"
"2019/03/28","2,128.10"
"2019/03/29","2,140.67"
"2019/04/01","2,168.28"
"2019/04/02","2,177.18"
"2019/04/03","2,203.27"
"2019/04/04","2,206.53"
"2019/04/05","2,209.61"
"2019/04/08","2,210.60"
"2019/04/09","2,213.56"
"2019/04/10","2,224.39"
"2019/04/11","2,224.44"
"2019/04/12","2,233.45"
"2019/04/15","2,242.88"
"2019/04/16","2,248.63"
"2019/04/17","2,245.89"
"2019/04/18","2,213.77"
"2019/04/19","2,216.15"
"2019/04/22","2,216.65"
"2019/04/23","2,220.51"
"2019/04/24","2,201.03"
"2019/04/25","2,190.50"
"2019/04/26","2,179.31"
"2019/04/29","2,216.43"
"2019/04/30","2,203.59"
"2019/05/02","2,212.75"
"2019/05/03","2,196.32"
"2019/05/07","2,176.99"
"2019/05/08","2,168.01"
"2019/05/09","2,102.01"
"2019/05/10","2,108.04"
"2019/05/13","2,079.01"
"2019/05/14","2,081.84"
"2019/05/15","2,092.78"
"2019/05/16","2,067.69"
"2019/05/17","2,055.80"
"2019/05/20","2,055.71"
"2019/05/21","2,061.25"
"2019/05/22","2,064.86"
"2019/05/23","2,059.59"
"2019/05/24","2,045.31"
"2019/05/27","2,044.21"
"2019/05/28","2,048.83"
"2019/05/29","2,023.32"
"2019/05/30","2,038.80"
"2019/05/31","2,041.74"
"2019/06/03","2,067.85"
"2019/06/04","2,066.97"
"2019/06/05","2,069.11"
"2019/06/07","2,072.33"
"2019/06/10","2,099.49"
"2019/06/11","2,111.81"
"2019/06/12","2,108.75"
"2019/06/13","2,103.15"
"2019/06/14","2,095.41"
"2019/06/17","2,090.73"
"2019/06/18","2,098.71"
"2019/06/19","2,124.78"
"2019/06/20","2,131.29"
"2019/06/21","2,125.62"
"2019/06/24","2,126.33"
"2019/06/25","2,121.64"
"2019/06/26","2,121.85"
"2019/06/27","2,134.32"
"2019/06/28","2,130.62"
"2019/07/01","2,129.74"
"2019/07/02","2,122.02"
"2019/07/03","2,096.02"
"2019/07/04","2,108.73"
"2019/07/05","2,110.59"
"2019/07/08","2,064.17"
"2019/07/09","2,052.03"
"2019/07/10","2,058.78"
"2019/07/11","2,080.58"
"2019/07/12","2,086.66"
"2019/07/15","2,082.48"
"2019/07/16","2,091.87"
"2019/07/17","2,072.92"
"2019/07/18","2,066.55"
"2019/07/19","2,094.36"
"2019/07/22","2,093.34"
"2019/07/23","2,101.45"
"2019/07/24","2,082.30"
"2019/07/25","2,074.48"
"2019/07/26","2,066.26"
"2019/07/29","2,029.48"
"2019/07/30","2,038.68"
"2019/07/31","2,024.55"
"2019/08/01","2,017.34"
"2019/08/02","1,998.13"
"2019/08/05","1,946.98"
"2019/08/06","1,917.50"
"2019/08/07","1,909.71"
"2019/08/08","1,920.61"
"2019/08/09","1,937.75"
"2019/08/12","1,942.29"
"2019/08/13","1,925.83"
"2019/08/14","1,938.37"
"2019/08/16","1,927.17"
"2019/08/19","1,939.90"
"2019/08/20","1,960.25"
"2019/08/21","1,964.65"
"2019/08/22","1,951.01"
"2019/08/23","1,948.30"
"2019/08/26","1,916.31"
"2019/08/27","1,924.60"
"2019/08/28","1,941.09"
"2019/08/29","1,933.41"
"2019/08/30","1,967.79"
"2019/09/02","1,969.19"
"2019/09/03","1,965.69"
"2019/09/04","1,988.53"
"2019/09/05","2,004.75"
"2019/09/06","2,009.13"
"2019/09/09","2,019.55"
"2019/09/10","2,032.08"
"2019/09/11","2,049.20"
"2019/09/16","2,062.22"
"2019/09/17","2,062.33"
"2019/09/18","2,070.73"
"2019/09/19","2,080.35"
"2019/09/20","2,091.52"
"2019/09/23","2,091.70"
"2019/09/24","2,101.04"
"2019/09/25","2,073.39"
"2019/09/26","2,074.52"
"2019/09/27","2,049.93"
"2019/09/30","2,063.05"
"2019/10/01","2,072.42"
"2019/10/02","2,031.91"
"2019/10/04","2,020.69"
"2019/10/07","2,021.73"
"2019/10/08","2,046.25"
"2019/10/10","2,028.15"
"2019/10/11","2,044.61"
"2019/10/14","2,067.40"
"2019/10/15","2,068.17"
"2019/10/16","2,082.83"
"2019/10/17","2,077.94"
"2019/10/18","2,060.69"
"2019/10/21","2,064.84"
"2019/10/22","2,088.86"
"2019/10/23","2,080.62"
"2019/10/24","2,085.66"
"2019/10/25","2,087.89"
"2019/10/28","2,093.60"
"2019/10/29","2,092.69"
"2019/10/30","2,080.27"
"2019/10/31","2,083.48"
"2019/11/01","2,100.20"
"2019/11/04","2,130.24"
"2019/11/05","2,142.64"
"2019/11/06","2,144.15"
"2019/11/07","2,144.29"
"2019/11/08","2,137.23"
"2019/11/11","2,124.09"
"2019/11/12","2,140.92"
"2019/11/13","2,122.45"
"2019/11/14","2,139.23"
"2019/11/15","2,162.18"
"2019/11/18","2,160.69"
"2019/11/19","2,153.24"
"2019/11/20","2,125.32"
"2019/11/21","2,096.60"
"2019/11/22","2,101.96"
"2019/11/25","2,123.50"
"2019/11/26","2,121.35"
"2019/11/27","2,127.85"
"2019/11/28","2,118.60"
"2019/11/29","2,087.96"
"2019/12/02","2,091.92"
"2019/12/03","2,084.07"
"2019/12/04","2,068.89"
"2019/12/05","2,060.74"
"2019/12/06","2,081.85"
"2019/12/09","2,088.65"
"2019/12/10","2,098.00"
"2019/12/11","2,105.62"
"2019/12/12","2,137.35"
"2019/12/13","2,170.25"
"2019/12/16","2,168.15"
"2019/12/17","2,195.68"
"2019/12/18","2,194.76"
"2019/12/19","2,196.56"
"2019/12/20","2,204.18"
"2019/12/23","2,203.71"
"2019/12/24","2,190.08"
"2019/12/26","2,197.93"
"2019/12/27","2,204.21"
"2019/12/30","2,197.67"
"2019/12/31",""
"2020/01/02","2,175.17"
"2020/01/03","2,176.46"
"2020/01/06","2,155.07"
"2020/01/07","2,175.54"
"2020/01/08","2,151.31"
"2020/01/09","2,186.45"
"2020/01/10","2,206.39"
"2020/01/13","2,229.26"
"2020/01/14","2,238.88"
"2020/01/15","2,230.98"
"2020/01/16","2,248.05"
"2020/01/17","2,250.57"
"2020/01/20","2,262.64"
"2020/01/21","2,239.69"
"2020/01/22","2,267.25"
"2020/01/23","2,246.13"
"2020/01/28","2,176.72"
"2020/01/29","2,185.28"
"2020/01/30","2,148.00"
"2020/01/31","2,119.01"
"2020/02/03","2,118.88"
"2020/02/04","2,157.90"
"2020/02/05","2,165.63"
"2020/02/06","2,227.94"
"2020/02/07","2,211.95"
"2020/02/10","2,201.07"
"2020/02/11","2,223.12"
"2020/02/12","2,238.38"
"2020/02/13","2,232.96"
"2020/02/14","2,243.59"
"2020/02/17","2,242.17"
"2020/02/18","2,208.88"
"2020/02/19","2,210.34"
"2020/02/20","2,195.50"
"2020/02/21","2,162.84"
"2020/02/24","2,079.04"
"2020/02/25","2,103.61"
"2020/02/26","2,076.77"
"2020/02/27","2,054.89"
"2020/02/28","1,987.01"
"2020/03/02","2,002.51"
"2020/03/03","2,014.15"
"2020/03/04","2,059.33"
"2020/03/05","2,085.26"
"2020/03/06","2,040.22"
"2020/03/09","1,954.77"
"2020/03/10","1,962.93"
"2020/03/11","1,908.27"
"2020/03/12","1,834.33"
"2020/03/13","1,771.44"
"2020/03/16","1,714.86"
"2020/03/17","1,672.44"
"2020/03/18","1,591.20"
"2020/03/19","1,457.64"
"2020/03/20","1,566.15"
"2020/03/23","1,482.46"
"2020/03/24","1,609.97"
"2020/03/25","1,704.76"
"2020/03/26","1,686.24"
"2020/03/27","1,717.73"
"2020/03/30","1,717.12"
"2020/03/31","1,754.64"
"2020/04/01","1,685.46"
"2020/04/02","1,724.86"
"2020/04/03","1,725.44"
"2020/04/06","1,791.88"
"2020/04/07","1,823.60"
"2020/04/08","1,807.14"
"2020/04/09","1,836.21"
"2020/04/10","1,860.70"
"2020/04/13","1,825.76"
"2020/04/14","1,857.08"
"2020/04/16","1,857.07"
"2020/04/17","1,914.53"
"2020/04/20","1,898.36"
"2020/04/21","1,879.38"
"2020/04/22","1,896.15"
"2020/04/23","1,914.73"
"2020/04/24","1,889.01"
"2020/04/27","1,922.77"
"2020/04/28","1,934.09"
"2020/04/29","1,947.56"
"2020/05/04","1,895.37"
"2020/05/06","1,928.76"
"2020/05/07","1,928.61"
"2020/05/08","1,945.82"
"2020/05/11","1,935.40"
"2020/05/12","1,922.17"
"2020/05/13","1,940.42"
"2020/05/14","1,924.96"
"2020/05/15","1,927.28"
"2020/05/18","1,937.11"
"2020/05/19","1,980.61"
"2020/05/20","1,989.64"
"2020/05/21","1,998.31"
"2020/05/22","1,970.13"
"2020/05/25","1,994.60"
"2020/05/26","2,029.78"
"2020/05/27","2,031.20"
"2020/05/28","2,028.54"
"2020/05/29","2,029.60"
"2020/06/01","2,065.08"
"2020/06/02","2,087.19"
"2020/06/03","2,147.00"
"2020/06/04","2,151.18"
"2020/06/05","2,181.87"
"2020/06/08","2,184.29"
"2020/06/09","2,188.92"
"2020/06/10","2,195.69"
"2020/06/11","2,176.78"
"2020/06/12","2,132.30"
"2020/06/15","2,030.82"
"2020/06/16","2,138.05"
"2020/06/17","2,141.05"
"2020/06/18","2,133.48"
"2020/06/19","2,141.32"
"2020/06/22","2,126.73"
"2020/06/23","2,131.24"
"2020/06/24","2,161.51"
"2020/06/25","2,112.37"
"2020/06/26","2,134.65"
"2020/06/29","2,093.48"
"2020/06/30","2,108.33"
"2020/07/01","2,106.70"
"2020/07/02","2,135.37"
"2020/07/03","2,152.41"
"2020/07/06","2,187.93"
"2020/07/07","2,164.17"
"2020/07/08","2,158.88"
"2020/07/09","2,167.90"
"2020/07/10","2,150.25"
"2020/07/13","2,186.06"
"2020/07/14","2,183.61"
"2020/07/15","2,201.88"
"2020/07/16","2,183.76"
"2020/07/17","2,201.19"
"2020/07/20","2,198.20"
"2020/07/21","2,228.83"
"2020/07/22","2,228.66"
"2020/07/23","2,216.19"
"2020/07/24","2,200.44"
"2020/07/27","2,217.86"
"2020/07/28","2,256.99"
"2020/07/29","2,263.16"
"2020/07/30","2,267.01"
"2020/07/31","2,249.37"
"2020/08/03","2,251.04"
"2020/08/04","2,279.97"
"2020/08/05","2,311.86"
"2020/08/06","2,342.61"
"2020/08/07","2,351.67"
"2020/08/10","2,386.38"
"2020/08/11","2,418.67"
"2020/08/12","2,432.35"
"2020/08/13","2,437.53"
"2020/08/14","2,407.49"
"2020/08/18","2,348.24"
"2020/08/19","2,360.54"
"2020/08/20","2,274.22"
"2020/08/21","2,304.59"
"2020/08/24","2,329.83"
"2020/08/25","2,366.73"
"2020/08/26","2,369.32"
"2020/08/27","2,344.45"
"2020/08/28","2,353.80"
"2020/08/31","2,326.17"
"2020/09/01","2,349.55"
"2020/09/02","2,364.27"
"2020/09/03","2,395.90"
"2020/09/04","2,368.25"
"2020/09/07","2,384.22"
"2020/09/08","2,401.91"
"2020/09/09","2,375.81"
"2020/09/10","2,396.48"
"2020/09/11","2,396.69"
"2020/09/14","2,427.91"
"2020/09/15","2,443.58"
"2020/09/16","2,435.92"
"2020/09/17","2,406.17"
"2020/09/18","2,412.40"
"2020/09/21","2,389.39"
"2020/09/22","2,332.59"
"2020/09/23","2,333.24"
"2020/09/24","2,272.70"
"2020/09/25","2,278.79"
"2020/09/28","2,308.08"
"2020/09/29","2,327.89"
"2020/10/05","2,358.00"
"2020/10/06","2,365.90"
"2020/10/07","2,386.94"
"2020/10/08","2,391.96"
"2020/10/12","2,403.73"
"2020/10/13","2,403.15"
"2020/10/14","2,380.48"
"2020/10/15","2,361.21"
"2020/10/16","2,341.53"
"2020/10/19","2,346.74"
"2020/10/20","2,358.41"
"2020/10/21","2,370.86"
"2020/10/22","2,355.05"
"2020/10/23","2,360.81"
"2020/10/26","2,343.91"
"2020/10/27","2,330.84"
"2020/10/28","2,345.26"
"2020/10/29","2,326.67"
"2020/10/30","2,267.15"
"2020/11/02","2,300.16"
"2020/11/03","2,343.31"
"2020/11/04","2,357.32"
"2020/11/05","2,413.79"
"2020/11/06","2,416.50"
"2020/11/09","2,447.20"
"2020/11/10","2,452.83"
"2020/11/11","2,485.87"
"2020/11/12","2,475.62"
"2020/11/13","2,493.87"
"2020/11/16","2,543.03"
"2020/11/17","2,539.15"
"2020/11/18","2,545.64"
"2020/11/19","2,547.42"
"2020/11/20","2,553.50"
"2020/11/23","2,602.59"
"2020/11/24","2,617.76"
"2020/11/25","2,601.54"
"2020/11/26","2,625.91"
"2020/11/27","2,633.45"
"2020/11/30","2,591.34"
"2020/12/01","2,634.25"
"2020/12/02","2,675.90"
"2020/12/03","2,696.22"
"2020/12/04","2,731.45"
"2020/12/07","2,745.44"
"2020/12/08","2,700.93"
"2020/12/09","2,755.47"
"2020/12/10","2,746.46"
"2020/12/11","2,770.06"
"2020/12/14","2,762.20"
"2020/12/15","2,756.82"
"2020/12/16","2,771.79"
"2020/12/17","2,770.43"
"2020/12/18","2,772.18"
"2020/12/21","2,778.65"
"2020/12/22","2,733.68"
"2020/12/23","2,759.82"
"2020/12/24","2,806.86"
"2020/12/28","2,808.60"
"2020/12/29","2,820.51"
"2020/12/30","2,873.47"
"2020/12/31",""
"2021/01/04","2,944.45"
"2021/01/05","2,990.57"
"2021/01/06","2,968.21"
"2021/01/07","3,031.68"
"2021/01/08","3,152.18"
"2021/01/11","3,148.45"
"2021/01/12","3,125.95"
"2021/01/13","3,148.29"
"2021/01/14","3,149.93"
"2021/01/15","3,085.90"
"2021/01/18","3,013.93"
"2021/01/19","3,092.66"
"2021/01/20","3,114.55"
"2021/01/21","3,160.84"
"2021/01/22","3,140.63"
"2021/01/25","3,208.99"
"2021/01/26","3,140.31"
"2021/01/27","3,122.56"
"2021/01/28","3,069.05"
"2021/01/29","2,976.21"
"2021/02/01","3,056.53"
"2021/02/02","3,096.81"
"2021/02/03","3,129.68"
"2021/02/04","3,087.55"
"2021/02/05","3,120.63"
"2021/02/08","3,091.24"
"2021/02/09","3,084.67"
"2021/02/10","3,100.58"
"2021/02/15","3,147.00"
"2021/02/16","3,163.25"
"2021/02/17","3,133.73"
"2021/02/18","3,086.66"
"2021/02/19","3,107.62"
"2021/02/22","3,079.75"
"2021/02/23","3,070.09"
"2021/02/24","2,994.98"
"2021/02/25","3,099.69"
"2021/02/26","3,012.95"
"2021/03/02","3,043.87"
"2021/03/03","3,082.99"
"2021/03/04","3,043.49"
"2021/03/05","3,026.26"
"2021/03/08","2,996.11"
"2021/03/09","2,976.12"
"2021/03/10","2,958.12"
"2021/03/11","3,013.70"
"2021/03/12","3,054.39"
"2021/03/15","3,045.71"
"2021/03/16","3,067.17"
"2021/03/17","3,047.50"
"2021/03/18","3,066.01"
"2021/03/19","3,039.53"
"2021/03/22","3,035.46"
"2021/03/23","3,004.74"
"2021/03/24","2,996.35"
"2021/03/25","3,008.33"
"2021/03/26","3,041.01"
"2021/03/29","3,036.04"
"2021/03/30","3,070.00"
"2021/03/31","3,061.42"
"2021/04/01","3,087.40"
"2021/04/02","3,112.80"
"2021/04/05","3,120.83"
"2021/04/06","3,127.08"
"2021/04/07","3,137.41"
"2021/04/08","3,143.26"
"2021/04/09","3,131.88"
"2021/04/12","3,135.59"
"2021/04/13","3,169.08"
"2021/04/14","3,182.38"
"2021/04/15","3,194.33"
"2021/04/16","3,198.62"
"2021/04/19","3,198.84"
"2021/04/20","3,220.70"
"2021/04/21","3,171.66"
"2021/04/22","3,177.52"
"2021/04/23","3,186.10"
"2021/04/26","3,217.53"
"2021/04/27","3,215.42"
"2021/04/28","3,181.47"
"2021/04/29","3,174.07"
"2021/04/30","3,147.86"
"2021/05/03","3,127.20"
"2021/05/04","3,147.37"
"2021/05/06","3,178.74"
"2021/05/07","3,197.20"
"2021/05/10","3,249.30"
"2021/05/11","3,209.43"
"2021/05/12","3,161.66"
"2021/05/13","3,122.11"
"2021/05/14","3,153.32"
"2021/05/17","3,134.52"
"2021/05/18","3,173.05"
"2021/05/20","3,162.28"
"2021/05/21","3,156.42"
"2021/05/24","3,144.30"
"2021/05/25","3,171.32"
"2021/05/26","3,168.43"
"2021/05/27","3,165.51"
"2021/05/28","3,188.73"
"2021/05/31","3,203.92"
"2021/06/01","3,221.87"
"2021/06/02","3,224.23"
"2021/06/03","3,247.43"
"2021/06/04","3,240.08"
"2021/06/07","3,252.12"
"2021/06/08","3,247.83"
"2021/06/09","3,216.18"
"2021/06/10","3,224.64"
"2021/06/11","3,249.32"
"2021/06/14","3,252.13"
"2021/06/15","3,258.63"
"2021/06/16","3,278.68"
"2021/06/17","3,264.96"
"2021/06/18","3,267.93"
"2021/06/21","3,240.79"
"2021/06/22","3,263.88"
"2021/06/23","3,276.19"
"2021/06/24","3,286.10"
"2021/06/25","3,302.84"
"2021/06/28","3,301.89"
"2021/06/29","3,286.68"
"2021/06/30","3,296.68"
"2021/07/01","3,282.06"
"2021/07/02","3,281.78"
"2021/07/05","3,293.21"
"2021/07/06","3,305.21"
"2021/07/07","3,285.34"
"2021/07/08","3,252.68"
"2021/07/09","3,217.95"
"2021/07/12","3,246.47"
"2021/07/13","3,271.38"
"2021/07/14","3,264.81"
"2021/07/15","3,286.22"
"2021/07/16","3,276.91"
"2021/07/19","3,244.04"
"2021/07/20","3,232.70"
"2021/07/21","3,215.91"
"2021/07/22","3,250.21"
"2021/07/23","3,254.42"
"2021/07/26","3,224.95"
"2021/07/27","3,232.53"
"2021/07/28","3,236.86"
"2021/07/29","3,242.65"
"2021/07/30","3,202.32"
"2021/08/02","3,223.04"
"2021/08/03","3,237.14"
"2021/08/04","3,280.38"
"2021/08/05","3,276.13"
"2021/08/06","3,270.36"
"2021/08/09","3,260.42"
"2021/08/10","3,243.19"
"2021/08/11","3,220.62"
"2021/08/12","3,208.38"
"2021/08/13","3,171.29"
"2021/08/17","3,143.09"
"2021/08/18","3,158.93"
"2021/08/19","3,097.83"
"2021/08/20","3,060.51"
"2021/08/23","3,090.21"
"2021/08/24","3,138.30"
"2021/08/25","3,146.81"
"2021/08/26","3,128.53"
"2021/08/27","3,133.90"
"2021/08/30","3,144.19"
"2021/08/31","3,199.27"
"2021/09/01","3,207.02"
"2021/09/02","3,175.85"
"2021/09/03","3,201.06"
"2021/09/06","3,203.33"
"2021/09/07","3,187.42"
"2021/09/08","3,162.99"
"2021/09/09","3,114.70"
"2021/09/10","3,125.76"
"2021/09/13","3,127.86"
"2021/09/14","3,148.83"
"2021/09/15","3,153.40"
"2021/09/16","3,130.09"
"2021/09/17","3,140.51"
"2021/09/23","3,127.58"
"2021/09/24","3,125.24"
"2021/09/27","3,133.64"
"2021/09/28","3,097.92"
"2021/09/29","3,060.27"
"2021/09/30","3,068.82"
"2021/10/01","3,019.18"
"2021/10/05","2,962.17"
"2021/10/06","2,908.31"
"2021/10/07","2,959.46"
"2021/10/08","2,956.30"
"2021/10/12","2,916.38"
"2021/10/13","2,944.41"
"2021/10/14","2,988.64"
"2021/10/15","3,015.06"
"2021/10/18","3,006.68"
"2021/10/19","3,029.04"
"2021/10/20","3,013.13"
"2021/10/21","3,007.33"
"2021/10/22","3,006.16"
"2021/10/25","3,020.54"
"2021/10/26","3,049.08"
"2021/10/27","3,025.49"
"2021/10/28","3,009.55"
"2021/10/29","2,970.68"
"2021/11/01","2,978.94"
"2021/11/02","3,013.49"
"2021/11/03","2,975.71"
"2021/11/04","2,983.22"
"2021/11/05","2,969.27"
"2021/11/08","2,960.20"
"2021/11/09","2,962.46"
"2021/11/10","2,930.17"
"2021/11/11","2,924.92"
"2021/11/12","2,968.80"
"2021/11/15","2,999.52"
"2021/11/16","2,997.21"
"2021/11/17","2,962.42"
"2021/11/18","2,947.38"
"2021/11/19","2,971.02"
"2021/11/22","3,013.25"
"2021/11/23","2,997.33"
"2021/11/24","2,994.29"
"2021/11/25","2,980.27"
"2021/11/26","2,936.44"
"2021/11/29","2,909.32"
"2021/11/30","2,839.01"
"2021/12/01","2,899.72"
"2021/12/02","2,945.27"
"2021/12/03","2,968.33"
"2021/12/06","2,973.25"
"2021/12/07","2,991.72"
"2021/12/08","3,001.80"
"2021/12/09","3,029.57"
"2021/12/10","3,010.23"
"2021/12/13","3,001.66"
"2021/12/14","2,987.95"
"2021/12/15","2,989.39"
"2021/12/16","3,006.41"
"2021/12/17","3,017.73"
"2021/12/20","2,963.00"
"2021/12/21","2,975.03"
"2021/12/22","2,984.48"
"2021/12/23","2,998.17"
"2021/12/24","3,012.43"
"2021/12/27","2,999.55"
"2021/12/28","3,020.24"
"2021/12/29","2,993.29"
"2021/12/30","2,977.65"
"2021/12/31",""
"2022/01/03","2,988.77"
"2022/01/04","2,989.24"
"2022/01/05","2,953.97"
"2022/01/06","2,920.53"
"2022/01/07","2,954.89"
"2022/01/10","2,926.72"
"2022/01/11","2,927.38"
"2022/01/12","2,972.48"
"2022/01/13","2,962.09"
"2022/01/14","2,921.92"
"2022/01/17","2,890.10"
"2022/01/18","2,864.24"
"2022/01/19","2,842.28"
"2022/01/20","2,862.68"
"2022/01/21","2,834.29"
"2022/01/24","2,792.00"
"2022/01/25","2,720.39"
"2022/01/26","2,709.24"
"2022/01/27","2,614.49"
"2022/01/28","2,663.34"
"2022/02/03","2,707.82"
"2022/02/04","2,750.26"
"2022/02/07","2,745.06"
"2022/02/08","2,746.47"
"2022/02/09","2,768.85"
"2022/02/10","2,771.93"
"2022/02/11","2,747.71"
"2022/02/14","2,704.48"
"2022/02/15","2,676.54"
"2022/02/16","2,729.68"
"2022/02/17","2,744.09"
"2022/02/18","2,744.52"
"2022/02/21","2,743.80"
"2022/02/22","2,706.79"
"2022/02/23","2,719.53"
"2022/02/24","2,648.80"
"2022/02/25","2,676.76"
"2022/02/28","2,699.18"
"2022/03/02","2,703.52"
"2022/03/03","2,747.08"
"2022/03/04","2,713.43"
"2022/03/07","2,651.31"
"2022/03/08","2,622.40"
"2022/03/10","2,680.32"
"2022/03/11","2,661.28"
"2022/03/14","2,645.65"
"2022/03/15","2,621.53"
"2022/03/16","2,659.23"
"2022/03/17","2,694.51"
"2022/03/18","2,707.02"
"2022/03/21","2,686.05"
"2022/03/22","2,710.00"
"2022/03/23","2,735.05"
"2022/03/24","2,729.66"
"2022/03/25","2,729.98"
"2022/03/28","2,729.56"
"2022/03/29","2,741.07"
"2022/03/30","2,746.74"
"2022/03/31","2,757.65"
"2022/04/01","2,739.85"
"2022/04/04","2,757.90"
"2022/04/05","2,759.20"
"2022/04/06","2,735.03"
"2022/04/07","2,695.86"
"2022/04/08","2,700.39"
"2022/04/11","2,693.10"
"2022/04/12","2,666.76"
"2022/04/13","2,716.49"
"2022/04/14","2,716.71"
"2022/04/15","2,696.06"
"2022/04/18","2,693.21"
"2022/04/19","2,718.89"
"2022/04/20","2,718.69"
"2022/04/21","2,728.21"
"2022/04/22","2,704.71"
"2022/04/25","2,657.13"
"2022/04/26","2,668.31"
"2022/04/27","2,639.06"
"2022/04/28","2,667.49"
"2022/04/29","2,695.05"
"2022/05/02","2,687.45"
"2022/05/03","2,680.46"
"2022/05/04","2,677.57"
"2022/05/06","2,644.51"
"2022/05/09","2,610.81"
"2022/05/10","2,596.56"
"2022/05/11","2,592.27"
"2022/05/12","2,550.08"
"2022/05/13","2,604.24"
"2022/05/16","2,596.58"
"2022/05/17","2,620.44"
"2022/05/18","2,625.98"
"2022/05/19","2,592.34"
"2022/05/20","2,639.29"
"2022/05/23","2,647.38"
"2022/05/24","2,605.87"
"2022/05/25","2,617.22"
"2022/05/26","2,612.45"
"2022/05/27","2,638.05"
"2022/05/30","2,669.66"
"2022/05/31","2,685.90"
"2022/06/02","2,658.99"
"2022/06/03","2,670.65"
"2022/06/07","2,626.34"
"2022/06/08","2,626.15"
"2022/06/09","2,625.44"
"2022/06/10","2,595.87"
"2022/06/13","2,504.51"
"2022/06/14","2,492.97"
"2022/06/15","2,447.38"
"2022/06/16","2,451.41"
"2022/06/17","2,440.93"
"2022/06/20","2,391.03"
"2022/06/21","2,408.93"
"2022/06/22","2,342.81"
"2022/06/23","2,314.32"
"2022/06/24","2,366.60"
"2022/06/27","2,401.92"
"2022/06/28","2,422.09"
"2022/06/29","2,377.99"
"2022/06/30","2,332.64"
"2022/07/01","2,305.42"
"2022/07/04","2,300.34"
"2022/07/05","2,341.78"
"2022/07/06","2,292.01"
"2022/07/07","2,334.27"
"2022/07/08","2,350.61"
"2022/07/11","2,340.27"
"2022/07/12","2,317.76"
"2022/07/13","2,328.61"
"2022/07/14","2,322.32"
"2022/07/15","2,330.98"
"2022/07/18","2,375.25"
"2022/07/19","2,370.97"
"2022/07/20","2,386.85"
"2022/07/21","2,409.16"
"2022/07/22","2,393.14"
"2022/07/25","2,403.69"
"2022/07/26","2,412.96"
"2022/07/27","2,415.53"
"2022/07/28","2,435.27"
"2022/07/29","2,451.50"
"2022/08/01","2,452.25"
"2022/08/02","2,439.62"
"2022/08/03","2,461.45"
"2022/08/04","2,473.11"
"2022/08/05","2,490.80"
"2022/08/08","2,493.10"
"2022/08/09","2,503.46"
"2022/08/10","2,480.88"
"2022/08/11","2,523.78"
"2022/08/12","2,527.94"
"2022/08/16","2,533.52"
"2022/08/17","2,516.47"
"2022/08/18","2,508.05"
"2022/08/19","2,492.69"
"2022/08/22","2,462.50"
"2022/08/23","2,435.34"
"2022/08/24","2,447.45"
"2022/08/25","2,477.26"
"2022/08/26","2,481.03"
"2022/08/29","2,426.89"
"2022/08/30","2,450.93"
"2022/08/31","2,472.05"
"2022/09/01","2,415.61"
"2022/09/02","2,409.41"
"2022/09/05","2,403.68"
"2022/09/06","2,410.02"
"2022/09/07","2,376.46"
"2022/09/08","2,384.28"
"2022/09/13","2,449.54"
"2022/09/14","2,411.42"
"2022/09/15","2,401.83"
"2022/09/16","2,382.78"
"2022/09/19","2,355.66"
"2022/09/20","2,367.85"
"2022/09/21","2,347.21"
"2022/09/22","2,332.31"
"2022/09/23","2,290.00"
"2022/09/26","2,220.94"
"2022/09/27","2,223.86"
"2022/09/28","2,169.29"
"2022/09/29","2,170.93"
"2022/09/30","2,155.49"
"2022/10/04","2,209.38"
"2022/10/05","2,215.22"
"2022/10/06","2,237.86"
"2022/10/07","2,232.84"
"2022/10/11","2,192.07"
"2022/10/12","2,202.47"
"2022/10/13","2,162.87"
"2022/10/14","2,212.55"
"2022/10/17","2,219.71"
"2022/10/18","2,249.95"
"2022/10/19","2,237.44"
"2022/10/20","2,218.09"
"2022/10/21","2,213.12"
"2022/10/24","2,236.16"
"2022/10/25","2,235.07"
"2022/10/26","2,249.56"
"2022/10/27","2,288.78"
"2022/10/28","2,268.40"
"2022/10/31","2,293.61"
"2022/11/01","2,335.22"
"2022/11/02","2,336.87"
"2022/11/03","2,329.17"
"2022/11/04","2,348.43"
"2022/11/07","2,371.79"
"2022/11/08","2,399.04"
"2022/11/09","2,424.41"
"2022/11/10","2,402.23"
"2022/11/11","2,483.16"
"2022/11/14","2,474.65"
"2022/11/15","2,480.33"
"2022/11/16","2,477.45"
"2022/11/17","2,442.90"
"2022/11/18","2,444.48"
"2022/11/21","2,419.50"
"2022/11/22","2,405.27"
"2022/11/23","2,418.01"
"2022/11/24","2,441.33"
"2022/11/25","2,437.86"
"2022/11/28","2,408.27"
"2022/11/29","2,433.39"
"2022/11/30","2,472.53"
"2022/12/01","2,479.84"
"2022/12/02","2,434.33"
"2022/12/05","2,419.32"
"2022/12/06","2,393.16"
"2022/12/07","2,382.81"
"2022/12/08","2,371.08"
"2022/12/09","2,389.04"
"2022/12/12","2,373.02"
"2022/12/13","2,372.40"
"2022/12/14","2,399.25"
"2022/12/15","2,360.97"
"2022/12/16","2,360.02"
"2022/12/19","2,352.17"
"2022/12/20","2,333.29"
"2022/12/21","2,328.95"
"2022/12/22","2,356.73"
"2022/12/23","2,313.69"
"2022/12/26","2,317.14"
"2022/12/27","2,332.79"
"2022/12/28","2,280.45"
"2022/12/29","2,236.40"
"2022/12/30",""
"2023/01/02","2,225.67"
"2023/01/03","2,218.68"
"2023/01/04","2,255.98"
"2023/01/05","2,264.65"
"2023/01/06","2,289.97"
"2023/01/09","2,350.19"
"2023/01/10","2,351.31"
"2023/01/11","2,359.53"
"2023/01/12","2,365.10"
"2023/01/13","2,386.09"
"2023/01/16","2,399.86"
"2023/01/17","2,379.39"
"2023/01/18","2,368.32"
"2023/01/19","2,380.34"
"2023/01/20","2,395.26"
"2023/01/25","2,428.57"
"2023/01/26","2,468.65"
"2023/01/27","2,484.02"
"2023/01/30","2,450.47"
"2023/01/31","2,425.08"
"2023/02/01","2,449.80"
"2023/02/02","2,468.88"
"2023/02/03","2,480.40"
"2023/02/06","2,438.19"
"2023/02/07","2,451.71"
"2023/02/08","2,483.64"
"2023/02/09","2,481.52"
"2023/02/10","2,469.73"
"2023/02/13","2,452.70"
"2023/02/14","2,465.64"
"2023/02/15","2,427.90"
"2023/02/16","2,475.48"
"2023/02/17","2,451.21"
"2023/02/20","2,455.12"
"2023/02/21","2,458.96"
"2023/02/22","2,417.68"
"2023/02/23","2,439.09"
"2023/02/24","2,423.61"
"2023/02/27","2,402.64"
"2023/02/28","2,412.85"
"2023/03/02","2,427.85"
"2023/03/03","2,432.07"
"2023/03/06","2,462.62"
"2023/03/07","2,463.35"
"2023/03/08","2,431.91"
"2023/03/09","2,419.09"
"2023/03/10","2,394.59"
"2023/03/13","2,410.60"
"2023/03/14","2,348.97"
"2023/03/15","2,379.72"
"2023/03/16","2,377.91"
"2023/03/17","2,395.69"
"2023/03/20","2,379.20"
"2023/03/21","2,388.35"
"2023/03/22","2,416.96"
"2023/03/23","2,424.48"
"2023/03/24","2,414.96"
"2023/03/27","2,409.22"
"2023/03/28","2,434.94"
"2023/03/29","2,443.92"
"2023/03/30","2,453.16"
"2023/03/31","2,476.86"
"2023/04/03","2,472.34"
"2023/04/04","2,480.51"
"2023/04/05","2,495.21"
"2023/04/06","2,459.23"
"2023/04/07","2,490.41"
"2023/04/10","2,512.08"
"2023/04/11","2,547.86"
"2023/04/12","2,550.64"
"2023/04/13","2,561.66"
"2023/04/14","2,571.49"
"2023/04/17","2,575.91"
"2023/04/18","2,571.09"
"2023/04/19","2,575.08"
"2023/04/20","2,563.11"
"2023/04/21","2,544.40"
"2023/04/24","2,523.50"
"2023/04/25","2,489.02"
"2023/04/26","2,484.83"
"2023/04/27","2,495.81"
"2023/04/28","2,501.53"
"2023/05/02","2,524.39"
"2023/05/03","2,501.40"
"2023/05/04","2,500.94"
"2023/05/08","2,513.21"
"2023/05/09","2,510.06"
"2023/05/10","2,496.51"
"2023/05/11","2,491.00"
"2023/05/12","2,475.42"
"2023/05/15","2,479.35"
"2023/05/16","2,480.24"
"2023/05/17","2,494.66"
"2023/05/18","2,515.40"
"2023/05/19","2,537.79"
"2023/05/22","2,557.08"
"2023/05/23","2,567.55"
"2023/05/24","2,567.45"
"2023/05/25","2,554.69"
"2023/05/26","2,558.81"
"2023/05/30","2,585.52"
"2023/05/31","2,577.12"
"2023/06/01","2,569.17"
"2023/06/02","2,601.36"
"2023/06/05","2,615.41"
"2023/06/07","2,615.60"
"2023/06/08","2,610.85"
"2023/06/09","2,641.16"
"2023/06/12","2,629.35"
"2023/06/13","2,637.95"
"2023/06/14","2,619.08"
"2023/06/15","2,608.54"
"2023/06/16","2,625.79"
"2023/06/19","2,609.50"
"2023/06/20","2,604.91"
"2023/06/21","2,582.63"
"2023/06/22","2,593.70"
"2023/06/23","2,570.10"
"2023/06/26","2,582.20"
"2023/06/27","2,581.39"
"2023/06/28","2,564.19"
"2023/06/29","2,550.02"
"2023/06/30","2,564.28"
"2023/07/03","2,602.47"
"2023/07/04","2,593.31"
"2023/07/05","2,579.00"
"2023/07/06","2,556.29"
"2023/07/07","2,526.71"
"2023/07/10","2,520.70"
"2023/07/11","2,562.49"
"2023/07/12","2,574.72"
"2023/07/13","2,591.23"
"2023/07/14","2,628.30"
"2023/07/17","2,619.00"
"2023/07/18","2,607.62"
"2023/07/19","2,608.24"
"2023/07/20","2,600.23"
"2023/07/21","2,609.76"
"2023/07/24","2,628.53"
"2023/07/25","2,636.46"
"2023/07/26","2,592.36"
"2023/07/27","2,603.81"
"2023/07/28","2,608.32"
"2023/07/31","2,632.58"
"2023/08/01","2,667.07"
"2023/08/02","2,616.47"
"2023/08/03","2,605.39"
"2023/08/04","2,602.80"
"2023/08/07","2,580.71"
"2023/08/08","2,573.98"
"2023/08/09","2,605.12"
"2023/08/10","2,601.56"
"2023/08/11","2,591.26"
"2023/08/14","2,570.87"
"2023/08/16","2,525.64"
"2023/08/17","2,519.85"
"2023/08/18","2,504.50"
"2023/08/21","2,508.80"
"2023/08/22","2,515.74"
"2023/08/23","2,505.50"
"2023/08/24","2,537.68"
"2023/08/25","2,519.14"
"2023/08/28","2,543.41"
"2023/08/29","2,552.16"
"2023/08/30","2,561.22"
"2023/08/31","2,556.27"
"2023/09/01","2,563.71"
"2023/09/04","2,584.55"
"2023/09/05","2,582.18"
"2023/09/06","2,563.34"
"2023/09/07","2,548.26"
"2023/09/08","2,547.68"
"2023/09/11","2,556.88"
"2023/09/12","2,536.58"
"2023/09/13","2,534.70"
"2023/09/14","2,572.89"
"2023/09/15","2,601.28"
"2023/09/18","2,574.72"
"2023/09/19","2,559.21"
"2023/09/20","2,559.74"
"2023/09/21","2,514.97"
"2023/09/22","2,508.13"
"2023/09/25","2,495.76"
"2023/09/26","2,462.97"
"2023/09/27","2,465.07"
"2023/10/04","2,405.69"
"2023/10/05","2,403.60"
"2023/10/06","2,408.73"
"2023/10/10","2,402.58"
"2023/10/11","2,450.08"
"2023/10/12","2,479.82"
"2023/10/13","2,456.15"
"2023/10/16","2,436.24"
"2023/10/17","2,460.17"
"2023/10/18","2,462.60"
"2023/10/19","2,415.80"
"2023/10/20","2,375.00"
"2023/10/23","2,357.02"
"2023/10/24","2,383.51"
"2023/10/25","2,363.17"
"2023/10/26","2,299.08"
"2023/10/27","2,302.81"
"2023/10/30","2,310.55"
"2023/10/31","2,277.99"
"2023/11/01","2,301.56"
"2023/11/02","2,343.12"
"2023/11/03","2,368.34"
"2023/11/06","2,502.37"
"2023/11/07","2,443.96"
"2023/11/08","2,421.62"
"2023/11/09","2,427.08"
"2023/11/10","2,409.66"
"2023/11/13","2,403.76"
"2023/11/14","2,433.25"
"2023/11/15","2,486.67"
"2023/11/16","2,488.18"
"2023/11/17","2,469.85"
"2023/11/20","2,491.20"
"2023/11/21","2,510.42"
"2023/11/22","2,511.70"
"2023/11/23","2,514.96"
"2023/11/24","2,496.63"
"2023/11/27","2,495.66"
"2023/11/28","2,521.76"
"2023/11/29","2,519.81"
"2023/11/30","2,535.29"
"2023/12/01","2,505.01"
"2023/12/04","2,514.95"
"2023/12/05","2,494.28"
"2023/12/06","2,495.38"
"2023/12/07","2,492.07"
"2023/12/08","2,517.85"
"2023/12/11","2,525.36"
"2023/12/12","2,535.27"
"2023/12/13","2,510.66"
"2023/12/14","2,544.18"
"2023/12/15","2,563.56"
"2023/12/18","2,566.86"
"2023/12/19","2,568.55"
"2023/12/20","2,614.30"
"2023/12/21","2,600.02"
"2023/12/22","2,599.51"
"2023/12/26","2,602.59"
"2023/12/27","2,613.50"
"2023/12/28","2,655.28"
"2023/12/29",""
"2024/01/02","2,669.81"
"2024/01/03","2,607.31"
"2024/01/04","2,587.02"
"2024/01/05","2,578.08"
"2024/01/08","2,567.82"
"2024/01/09","2,561.24"
"2024/01/10","2,541.98"
"2024/01/11","2,540.27"
"2024/01/12","2,525.05"
"2024/01/15","2,525.99"
"2024/01/16","2,497.59"
"2024/01/17","2,435.90"
"2024/01/18","2,440.04"
"2024/01/19","2,472.74"
"2024/01/22","2,464.35"
"2024/01/23","2,478.61"
"2024/01/24","2,469.69"
"2024/01/25","2,470.34"
"2024/01/26","2,478.56"
"2024/01/29","2,500.65"
"2024/01/30","2,498.81"
"2024/01/31","2,497.09"
"2024/02/01","2,542.46"
"2024/02/02","2,615.31"
"2024/02/05","2,591.31"
"2024/02/06","2,576.20"
"2024/02/07","2,609.58"
"2024/02/08","2,620.32"
"2024/02/13","2,649.64"
"2024/02/14","2,620.42"
"2024/02/15","2,613.80"
"2024/02/16","2,648.76"
"2024/02/19","2,680.26"
"2024/02/20","2,657.79"
"2024/02/21","2,653.31"
"2024/02/22","2,664.27"
"2024/02/23","2,667.70"
"2024/02/26","2,647.08"
"2024/02/27","2,625.05"
"2024/02/28","2,652.29"
"2024/02/29","2,642.36"
"2024/03/04","2,674.27"
"2024/03/05","2,649.40"
"2024/03/06","2,641.49"
"2024/03/07","2,647.62"
"2024/03/08","2,680.35"
"2024/03/11","2,659.84"
"2024/03/12","2,681.81"
"2024/03/13","2,693.57"
"2024/03/14","2,718.76"
"2024/03/15","2,666.84"
"2024/03/18","2,685.84"
"2024/03/19","2,656.17"
"2024/03/20","2,690.14"
"2024/03/21","2,754.86"
"2024/03/22","2,748.56"
"2024/03/25","2,737.57"
"2024/03/26","2,757.09"
"2024/03/27","2,755.11"
"2024/03/28","2,745.82"
"2024/03/29","2,746.63"
"2024/04/01","2,747.86"
"2024/04/02","2,753.16"
"2024/04/03","2,706.97"
"2024/04/04","2,742.00"
"2024/04/05","2,714.21"
"2024/04/08","2,717.65"
"2024/04/09","2,705.16"
"2024/04/11","2,706.96"
"2024/04/12","2,681.82"
"2024/04/15","2,670.43"
"2024/04/16","2,609.63"
"2024/04/17","2,584.18"
"2024/04/18","2,634.70"
"2024/04/19","2,591.86"
"2024/04/22","2,629.44"
"2024/04/23","2,623.02"
"2024/04/24","2,675.75"
"2024/04/25","2,628.62"
"2024/04/26","2,656.33"
"2024/04/29","2,687.44"
"2024/04/30","2,692.06"
"2024/05/02","2,683.65"
"2024/05/03","2,676.63"
"2024/05/07","2,734.36"
"2024/05/08","2,745.05"
"2024/05/09","2,712.14"
"2024/05/10","2,727.63"
"2024/05/13","2,727.21"
"2024/05/14","2,730.34"
"2024/05/16","2,753.00"
"2024/05/17","2,724.62"
"2024/05/20","2,742.14"
"2024/05/21","2,724.18"
"2024/05/22","2,723.46"
"2024/05/23","2,721.81"
"2024/05/24","2,687.60"
"2024/05/27","2,722.99"
"2024/05/28","2,722.85"
"2024/05/29","2,677.30"
"2024/05/30","2,635.44"
"2024/05/31","2,636.52"
"2024/06/03","2,682.52"
"2024/06/04","2,662.10"
"2024/06/05","2,689.50"
"2024/06/07","2,722.67"
"2024/06/10","2,701.17"
"2024/06/11","2,705.32"
"2024/06/12","2,728.17"
"2024/06/13","2,754.89"
"2024/06/14","2,758.42"
"2024/06/17","2,744.10"
"2024/06/18","2,763.92"
"2024/06/19","2,797.33"
"2024/06/20","2,807.63"
"2024/06/21","2,784.26"
"2024/06/24","2,764.73"
"2024/06/25","2,774.39"
"2024/06/26","2,792.05"
"2024/06/27","2,784.06"
"2024/06/28","2,797.82"
"2024/07/01","2,804.31"
"2024/07/02","2,780.86"
"2024/07/03","2,794.01"
"2024/07/04","2,824.94"
"2024/07/05","2,862.23"
"2024/07/08","2,857.76"
"2024/07/09","2,867.38"
"2024/07/10","2,867.99"
"2024/07/11","2,891.35"
"2024/07/12","2,857.00"
"2024/07/15","2,860.92"
"2024/07/16","2,866.09"
"2024/07/17","2,843.29"
"2024/07/18","2,824.35"
"2024/07/19","2,795.46"
"2024/07/22","2,763.51"
"2024/07/23","2,774.29"
"2024/07/24","2,758.71"
"2024/07/25","2,710.65"
"2024/07/26","2,731.90"
"2024/07/29","2,765.53"
"2024/07/30","2,738.19"
"2024/07/31","2,770.69"
"2024/08/01","2,777.68"
"2024/08/02","2,676.19"
"2024/08/05","2,441.55"
"2024/08/06","2,522.15"
"2024/08/07","2,568.41"
"2024/08/08","2,556.73"
"2024/08/09","2,588.43"
"2024/08/12","2,618.30"
"2024/08/13","2,621.50"
"2024/08/14","2,644.50"
"2024/08/16","2,697.23"
"2024/08/19","2,674.36"
"2024/08/20","2,696.63"
"2024/08/21","2,701.13"
"2024/08/22","2,707.67"
"2024/08/23","2,701.69"
"2024/08/26","2,698.01"
"2024/08/27","2,689.25"
"2024/08/28","2,689.83"
"2024/08/29","2,662.28"
"2024/08/30","2,674.31"
"2024/09/02","2,681.00"
"2024/09/03","2,664.63"
"2024/09/04","2,580.80"
"2024/09/05","2,575.50"
"2024/09/06","2,544.28"
"2024/09/09","2,535.93"
"2024/09/10","2,523.43"
"2024/09/11","2,513.37"
"2024/09/12","2,572.09"
"2024/09/13","2,575.41"
"2024/09/19","2,580.80"
"2024/09/20","2,593.37"
"2024/09/23","2,602.01"
"2024/09/24","2,631.68"
"2024/09/25","2,596.32"
"2024/09/26","2,671.57"
"2024/09/27","2,649.78"
"2024/09/30","2,593.27"
"2024/10/02","2,561.69"
"2024/10/04","2,569.71"
"2024/10/07","2,610.38"
"2024/10/08","2,594.36"
"2024/10/10","2,599.16"
"2024/10/11","2,596.91"
"2024/10/14","2,623.29"
"2024/10/15","2,633.45"
"2024/10/16","2,610.36"
"2024/10/17","2,609.30"
"2024/10/18","2,593.82"
"2024/10/21","2,604.92"
"2024/10/22","2,570.70"
"2024/10/23","2,599.62"
"2024/10/24","2,581.03"
"2024/10/25","2,583.27"
"2024/10/28","2,612.43"
"2024/10/29","2,617.80"
"2024/10/30","2,593.79"
"2024/10/31","2,556.15"
"2024/11/01","2,542.36"
"2024/11/04","2,588.97"
"2024/11/05","2,576.88"
"2024/11/06","2,563.51"
"2024/11/07","2,564.63"
"2024/11/08","2,561.15"
"2024/11/11","2,531.66"
"2024/11/12","2,482.57"
"2024/11/13","2,417.08"
"2024/11/14","2,418.86"
"2024/11/15","2,416.86"
"2024/11/18","2,469.07"
"2024/11/19","2,471.95"
"2024/11/20","2,482.29"
"2024/11/21","2,480.63"
"2024/11/22","2,501.24"
"2024/11/25","2,534.34"
"2024/11/26","2,520.36"
"2024/11/27","2,503.06"
"2024/11/28","2,504.67"
"2024/11/29","2,455.91"
"2024/12/02","2,454.48"
"2024/12/03","2,500.10"
"2024/12/04","2,464.00"
"2024/12/05","2,441.85"
"2024/12/06","2,428.16"
"2024/12/09","2,360.58"
"2024/12/10","2,417.84"
"2024/12/11","2,442.51"
"2024/12/12","2,482.12"
"2024/12/13","2,494.46"
"2024/12/16","2,488.97"
"2024/12/17","2,456.81"
"2024/12/18","2,484.43"
"2024/12/19","2,435.93"
"2024/12/20","2,404.15"
"2024/12/23","2,442.01"
"2024/12/24","2,440.52"
"2024/12/26","2,429.67"
"2024/12/27","2,404.77"
"2024/12/30","2,399.49"
"2024/12/31",""
"2025/01/02","2,398.94"
"2025/01/03","2,441.92"
"2025/01/06","2,488.64"
"2025/01/07","2,492.10"
"2025/01/08","2,521.05"
"2025/01/09","2,521.90"
"2025/01/10","2,515.78"
"2025/01/13","2,489.56"
"2025/01/14","2,497.40"
"2025/01/15","2,496.81"
"2025/01/16","2,527.49"
"2025/01/17","2,523.55"
"2025/01/20","2,520.05"
"2025/01/21","2,518.03"
"2025/01/22","2,547.06"
"2025/01/23","2,515.49"
"2025/01/24","2,536.80"
"2025/01/31","2,517.37"
"2025/02/03","2,453.95"
"2025/02/04","2,481.69"
"2025/02/05","2,509.27"
"2025/02/06","2,536.75"
"2025/02/07","2,521.92"
"2025/02/10","2,521.27"
"2025/02/11","2,539.05"
"2025/02/12","2,548.39"
"2025/02/13","2,583.17"
"2025/02/14","2,591.05"
"2025/02/17","2,610.42"
"2025/02/18","2,626.81"
"2025/02/19","2,671.52"
"2025/02/20","2,654.06"
"2025/02/21","2,654.58"
"2025/02/24","2,645.27"
"2025/02/25","2,630.29"
"2025/02/26","2,641.09"
"2025/02/27","2,621.75"
"2025/02/28","2,532.78"
"2025/03/04","2,528.92"
"2025/03/05","2,558.13"
"2025/03/06","2,576.16"
"2025/03/07","2,563.48"
"2025/03/10","2,570.39"
"2025/03/11","2,537.60"
"2025/03/12","2,574.82"
"2025/03/13","2,573.64"
"2025/03/14","2,566.36"
"2025/03/17","2,610.69"
"2025/03/18","2,612.34"
"2025/03/19","2,628.62"
"2025/03/20","2,637.10"
"2025/03/21","2,643.13"
"2025/03/24","2,632.07"
"2025/03/25","2,615.81"
"2025/03/26","2,643.94"
"2025/03/27","2,607.15"
"2025/03/28","2,557.98"
"2025/03/31","2,481.12"
"2025/04/01","2,521.39"
"2025/04/02","2,505.86"
"2025/04/03","2,486.70"
"2025/04/04","2,465.42"
"2025/04/07","2,328.20"
"2025/04/08","2,334.23"
"2025/04/09","2,293.70"
"2025/04/10","2,445.06"
"2025/04/11","2,432.72"
"2025/04/14","2,455.89"
"2025/04/15","2,477.41"
"2025/04/16","2,447.43"
"2025/04/17","2,470.41"
"2025/04/18","2,483.42"
"2025/04/21","2,488.42"
"2025/04/22","2,486.64"
"2025/04/23","2,525.56"
"2025/04/24","2,522.33"
"2025/04/25","2,546.30"
"2025/04/28","2,548.86"
"2025/04/29","2,565.42"
"2025/04/30","2,556.61"
"2025/05/02","2,559.79"
"2025/05/07","2,573.80"
"2025/05/08","2,579.48"
"2025/05/09","2,577.27"
"2025/05/12","2,607.33"
"2025/05/13","2,608.42"
"2025/05/14","2,640.57"
"2025/05/15","2,621.36"
"2025/05/16","2,626.87"
"2025/05/19","2,603.42"
"2025/05/20","2,601.80"
"2025/05/21","2,625.58"
"2025/05/22","2,593.67"
"2025/05/23","2,592.09"
"2025/05/26","2,644.40"
"2025/05/27","2,637.22"
"2025/05/28","2,670.15"
"2025/05/29","2,720.64"
"2025/05/30","2,697.67"
"2025/06/02","2,698.97"
"2025/06/04","2,770.84"
"2025/06/05","2,812.05"
"2025/06/09","2,855.77"
"2025/06/10","2,871.85"
"2025/06/11","2,907.04"
"2025/06/12","2,920.03"
"2025/06/13","2,894.62"
"2025/06/16","2,946.66"
"2025/06/17","2,950.30"
"2025/06/18","2,972.19"
"2025/06/19","2,977.74"
"2025/06/20","3,021.84"
"2025/06/23","3,014.47"
"2025/06/24","3,103.64"
"2025/06/25","3,108.25"
"2025/06/26","3,079.56"
"2025/06/27","3,055.94"
"2025/06/30","3,071.70"
"2025/07/01","3,089.65"
"2025/07/02","3,075.06"
"2025/07/03","3,116.27"
"2025/07/04","3,054.28"
"2025/07/07","3,059.47"
"2025/07/08","3,114.95"
"2025/07/09","3,133.74"
"2025/07/10","3,183.23"
"2025/07/11","3,175.77"
"2025/07/14","3,202.03"
"2025/07/15","3,215.28"
"2025/07/16","3,186.38"
"2025/07/17","3,192.29"
"2025/07/18","3,188.07"
"2025/07/21","3,210.81"
"2025/07/22","3,169.94"
"2025/07/23","3,183.77"
"2025/07/24","3,190.45"
"2025/07/25","3,196.05"
"2025/07/28","3,209.52"
"2025/07/29","3,230.57"
"2025/07/30","3,254.47"
"2025/07/31","3,245.44"
"2025/08/01","3,119.41"
"2025/08/04","3,147.75"
"2025/08/05","3,198.00"
"2025/08/06","3,198.14"
"2025/08/07","3,227.68"
"2025/08/08","3,210.01"
"2025/08/11","3,206.77"
"2025/08/12","3,189.91"
"2025/08/13","3,224.37"
"2025/08/14","3,225.66"
"2025/08/18","3,177.28"
"2025/08/19","3,151.56"
"2025/08/20","3,130.09"
"2025/08/21","3,141.74"
"2025/08/22","3,168.73"
"2025/08/25","3,209.86"
"2025/08/26","3,179.36"
"2025/08/27","3,187.16"
"2025/08/28","3,196.32"
"2025/08/29","3,186.01"
"2025/09/01","3,142.93"
"2025/09/02","3,172.35"
"2025/09/03","3,184.42"
"2025/09/04","3,200.83"
"2025/09/05","3,205.12"
"2025/09/08","3,219.59"
"2025/09/09","3,260.05"
"2025/09/10","3,314.53"
"2025/09/11","3,344.20"
"2025/09/12","3,395.54"
"2025/09/15","3,407.31"
"2025/09/16","3,449.62"
"2025/09/17","3,413.40"
"2025/09/18","3,461.30"
"2025/09/19","3,445.24"
"2025/09/22","3,468.65"
"2025/09/23","3,486.19"
"2025/09/24","3,472.14"
"2025/09/25","3,471.11"
"2025/09/26","3,386.05"
"2025/09/29","3,431.21"
"2025/09/30","3,424.60"
"2025/10/01","3,455.83"
"2025/10/02","3,549.21"
"2025/10/10","3,610.60"
"2025/10/13","3,584.55"
"2025/10/14","3,561.81"
"2025/10/15","3,657.28"
"2025/10/16","3,748.37"
"2025/10/17","3,748.89"
"2025/10/20","3,814.69"
"2025/10/21","3,823.84"
"2025/10/22","3,883.68"
"2025/10/23","3,845.56"
"2025/10/24","3,941.59"
"2025/10/27","4,042.83"
"2025/10/28","4,010.41"
"2025/10/29","4,081.15"
"2025/10/30","4,086.89"
"2025/10/31","4,107.50"
"2025/11/03","4,221.87"
"2025/11/04","4,121.74"
"2025/11/05","4,004.42"
"2025/11/06","4,026.45"
"2025/11/07","3,953.76"
"2025/11/10","4,073.24"
"2025/11/11","4,106.39"
"2025/11/12","4,150.39"
"2025/11/13","4,170.63"
"2025/11/14","4,011.57"
"2025/11/17","4,089.25"
"2025/11/18","3,953.62"
"2025/11/19","3,929.51"
"2025/11/20","4,004.85"
"2025/11/21","3,853.26"
"2025/11/24","3,846.06"
"2025/11/25","3,857.78"
"2025/11/26","3,960.87"
"2025/11/27","3,986.91"
"2025/11/28","3,926.59"
"2025/12/01","3,920.37"
"2025/12/02","3,994.93"
"2025/12/03","4,036.30"
"2025/12/04","4,028.51"
"2025/12/05","4,100.05"
"2025/12/08","4,154.85"
"2025/12/09","4,143.55"
"2025/12/10","4,135.00"
"2025/12/11","4,110.62"
"2025/12/12","4,167.16"
"2025/12/15","4,090.59"
"2025/12/16","3,999.13"
"2025/12/17","4,056.41"
"2025/12/18","3,994.51"
"2025/12/19","4,020.55"
"2025/12/22","4,105.93"
"2025/12/23","4,117.32"
"2025/12/24","4,108.62"
"2025/12/26","4,129.68"
"2025/12/29","4,220.56"
"2025/12/30","4,214.17"
"2025/12/31",""